Читання,Книга,# зач.,abc,Присвята,Примітка,Дата (мінея),Період,Тиждень від,"Тиждень
до ВП",День тижня,Обч. день тижня,Обч. період,Обч. тиждень,empty?
"Ів. 1 зач.; 1, 1-17.",Ів.,1,,В святу й велику неділю Пасхи на Літургії,,,lent,7,,7,,pascha,,FALSE
"Ів. 2 зач.; 1, 18-28.",Ів.,2,,Понеділок світлого тижня,,,pascha,1,,1,1,,,FALSE
"Ів. 3 зач.; 1, 29-34.",Ів.,3,,Другого дня Богоявлення на Літургії,,*,,,,,,,,FALSE
"Ів. 4 зач.; 1, 35-51.",Ів.,4,,Середа світлого тижня. Це і апостолові Андрієві,,*,pascha,1,,3,3,,,FALSE
"Ів. 5 зач.; 1, 43-51.",Ів.,5,,Неділя 1-ша посту. Це ж і святому апостолові Филипові,,*,lent,1,,7,7,lent,1,FALSE
"Ів. 6 зач.; 2, 1-11.",Ів.,6,,Понеділок 2-го тижня,,,pascha,2,,1,1,,2,FALSE
"Ів. 7 зач.; 2, 12-22.",Ів.,7,,П'ятниця світлого тижня,,,pascha,1,,5,5,,,FALSE
"Ів. 8 зач.; 3, 1-15.",Ів.,8,,Четвер світлого тижня,,,pascha,1,,4,4,,,FALSE
"Ів. 9 зач.; 3, 13-17.",Ів.,9,,Неділя перед Воздвиженням,,*,,,,7,7,,,FALSE
"Ів. 10 зач.; 3, 16-21.",Ів.,10,,Вівторок 2-го тижня,,,pascha,2,,2,2,,2,FALSE
"Ів. 11 зач.; 3, 22-33.",Ів.,11,,Субота світлого тижня,,,pascha,1,,6,6,,,FALSE
"Ів. 12 зач.; 4, 5-42.",Ів.,12,,"Неділя 5-та після Пасхи, про самарянку",,,pascha,5,,7,7,pascha,5,FALSE
"Ів. 13 зач.; 4, 46-54.",Ів.,13,,Понеділок 3-го тижня,,,pascha,3,,1,1,,3,FALSE
"Ів. 14 зач.; 5, 1-15.",Ів.,14,a,"Неділя 4-та, про розслабленого",,,pascha,4,,7,7,,4,FALSE
"Ів. 14 зач.; 5, 1-4.",Ів.,14,b,На освячення води,,*,,,,,,,,FALSE
"Ів. 15 зач.; 5, 17-24.",Ів.,15,,Середа 2-го тижня. Це ж і мертвим в понеділок,,*,pascha,2,,3,3,,2,FALSE
"Ів. 16 зач.; 5, 24-30.",Ів.,16,,Четвер 2-го тижня. Це ж і мертвим у вівторок і в суботу.,,*,pascha,2,,4,4,,2,FALSE
"Ів. 17 зач.; 5, 30 – 6, 2.",Ів.,17,,П'ятниця 2-го тижня,,,pascha,2,,5,5,,2,FALSE
"Ів. 18 зач.; 6, 5-14.",Ів.,18,,Середа 5-го тижня,,,pascha,5,,3,3,,5,FALSE
"Ів. 19 зач.; 6, 14-27.",Ів.,19,,Субота 2-га після Пасхи,,,pascha,2,,6,6,pascha,2,FALSE
"Ів. 20 зач.; 6, 27-33.",Ів.,20,,Вівторок 3-го тижня,,,pascha,3,,2,2,,3,FALSE
"Ів. 21 зач.; 6, 35-39.",Ів.,21,,Середа 3-го тижня. Це і мертвим у середу,,*,pascha,3,,3,3,,3,FALSE
"Ів. 22 зач.; 6, 40-44.",Ів.,22,,Четвер 3-го тижня,,,pascha,3,,4,4,,3,FALSE
"Ів. 23 зач.; 6, 48-54.",Ів.,23,,П'ятниця 3-го тижня,,,pascha,3,,5,5,,3,FALSE
"Ів. 24 зач.; 6, 56-69.",Ів.,24,,Понеділок 4-го тижня,,,pascha,4,,1,1,,4,FALSE
"Ів. 25 зач.; 7, 1-13.",Ів.,25,,Вівторок 4-го тижня,,,pascha,4,,2,2,,4,FALSE
"Ів. 26 зач.; 7, 14-30.",Ів.,26,,Середа 4-го тижня,,,pascha,4,,3,3,,4,FALSE
"Ів. 27 зач.; 7, 37-52; 8, 12.",Ів.,27,,"Неділя 8-ма, П'ятидесятниця",,liturgy,pascha,7,,7,7,,8,FALSE
"Ів. 28 зач.; 8, 3-11.",Ів.,28,,Святим жінкам,,*,pascha,,,,,,,FALSE
"Ів. 29 зач.; 8, 12-20.",Ів.,29,,Четвер 4-го тижня,,,pascha,4,,4,4,,4,FALSE
"Ів. 30 зач.; 8, 21-30.",Ів.,30,,П'ятниця 4-го тижня. Це ж і в суботу після Воздвиження,,,pascha,4,,5,5,,4,FALSE
"Ів. 31 зач.; 8, 31-42.",Ів.,31,,Субота 4-го тижня,,,pascha,4,,6,6,,4,FALSE
"Ів. 32 зач.; 8, 42-51.",Ів.,32,,Понеділок 5-го тижня,,,pascha,5,,1,1,,5,FALSE
"Ів. 33 зач.; 8, 51-59.",Ів.,33,,Вівторок 5-го тижня,,,pascha,5,,2,2,,5,FALSE
"Ів. 34 зач.; 9, 1-38.",Ів.,34,,"Неділя 5-та, про сліпородженого",,,pascha,5,,7,7,,5,FALSE
"Ів. 35 зач.; 9, 39 – 10, 9.",Ів.,35,a,Четвер 5-го тижня,,,pascha,5,,4,4,,5,FALSE
"Ів. 35 зач.; 10, 1-9.",Ів.,35,b,Святителям на Утрені,,*,,,,,,,,FALSE
"Ів. 36 зач.; 10, 9-16.",Ів.,36,,Святителям на Літургії,,*,,,,,,,,FALSE
"Ів. 37 зач.; 10, 17-28.",Ів.,37,a,П'ятниця 5-го тижня,,*,,,,,,,,FALSE
"Ів. 37 зач.; 10, 22-28.",Ів.,37,b,На посвячення церкви,На посвячення церкви,,pascha,5,,5,5,,5,FALSE
"Ів. 38 зач.; 10, 27-38.",Ів.,38,,Субота 5-го тижня,Вже є субота 5-го тижня з іншого Єв.,,pascha,5,,6,6,,5,FALSE
"Ів. 39 зач.; 11, 1-45.",Ів.,39,,Лазарева субота,,,lent,6,,6,,,,FALSE
"Ів. 40 зач.; 11, 47-57.",Ів.,40,,Понеділок 6-го тижня,,,pascha,6,,1,1,,6,FALSE
"Ів. 41 зач.; 12, 1-18.",Ів.,41,a,В квітну неділю на Літургії,,,lent,6,,7,,,,FALSE
"Ів. 41 зач.; 12, 17-50.",Ів.,41,b,В святу й велику середу на Утрені,,*,,,,,,,,FALSE
"Ів. 42 зач.; 12, 19-36.",Ів.,42,a,Вівторок 6-го тижня,,,pascha,6,,2,2,,6,FALSE
"Ів. 42 зач.; 12, 28-36.",Ів.,42,b,"На Воздвиження Хреста, на Утрені",,*,,,,,,,,FALSE
"Ів. 43 зач.; 12, 36-47.",Ів.,43,,Середа 6-го тижня,,,pascha,6,,3,3,,6,FALSE
"Ів. 44 зач.; 13, 1-11.",Ів.,44,,"У великий четвер, Євангеліє 1-ше на умивання ніг",,*,,,,,,,1,FALSE
"Ів. 45 зач.; 13, 12-17.",Ів.,45,,"Євангеліє 2-ге, після умивання ніг",,*,,2,,,,,2,FALSE
"Ів. 46 зач.; 13, 31 - 18, 1.",Ів.,46,,Євангеліє 1-ше святих страстей,,*,,1,,,,,1,FALSE
"Ів. 47 зач.; 14, 1-11.",Ів.,47,,П'ятниця 6-го тижня,,,pascha,6,,5,5,,6,FALSE
"Ів. 48 зач.; 14, 10-21.",Ів.,48,a,Субота 6-го тижня,,,pascha,6,,6,6,,6,FALSE
"Ів. 48 зач.; 14, 21-24",Ів.,48,b,Святому апостолі Юді,,*,,,,,,,,FALSE
"Ів. 49 зач.; 14, 27 – 15, 7.",Ів.,49,,Понеділок 7-го тижня,"Мт 56, теж пн 7-го тижня",,pascha,7,,1,1,,7,FALSE
"Ів. 50 зач.; 15, 1-7.",Ів.,50,,"2-го вересня, Мамантові",,*,,2,,,,,2,FALSE
"Ів. 51 зач.; 15, 9-16.",Ів.,51,,"11 травня, Мокієві",,*,,11,,,,,11,FALSE
"Ів. 52 зач.; 15, 17 – 16, 2.",Ів.,52,,Субота 3-го тижня. Це ж і мученикам.,,*,pentecost,30,,6,6,,3,FALSE
"Ів. 53 зач.; 16, 2-13.",Ів.,53,,Вівторок 7-го тижня.,Див Мт. 57,,pascha,7,,2,2,,7,FALSE
"Ів. 54 зач.; 16, 15-23.",Ів.,54,,Середа 7-го тижня,,,pascha,7,,3,3,,7,FALSE
"Ів. 55 зач.; 16, 23-33.",Ів.,55,,Четвер 7-го тижня,,,pascha,7,,4,4,,7,FALSE
"Ів. 56 зач.; 17, 1-13.",Ів.,56,,"Неділя 7-ма, святих отців, що в Нікеї",,,pascha,7,,7,7,,7,FALSE
"Ів. 57 зач.; 17, 18-26.",Ів.,57,,П'ятниця 7-го тижня,,,pascha,7,,5,5,,7,FALSE
"Ів. 58 зач.; 18, 1-28.",Ів.,58,,Євангеліє 2-ге святих страстей,,*,,2,,,,,2,FALSE
"Ів. 59 зач.; 18, 28 - 19, 16.",Ів.,59,,"Євангеліє 4-те святих страстей. Це і на 9-му Часі у Велику П'ятницю, не переступаючи",,*,,4,,,,,4,FALSE
"Ів. 60 зач.; 19, 6-11; 13-20; 25-28; 30-35.",Ів.,60,,"14 вересня, на Воздвиження Чесного Хреста на Літургії",,*,,14,,,,,14,FALSE
"Ів. 61 зач.; 19, 25-37.",Ів.,61,a,Євангеліє 9-те святих страстей. ,,*,,9,,,,,9,FALSE
"Ів. 61 зач.; 19, 25-27; 21, 24-25.",Ів.,61,b,"26 вересня, і 8 травня, Іванові Богословові на Літургії",,*,,26,,,,,26,FALSE
"Ів. 61 зач.; 19, 25-27.",Ів.,61,c,Сострадання Пресв. Богородиці,,*,,26,,,,,,FALSE
"Ів. 62 зач.; 19, 38-42.",Ів.,62,,Євангеліє 11-те святих страстей.,,*,,11,,,,,11,FALSE
"Ів. 63 зач.; 20, 1-10.",Ів.,63,,"Євангеліє воскресне 7-ме, Неділя 7-ма по 50-ці на Утрені",,*,,7,,,,pentecost,7,FALSE
"Ів. 64 зач.; 20, 11-18.",Ів.,64,,Євангеліє воскресне 8-ме,,*,,8,,,,,8,FALSE
"Ів. 65 зач.; 20, 19-23.",Ів.,65,b,На Утрені в неділю 8-му після Великодня.,,,pascha,7,,7,,,8,FALSE
"Ів. 65 зач.; 20, 19-25.",Ів.,65,c,В світлу неділю ввечері.,,*,,,,,,,,FALSE
"Ів. 65 зач.; 20, 19-31.",Ів.,65,a,Євангеліє воскресне 9-те. Святому апостолові Томі. В неділю антипасхи.,,*,pascha,7,,7,,,9,FALSE
"Ів. 66 зач.; 21, 1-14.",Ів.,66,,Євангеліє воскресне 10-те,,*,,10,,,,,10,FALSE
"Ів. 67 зач.; 21, 15-25.",Ів.,67,,"Євангеліє воскресне 11-те, і в суботу 7-му на Літургії, на празник Богослова на Утрені, і 17 січня.",17 січня???,*,pascha,7,,6,,,11,FALSE
"Йо. 1 зач.; 1, 1-17.",Йо.,1,,В святу й велику неділю Пасхи на Літургії,,,lent,7,,7,,pascha,,FALSE
"Йо. 2 зач.; 1, 18-28.",Йо.,2,,Понеділок світлого тижня,,,pascha,1,,1,1,,,FALSE
"Йо. 3 зач.; 1, 29-34.",Йо.,3,,Другого дня Богоявлення на Літургії,,*,,,,,,,,FALSE
"Йо. 4 зач.; 1, 35-51.",Йо.,4,,Середа світлого тижня. Це і апостолові Андрієві,,*,pascha,1,,3,3,,,FALSE
"Йо. 5 зач.; 1, 43-51.",Йо.,5,,Неділя 1-ша посту. Це ж і святому апостолові Филипові,,*,lent,1,,7,7,lent,1,FALSE
"Йо. 6 зач.; 2, 1-11.",Йо.,6,,Понеділок 2-го тижня,,,pascha,2,,1,1,,2,FALSE
"Йо. 7 зач.; 2, 12-22.",Йо.,7,,П'ятниця світлого тижня,,,pascha,1,,5,5,,,FALSE
"Йо. 8 зач.; 3, 1-15.",Йо.,8,,Четвер світлого тижня,,,pascha,1,,4,4,,,FALSE
"Йо. 9 зач.; 3, 13-17.",Йо.,9,,Неділя перед Воздвиженням,,*,,,,7,7,,,FALSE
"Йо. 10 зач.; 3, 16-21.",Йо.,10,,Вівторок 2-го тижня,,,pascha,2,,2,2,,2,FALSE
"Йо. 11 зач.; 3, 22-33.",Йо.,11,,Субота світлого тижня,,,pascha,1,,6,6,,,FALSE
"Йо. 12 зач.; 4, 5-42.",Йо.,12,,"Неділя 5-та після Пасхи, про самарянку",,,pascha,5,,7,7,pascha,5,FALSE
"Йо. 13 зач.; 4, 46-54.",Йо.,13,,Понеділок 3-го тижня,,,pascha,3,,1,1,,3,FALSE
"Йо. 14 зач.; 5, 1-15.",Йо.,14,a,"Неділя 4-та, про розслабленого",,,pascha,4,,7,7,,4,FALSE
"Йо. 14 зач.; 5, 1-4.",Йо.,14,b,На освячення води,,*,,,,,,,,FALSE
"Йо. 15 зач.; 5, 17-24.",Йо.,15,,Середа 2-го тижня. Це ж і мертвим в понеділок,,*,pascha,2,,3,3,,2,FALSE
"Йо. 16 зач.; 5, 24-30.",Йо.,16,,Четвер 2-го тижня. Це ж і мертвим у вівторок і в суботу.,,*,pascha,2,,4,4,,2,FALSE
"Йо. 17 зач.; 5, 30 – 6, 2.",Йо.,17,,П'ятниця 2-го тижня,,,pascha,2,,5,5,,2,FALSE
"Йо. 18 зач.; 6, 5-14.",Йо.,18,,Середа 5-го тижня,,,pascha,5,,3,3,,5,FALSE
"Йо. 19 зач.; 6, 14-27.",Йо.,19,,Субота 2-га після Пасхи,,,pascha,2,,6,6,pascha,2,FALSE
"Йо. 20 зач.; 6, 27-33.",Йо.,20,,Вівторок 3-го тижня,,,pascha,3,,2,2,,3,FALSE
"Йо. 21 зач.; 6, 35-39.",Йо.,21,,Середа 3-го тижня. Це і мертвим у середу,,*,pascha,3,,3,3,,3,FALSE
"Йо. 22 зач.; 6, 40-44.",Йо.,22,,Четвер 3-го тижня,,,pascha,3,,4,4,,3,FALSE
"Йо. 23 зач.; 6, 48-54.",Йо.,23,,П'ятниця 3-го тижня,,,pascha,3,,5,5,,3,FALSE
"Йо. 24 зач.; 6, 56-69.",Йо.,24,,Понеділок 4-го тижня,,,pascha,4,,1,1,,4,FALSE
"Йо. 25 зач.; 7, 1-13.",Йо.,25,,Вівторок 4-го тижня,,,pascha,4,,2,2,,4,FALSE
"Йо. 26 зач.; 7, 14-30.",Йо.,26,,Середа 4-го тижня,,,pascha,4,,3,3,,4,FALSE
"Йо. 27 зач.; 7, 37-52; 8, 12.",Йо.,27,,"Неділя 8-ма, П'ятидесятниця",,liturgy,pascha,7,,7,7,,8,FALSE
"Йо. 28 зач.; 8, 3-11.",Йо.,28,,Святим жінкам,,*,pascha,,,,,,,FALSE
"Йо. 29 зач.; 8, 12-20.",Йо.,29,,Четвер 4-го тижня,,,pascha,4,,4,4,,4,FALSE
"Йо. 30 зач.; 8, 21-30.",Йо.,30,,П'ятниця 4-го тижня. Це ж і в суботу після Воздвиження,,,pascha,4,,5,5,,4,FALSE
"Йо. 31 зач.; 8, 31-42.",Йо.,31,,Субота 4-го тижня,,,pascha,4,,6,6,,4,FALSE
"Йо. 32 зач.; 8, 42-51.",Йо.,32,,Понеділок 5-го тижня,,,pascha,5,,1,1,,5,FALSE
"Йо. 33 зач.; 8, 51-59.",Йо.,33,,Вівторок 5-го тижня,,,pascha,5,,2,2,,5,FALSE
"Йо. 34 зач.; 9, 1-38.",Йо.,34,,"Неділя 5-та, про сліпородженого",,,pascha,5,,7,7,,5,FALSE
"Йо. 35 зач.; 9, 39 – 10, 9.",Йо.,35,a,Четвер 5-го тижня,,,pascha,5,,4,4,,5,FALSE
"Йо. 35 зач.; 10, 1-9.",Йо.,35,b,Святителям на Утрені,,*,,,,,,,,FALSE
"Йо. 36 зач.; 10, 9-16.",Йо.,36,,Святителям на Літургії,,*,,,,,,,,FALSE
"Йо. 37 зач.; 10, 17-28.",Йо.,37,a,П'ятниця 5-го тижня,,*,,,,,,,,FALSE
"Йо. 37 зач.; 10, 22-28.",Йо.,37,b,На посвячення церкви,На посвячення церкви,,pascha,5,,5,5,,5,FALSE
"Йо. 38 зач.; 10, 27-38.",Йо.,38,,Субота 5-го тижня,Вже є субота 5-го тижня з іншого Єв.,,pascha,5,,6,6,,5,FALSE
"Йо. 39 зач.; 11, 1-45.",Йо.,39,,Лазарева субота,,,lent,6,,6,,,,FALSE
"Йо. 40 зач.; 11, 47-57.",Йо.,40,,Понеділок 6-го тижня,,,pascha,6,,1,1,,6,FALSE
"Йо. 41 зач.; 12, 1-18.",Йо.,41,a,В квітну неділю на Літургії,,,lent,6,,7,,,,FALSE
"Йо. 41 зач.; 12, 17-50.",Йо.,41,b,В святу й велику середу на Утрені,,*,,,,,,,,FALSE
"Йо. 42 зач.; 12, 19-36.",Йо.,42,a,Вівторок 6-го тижня,,,pascha,6,,2,2,,6,FALSE
"Йо. 42 зач.; 12, 28-36.",Йо.,42,b,"На Воздвиження Хреста, на Утрені",,*,,,,,,,,FALSE
"Йо. 43 зач.; 12, 36-47.",Йо.,43,,Середа 6-го тижня,,,pascha,6,,3,3,,6,FALSE
"Йо. 44 зач.; 13, 1-11.",Йо.,44,,"У великий четвер, Євангеліє 1-ше на умивання ніг",,*,,,,,,,1,FALSE
"Йо. 45 зач.; 13, 12-17.",Йо.,45,,"Євангеліє 2-ге, після умивання ніг",,*,,2,,,,,2,FALSE
"Йо. 46 зач.; 13, 31 - 18, 1.",Йо.,46,,Євангеліє 1-ше святих страстей,,*,,1,,,,,1,FALSE
"Йо. 47 зач.; 14, 1-11.",Йо.,47,,П'ятниця 6-го тижня,,,pascha,6,,5,5,,6,FALSE
"Йо. 48 зач.; 14, 10-21.",Йо.,48,a,Субота 6-го тижня,,,pascha,6,,6,6,,6,FALSE
"Йо. 48 зач.; 14, 21-24",Йо.,48,b,Святому апостолі Юді,,*,,,,,,,,FALSE
"Йо. 49 зач.; 14, 27 – 15, 7.",Йо.,49,,Понеділок 7-го тижня,"Мт 56, теж пн 7-го тижня",,pascha,7,,1,1,,7,FALSE
"Йо. 50 зач.; 15, 1-7.",Йо.,50,,"2-го вересня, Мамантові",,*,,2,,,,,2,FALSE
"Йо. 51 зач.; 15, 9-16.",Йо.,51,,"11 травня, Мокієві",,*,,11,,,,,11,FALSE
"Йо. 52 зач.; 15, 17 – 16, 2.",Йо.,52,,Субота 3-го тижня. Це ж і мученикам.,,*,pentecost,30,,6,6,,3,FALSE
"Йо. 53 зач.; 16, 2-13.",Йо.,53,,Вівторок 7-го тижня.,Див Мт. 57,,pascha,7,,2,2,,7,FALSE
"Йо. 54 зач.; 16, 15-23.",Йо.,54,,Середа 7-го тижня,,,pascha,7,,3,3,,7,FALSE
"Йо. 55 зач.; 16, 23-33.",Йо.,55,,Четвер 7-го тижня,,,pascha,7,,4,4,,7,FALSE
"Йо. 56 зач.; 17, 1-13.",Йо.,56,,"Неділя 7-ма, святих отців, що в Нікеї",,,pascha,7,,7,7,,7,FALSE
"Йо. 57 зач.; 17, 18-26.",Йо.,57,,П'ятниця 7-го тижня,,,pascha,7,,5,5,,7,FALSE
"Йо. 58 зач.; 18, 1-28.",Йо.,58,,Євангеліє 2-ге святих страстей,,*,,2,,,,,2,FALSE
"Йо. 59 зач.; 18, 28 - 19, 16.",Йо.,59,,"Євангеліє 4-те святих страстей. Це і на 9-му Часі у Велику П'ятницю, не переступаючи",,*,,4,,,,,4,FALSE
"Йо. 60 зач.; 19, 6-11; 13-20; 25-28; 30-35.",Йо.,60,,"14 вересня, на Воздвиження Чесного Хреста на Літургії",,*,,14,,,,,14,FALSE
"Йо. 61 зач.; 19, 25-37.",Йо.,61,a,Євангеліє 9-те святих страстей. ,,*,,9,,,,,9,FALSE
"Йо. 61 зач.; 19, 25-27; 21, 24-25.",Йо.,61,b,"26 вересня, і 8 травня, Іванові Богословові на Літургії",,*,,26,,,,,26,FALSE
"Йо. 61 зач.; 19, 25-27.",Йо.,61,c,Сострадання Пресв. Богородиці,,*,,26,,,,,,FALSE
"Йо. 62 зач.; 19, 38-42.",Йо.,62,,Євангеліє 11-те святих страстей.,,*,,11,,,,,11,FALSE
"Йо. 63 зач.; 20, 1-10.",Йо.,63,,"Євангеліє воскресне 7-ме, Неділя 7-ма по 50-ці на Утрені",,*,,7,,,,pentecost,7,FALSE
"Йо. 64 зач.; 20, 11-18.",Йо.,64,,Євангеліє воскресне 8-ме,,*,,8,,,,,8,FALSE
"Йо. 65 зач.; 20, 19-23.",Йо.,65,b,На Утрені в неділю 8-му після Великодня.,,,pascha,7,,7,,,8,FALSE
"Йо. 65 зач.; 20, 19-25.",Йо.,65,c,В світлу неділю ввечері.,,*,,,,,,,,FALSE
"Йо. 65 зач.; 20, 19-31.",Йо.,65,a,Євангеліє воскресне 9-те. Святому апостолові Томі. В неділю антипасхи.,,*,pascha,7,,7,,,9,FALSE
"Йо. 66 зач.; 21, 1-14.",Йо.,66,,Євангеліє воскресне 10-те,,*,,10,,,,,10,FALSE
"Йо. 67 зач.; 21, 15-25.",Йо.,67,,"Євангеліє воскресне 11-те, і в суботу 7-му на Літургії, на празник Богослова на Утрені, і 17 січня.",17 січня???,*,pascha,7,,6,,,11,FALSE
"Лк. 1 зач.; 1, 1-25; 57-68; 76; 80.",Лк.,1,,"Різдво святого пророк предтечі і Хрестителя Івана, на Літургії",,*,,,,,,,,FALSE
"Лк. 2 зач.; 1, 5-25.",Лк.,2,,"23 вересня, на зачаття Івана Хрестителя",,*,,23,,,,,23,FALSE
"Лк. 3 зач.; 1, 24-38.",Лк.,3,a,"Благовіщення Пресвятої Богородиці, на Літургії",,*,,,,,,,,FALSE
"Лк. 3 зач.; 1, 24-25; 57-68; 76; 80.",Лк.,3,b,"На різдво Івана Предтечі, на Утрені",,*,,,,,,,,FALSE
"Лк. 4 зач.; 1, 39-49; 56.",Лк.,4,,"Благовіщення, на Утрені. Це й на інші свята Пресвятої Богородиці.",,*,,,,,,,,FALSE
"Лк. 5 зач.; 2, 1-20.",Лк.,5,,"В навечір'я Різдва Христового, і на 3-му часі",,*,,3,,,,,3,FALSE
"Лк. 6 зач.; 2, 20-21; 40-52.",Лк.,6,,"Обрізання Господнє, на Літургії",,*,,,,,,,,FALSE
"Лк. 7 зач.; 2, 22-40.",Лк.,7,,"Стрітення Господнє, на Літургії",,*,,,,,,,,FALSE
"Лк. 8 зач.; 2, 25-32.",Лк.,8,a,"Стрітення Господнє, на Утрені",,*,,,,,,,,FALSE
"Лк. 8 зач.; 2, 25-38.",Лк.,8,b,В день пам'яті Симеона богоприїмця,,*,,,,,,,,FALSE
"Лк. 9 зач.; 3, 1-18.",Лк.,9,,Навечір'я Богоявлення,,*,,,,,,,,FALSE
"Лк. 10 зач.; 3, 19-22.",Лк.,10,,Понеділок 18-го тижня,,,pentecost,18,,1,1,,18,FALSE
"Лк. 11 зач.; 3, 23 – 4, 1.",Лк.,11,,Вівторок 18-го тижня,,,pentecost,18,,2,2,,18,FALSE
"Лк. 12 зач.; 4, 1-15.",Лк.,12,,Середа 18-го тижня,,,pentecost,18,,3,3,,18,FALSE
"Лк. 13 зач.; 4, 16-22.",Лк.,13,,"Четвер 18-го тижня. Це й 1 вересня, на Новий рік",,*,pentecost,18,,4,4,,18,FALSE
"Лк. 14 зач.; 4, 22-30.",Лк.,14,,П'ятниця 18-го тижня. Це й пророкові Іллі,,*,pentecost,18,,5,5,,18,FALSE
"Лк. 15 зач.; 4, 31-36.",Лк.,15,,Субота 18-го тижня,,,pentecost,18,,6,6,,18,FALSE
"Лк. 16 зач.; 4, 37-44.",Лк.,16,,Понеділок 19-го тижня,,,pentecost,19,,1,1,,19,FALSE
"Лк. 17 зач.; 5, 1-11.",Лк.,17,,Неділя 18-та,,,pentecost,18,,7,7,,18,FALSE
"Лк. 18 зач.; 5, 12-16.",Лк.,18,,Вівторок 19-го тижня,,,pentecost,19,,2,2,,19,FALSE
"Лк. 19 зач.; 5, 17-26.",Лк.,19,,Субота 19-го тижня,,,pentecost,19,,6,6,,19,FALSE
"Лк. 20 зач.; 5, 27-32.",Лк.,20,,Субота 20-го тижня,,,pentecost,20,,6,6,,20,FALSE
"Лк. 21 зач.; 5, 33-39.",Лк.,21,,Середа 19-го тижня,,,pentecost,19,,3,3,,19,FALSE
"Лк. 22 зач.; 6, 1-10.",Лк.,22,,Субота 21-го тижня,,,pentecost,21,,6,6,,21,FALSE
"Лк. 23 зач.; 6, 12-19.",Лк.,23,,Четвер 19-го тижня,,,pentecost,19,,4,4,,19,FALSE
"Лк. 24 зач.; 6, 17-23.",Лк.,24,,П'ятниця 19-го тижня. Це ж і преподобним,,*,pentecost,19,,5,5,,19,FALSE
"Лк. 25 зач.; 6, 24-30.",Лк.,25,,Понеділок 20-го тижня,,,pentecost,20,,1,1,,20,FALSE
"Лк. 26 зач.; 6, 31-36.",Лк.,26,,Неділя 19-та,,,pentecost,19,,7,7,,19,FALSE
"Лк. 27 зач.; 6, 37-45.",Лк.,27,,Вівторок 20-го тижня,,,pentecost,20,,2,2,,20,FALSE
"Лк. 28 зач.; 6, 46 – 7, 1.",Лк.,28,,Середа 20-го тижня,,,pentecost,20,,3,3,,20,FALSE
"Лк. 29 зач.; 7, 1-10.",Лк.,29,,Субота 22-го тижня,,,pentecost,22,,6,6,,22,FALSE
"Лк. 30 зач.; 7, 11-16.",Лк.,30,,Неділя 20-та,,,pentecost,20,,7,7,,20,FALSE
"Лк. 31 зач.; 7, 17-30.",Лк.,31,,"Четвер 20-го тижня. Це ж і на знайдення голови Івана Предтечі, на Утрені",,*,pentecost,20,,4,4,,20,FALSE
"Лк. 32 зач.; 7, 31-35.",Лк.,32,,П'ятниця 20-го тижня,,,pentecost,20,,5,5,,20,FALSE
"Лк. 33 зач.; 7, 36-50.",Лк.,33,,Понеділок 21-го тижня. Це ж і преподобним жінкам,,*,pentecost,21,,1,1,,21,FALSE
"Лк. 34 зач.; 8, 1-3.",Лк.,34,,Вівторок 21-го тижня,,,pentecost,21,,2,2,,21,FALSE
"Лк. 35 зач.; 8, 5-15.",Лк.,35,,Неділя 21-ша,,,pentecost,21,,7,7,,21,FALSE
"Лк. 36 зач.; 8, 16-21.",Лк.,36,,Субота 23-го тижня. Це і святій Анні,,*,pentecost,23,,6,6,,23,FALSE
"Лк. 37 зач.; 8, 22-25.",Лк.,37,,Середа 21-го тижня,,,pentecost,21,,3,3,,21,FALSE
"Лк. 38 зач.; 8, 26-39.",Лк.,38,,Неділя 23-тя,,,pentecost,23,,7,7,,23,FALSE
"Лк. 39 зач.; 8, 41-56.",Лк.,39,,Неділя 24-та,,,pentecost,24,,7,7,,24,FALSE
"Лк. 40 зач.; 9, 1-6.",Лк.,40,,Субота 24-го тижня,,,pentecost,24,,6,6,,24,FALSE
"Лк. 41 зач.; 9, 7-11.",Лк.,41,,Четвер 21-го тижя,,,pentecost,21,,4,4,,21,FALSE
"Лк. 42 зач.; 9, 12-17.",Лк.,42,,П'ятниця 21-го тижя,,,pentecost,21,,5,5,,21,FALSE
"Лк. 43 зач.; 9, 18-22.",Лк.,43,,Понеділок 22-го тижня,,,pentecost,22,,1,1,,22,FALSE
"Лк. 44 зач.; 9, 23-27.",Лк.,44,,Вівторок 22-го тижня,,,pentecost,22,,2,2,,22,FALSE
"Лк. 45 зач.; 9, 28-36.",Лк.,45,,"Переображення, на Утрені",див Мр. 38 зач.,*,,,,,,,,FALSE
"Лк. 46 зач.; 9, 37-43.",Лк.,46,,Субота 25-го тижня,,,pentecost,25,,6,6,,25,FALSE
"Лк. 47 зач.; 9, 44-50.",Лк.,47,,Середа 22-го тижня,,,pentecost,22,,3,3,,22,FALSE
"Лк. 48 зач.; 9, 49-56.",Лк.,48,a,Четвер 22-го тижня,,,pentecost,22,,4,4,,22,FALSE
"Лк. 48 зач.; 9, 51-56; 10, 22-24.",Лк.,48,b,Святому Обрусові,,*,,,,,,,,FALSE
"Лк. 49 зач.; 9, 57-62.",Лк.,49,,Субота 26-го тижня,,,pentecost,26,,6,6,,26,FALSE
"Лк. 50 зач.; 10, 1-15.",Лк.,50,,П'ятниця 22-го тижня. Це й апостолам,,*,,22,,5,5,,22,FALSE
"Лк. 51 зач.; 10, 19-21.",Лк.,51,a,Субота 27-го тижня,,,pentecost,27,,6,6,,27,FALSE
"Лк. 51 зач.; 10, 16-21.",Лк.,51,b,Загальне апостолам і ангелам,,*,,,,,,,,FALSE
"Лк. 52 зач.; 10, 22-24.",Лк.,52,,Понеділок 23-го тижня,,,pentecost,23,,1,1,,23,FALSE
"Лк. 53 зач.; 10, 25-37.",Лк.,53,,Неділя 25-та,,,pentecost,25,,7,7,,25,FALSE
"Лк. 54 зач.; 10, 38-42; 11, 27-28.",Лк.,54,,На всі празники Богородиці,,*,,,,,,,,FALSE
"Лк. 55 зач.; 11, 1-10.",Лк.,55,,Вівторок 23-го тижня,,,pentecost,23,,2,2,,23,FALSE
"Лк. 56 зач.; 11, 9-13.",Лк.,56,,Середа 23-го тижня,,,pentecost,23,,3,3,,23,FALSE
"Лк. 57 зач.; 11, 14-23.",Лк.,57,,Четвер 23-го тижня,,,pentecost,23,,4,4,,23,FALSE
"Лк. 58 зач.; 11, 23-26.",Лк.,58,,П'ятниця 23-го тижня,,,pentecost,23,,5,5,,23,FALSE
"Лк. 59 зач.; 11, 29-33.",Лк.,59,,Понеділок 24-го тижня,,,pentecost,24,,1,1,,24,FALSE
"Лк. 60 зач.; 11, 34-41.",Лк.,60,,Вівторок 24-го тижня,,,pentecost,24,,2,2,,24,FALSE
"Лк. 61 зач.; 11, 42-46.",Лк.,61,,Середа 24-го тижня,,,pentecost,24,,3,3,,24,FALSE
"Лк. 62 зач.; 11, 47 – 12, 1.",Лк.,62,,Четвер 24-го тижня,,,pentecost,24,,4,4,,24,FALSE
"Лк. 63 зач.; 12, 2-12.",Лк.,63,a,П'ятниця 24-го тижня,,,pentecost,24,,5,5,,24,FALSE
"Лк. 63 зач.; 12, 2-7.",Лк.,63,b,"Святому Юрієві, на Утрені",,*,,,,,,,,FALSE
"Лк. 64 зач.; 12, 8-12.",Лк.,64,,"6 листопада, святому ісповідникові Павлові",,*,,6,,,,,6,FALSE
"Лк. 65 зач.; 12, 13-15; 22-31.",Лк.,65,,Понеділок 25-го тижня,,,pentecost,25,,1,1,,25,FALSE
"Лк. 66 зач.; 12, 16-21.",Лк.,66,,Неділя 26-та,,,pentecost,26,,7,7,,26,FALSE
"Лк. 67 зач.; 12, 32-40.",Лк.,67,,Субота 28-го тижня,,,pentecost,28,,6,6,,28,FALSE
"Лк. 68 зач.; 12, 42-48.",Лк.,68,,Вівторок 25-го тижня,,,pentecost,25,,2,2,,25,FALSE
"Лк. 69 зач.; 12, 48-59.",Лк.,69,,Середа 25-го тижня,,,pentecost,25,,3,3,,25,FALSE
"Лк. 70 зач.; 13, 1-9.",Лк.,70,,Четвер 25-го тижня,,,pentecost,25,,4,4,,25,FALSE
"Лк. 71 зач.; 13, 10-17.",Лк.,71,,Неділя 27-ма,,,pentecost,27,,7,7,,27,FALSE
"Лк. 72 зач.; 13, 18-29.",Лк.,72,,Субота 29-го тижня. Це й перед Різдвом Христовим у суботу,,*,pentecost,29,,6,6,,29,FALSE
"Лк. 73 зач.; 13, 31-35.",Лк.,73,,П'ятниця 25-го тижня,,,pentecost,25,,5,5,,25,FALSE
"Лк. 74 зач.; 14, 1-11.",Лк.,74,,Субота 30-го тижня,,,pentecost,30,,6,6,,30,FALSE
"Лк. 75 зач.; 14, 12-15.",Лк.,75,,Понеділок 26-го тижня,,,pentecost,26,,1,1,,26,FALSE
"Лк. 76 зач.; 14, 16-24.",Лк.,76,,Неділя 28-ма. Це і в неділю праотців,,*,pentecost,28,,7,7,,28,FALSE
"Лк. 77 зач.; 14, 25-35.",Лк.,77,,Вівторок 26-го тижня,,,pentecost,26,,2,2,,26,FALSE
"Лк. 78 зач.; 15, 1-10.",Лк.,78,,Середа 26-го тижня,,,pentecost,26,,3,3,,26,FALSE
"Лк. 79 зач.; 15, 11-32.",Лк.,79,,Неділя 34-та про блудного сина,,,pentecost,34,,7,7,,34,FALSE
"Лк. 80 зач.; 16, 1-9.",Лк.,80,,Четвер 26-го тижня,,,pentecost,26,,4,4,,26,FALSE
"Лк. 81 зач.; 16, 10-15.",Лк.,81,,Субота 31-го тижня,,,pentecost,31,,6,6,,31,FALSE
"Лк. 82 зач.; 16, 15-18; 17, 1-4.",Лк.,82,,П'ятниця 26-го тижня,,,pentecost,26,,5,5,,26,FALSE
"Лк. 83 зач.; 16, 19-31.",Лк.,83,,Неділя 22-га,,,pentecost,22,,7,7,,22,FALSE
"Лк. 84 зач.; 17, 3-10.",Лк.,84,,Субота 32-го тижня,,,pentecost,32,,6,6,,32,FALSE
"Лк. 85 зач.; 17, 12-19.",Лк.,85,,Неділя 29-та,,,pentecost,29,,7,7,,29,FALSE
"Лк. 86 зач.; 17, 20-25.",Лк.,86,,Понеділок 27-го тижня,,,pentecost,27,,1,1,,27,FALSE
"Лк. 87 зач.; 17, 26-37.",Лк.,87,,Вівторок 27-го тижня,,,pentecost,27,,2,2,,27,FALSE
"Лк. 88 зач.; 18, 2-8.",Лк.,88,,Субота 33-го тижня,,,pentecost,33,,6,6,,33,FALSE
"Лк. 89 зач.; 18, 10-14.",Лк.,89,,"Неділя 33-тя, про митаря і фарисея",,,pentecost,33,,7,7,,33,FALSE
"Лк. 90 зач.; 18, 15-17; 26-30.",Лк.,90,,Середа 27-го тижня,,,pentecost,27,,3,3,,27,FALSE
"Лк. 91 зач.; 18, 18-27.",Лк.,91,,Неділя 30-та,,,pentecost,30,,7,7,,30,FALSE
"Лк. 92 зач.; 18, 31-34.",Лк.,92,,Четвер 27-го тижня,,,pentecost,27,,4,4,,27,FALSE
"Лк. 93 зач.; 18, 35-43.",Лк.,93,,Неділя 31-ша,,,pentecost,31,,7,7,,31,FALSE
"Лк. 94 зач.; 19, 1-10.",Лк.,94,,Неділя 32-га,,,pentecost,32,,7,7,,32,FALSE
"Лк. 95 зач.; 19, 12-28.",Лк.,95,,П'ятниця 27-го тижня,,,pentecost,27,,5,5,,27,FALSE
"Лк. 96 зач.; 19, 29-40; 22, 7-39.",Лк.,96,,Понеділок сирного тижня,,,pentecost,36,1,1,1,,,FALSE
"Лк. 97 зач.; 19, 37-44.",Лк.,97,,Понеділок 28-го тижня,,,pentecost,28,,1,1,,28,FALSE
"Лк. 98 зач.; 19, 45-48.",Лк.,98,,Вівторок 28-го тижня,,,pentecost,28,,2,2,,28,FALSE
"Лк. 99 зач.; 20, 1-8.",Лк.,99,,Середа 28-го тидня,,,pentecost,28,,3,3,,28,FALSE
"Лк. 100 зач.; 20, 9-18.",Лк.,100,,Четвер 28-го тижня,,,pentecost,28,,4,4,,28,FALSE
"Лк. 101 зач.; 20, 19-26.",Лк.,101,,П'ятниця 28-го тижня,,,pentecost,28,,5,5,,28,FALSE
"Лк. 102 зач.; 20, 27-44.",Лк.,102,,Понеділок 29-го тижня,,,pentecost,29,,1,1,,29,FALSE
"Лк. 103 зач.; 20, 45 – 21, 4.",Лк.,103,,Субота 34-го тижня,,,pentecost,34,,6,6,,34,FALSE
"Лк. 104 зач.; 21, 5-7; 10-11; 20-24.",Лк.,104,,Середа 29-го тижня,,,pentecost,29,,3,3,,29,FALSE
"Лк. 105 зач.; 21, 8-9; 25-27; 33-36.",Лк.,105,,Субота м'ясопусна,,,pentecost,35,2,6,6,,,FALSE
"Лк. 106 зач.; 21, 12-19.",Лк.,106,,Вівторок 29-го тижня,,,pentecost,29,,2,2,,29,FALSE
"Лк. 107 зач.; 21, 28-33.",Лк.,107,,Четвер 29-го тижня,,,pentecost,29,,4,4,,29,FALSE
"Лк. 108 зач.; 22, 1-39.",Лк.,108,a,"В святий і великий четвер на Утрені до зач. 109, не переступаючи",,,lent,7,,4,,,10,FALSE
"Лк. 108 зач.; 21, 37 – 22, 8.",Лк.,108,b,П'ятниця 29-го тижня,,,pentecost,29,,5,5,,29,FALSE
"Лк. 109 зач.; 22, 39-42; 45 – 23, 1.",Лк.,109,,Вівторок сирного тижня,,,pentecost,36,1,2,2,,,FALSE
"Лк. 110 зач.; 23, 1-34; 44-56.",Лк.,110,,Четвер сирного тижня,,,pentecost,36,1,4,4,,,FALSE
"Лк. 111 зач.; 23, 32-49.",Лк.,111,,Євангеліє 8-ме страстей. Це ж і на 6-му Часі в велику п'ятниці,,*,,8,,,,,8,FALSE
"Лк. 112 зач.; 24, 1-12.",Лк.,112,,Євангеліє 4-те воскресне,,*,,4,,,,,4,FALSE
"Лк. 113 зач.; 24, 12-35.",Лк.,113,,"Вівторок світлого тижня, це й 5-те воскресне",,*,pascha,1,,2,2,,5,FALSE
"Лк. 114 зач.; 24, 36-53.",Лк.,114,,Євангеліє 6-те воскресне. Це й на Літургії Вознесіння,,*,pascha,5,,4,,,6,FALSE
"Мр. 1 зач.; 1, 1-8.",Мр.,1,,Неділя перед Богоявленням. Це ж і на 3-му Часі в навечір'я Богоявлення,,*,,3,,7,7,,3,FALSE
"Мр. 2 зач.; 1, 9-11.",Мр.,2,b,На Богоявлення на Утрені,,*,,,,,,,,FALSE
"Мр. 2 зач.; 1, 9-15.",Мр.,2,a,Понеділок 12-го тижня. Це ж і на 6-му Часі в навечір'я Богоявлення.,,*,pentecost,12,,1,1,,12,FALSE
"Мр. 3 зач.; 1, 16-22.",Мр.,3,,Вівторок 12-го тижня,,,pentecost,12,,2,2,,12,FALSE
"Мр. 4 зач.; 1, 23-28.",Мр.,4,,Середа 12-го тидня,,,pentecost,12,,3,3,,12,FALSE
"Мр. 5 зач.; 1, 29-35.",Мр.,5,,Четвер 12-го тижня,,,pentecost,12,,4,4,,12,FALSE
"Мр. 6 зач.; 1, 35-44.",Мр.,6,,Субота 2-га посту,,,lent,2,,6,6,lent,2,FALSE
"Мр. 7 зач.; 2, 1-12.",Мр.,7,,Неділя 2-га посту,,,lent,2,,7,7,lent,2,FALSE
"Мр. 8 зач.; 2, 14-17.",Мр.,8,,Субота 3-тя посту,,,lent,3,,6,6,lent,3,FALSE
"Мр. 9 зач.; 2, 18-22.",Мр.,9,,П'ятниця 12-го тижня,Неділя 3-тя посту,,pentecost,12,,5,5,,12,FALSE
"Мр. 10 зач.; 2, 23 – 3, 5.",Мр.,10,,Субота 1-ша посту,,,lent,1,,6,6,lent,1,FALSE
"Мр. 11 зач.; 3, 6-12.",Мр.,11,,Понеділок 13-го тижня,,,pentecost,13,,1,1,,13,FALSE
"Мр. 12 зач.; 3, 13-19.",Мр.,12,,Вівторок 13-го тижня,,,pentecost,13,,2,2,,13,FALSE
"Мр. 13 зач.; 3, 20-27.",Мр.,13,,Середа 13-го тидня,,,pentecost,13,,3,3,,13,FALSE
"Мр. 14 зач.; 3, 28-35.",Мр.,14,,Четвер 13-го тижня,,,pentecost,13,,4,4,,13,FALSE
"Мр. 15 зач.; 4, 1-9.",Мр.,15,,П'ятниця 13-го тижня,,,pentecost,13,,5,5,,13,FALSE
"Мр. 16 зач.; 4, 10-23.",Мр.,16,,Понеділок 14-го тижня,,,pentecost,14,,1,1,,14,FALSE
"Мр. 17 зач.; 4, 24-34.",Мр.,17,,Вівторок 14-го тижня,,,pentecost,14,,2,2,,14,FALSE
"Мр. 18 зач.; 4, 35-41.",Мр.,18,,Середа 14-го тидня,,,pentecost,14,,3,3,,14,FALSE
"Мр. 19 зач.; 5, 1-20.",Мр.,19,,Четвер 14-го тижня,,,pentecost,14,,4,4,,14,FALSE
"Мр. 20 зач.; 5, 22-24; 35 – 6, 1.",Мр.,20,,П'ятниця 14-го тижня,,,pentecost,14,,5,5,,14,FALSE
"Мр. 21 зач.; 5, 24-34.",Мр.,21,,Понеділок 15-го тижня,,,pentecost,15,,1,1,,15,FALSE
"Мр. 22 зач.; 6, 1-7.",Мр.,22,,Вівторок 15-го тижня,,,pentecost,15,,2,2,,15,FALSE
"Мр. 23 зач.; 6, 7-13.",Мр.,23,,Середа 15-го тидня,,,pentecost,15,,3,3,,15,FALSE
"Мр. 24 зач.; 6, 14-30.",Мр.,24,,"29 серпня, на Усікновення Предтечі, на Літургії",,*,,29,,,,,29,FALSE
"Мр. 25 зач.; 6, 30-45.",Мр.,25,,Четвер 15-го тижня,,,pentecost,15,,4,4,,15,FALSE
"Мр. 26 зач.; 6, 45-53.",Мр.,26,,П'ятниця 15-го тижня,,,pentecost,15,,5,5,,15,FALSE
"Мр. 27 зач.; 6, 54 – 7, 8.",Мр.,27,,Понеділок 16-го тижня,,,pentecost,16,,1,1,,16,FALSE
"Мр. 28 зач.; 7, 5-16.",Мр.,28,,Вівторок 16-го тижня,,,pentecost,16,,2,2,,16,FALSE
"Мр. 29 зач.; 7, 14-24.",Мр.,29,,Середа 16-го тидня,,,pentecost,16,,3,3,,16,FALSE
"Мр. 30 зач.; 7, 24-30.",Мр.,30,,Четвер 16-го тижня,,,pentecost,16,,4,4,,16,FALSE
"Мр. 31 зач.; 7, 31-37.",Мр.,31,,Субота 4-та посту,,,lent,4,,6,6,lent,4,FALSE
"Мр. 32 зач.; 8, 1-10.",Мр.,32,,П'ятниця 16-го тижня,,,pentecost,16,,5,5,,16,FALSE
"Мр. 33 зач.; 8, 11-21.",Мр.,33,,Понеділок 30-го тижня,,,pentecost,30,,1,1,,30,FALSE
"Мр. 34 зач.; 8, 22-26.",Мр.,34,,Вівторок 30-го тижня,,,pentecost,30,,2,2,,30,FALSE
"Мр. 35 зач.; 8, 27-31.",Мр.,35,,Субота 5-та посту,,,lent,5,,6,6,lent,5,FALSE
"Мр. 36 зач.; 8, 30-34.",Мр.,36,,Середа 30-го тидня,,,pentecost,30,,3,3,,30,FALSE
"Мр. 37 зач.; 8, 34 – 9, 1.",Мр.,37,,Неділя 3-тя посту. Це ж і в неділю після Воздвиження,,*,lent,3,,7,7,lent,3,FALSE
"Мр. 38 зач.; 9, 2-9",Мр.,38,,Переображення на Утрені,,*,,,,,,,,FALSE
"Мр. 39 зач.; 9, 10-16.",Мр.,39,,Четвер 30-го тижня,,,pentecost,30,,4,4,,30,FALSE
"Мр. 40 зач.; 9, 17-31.",Мр.,40,,Неділя 4-та посту,,,lent,4,,7,7,lent,4,FALSE
"Мр. 41 зач.; 9, 33-41.",Мр.,41,,П'ятниця 30-го тижня. Це й Ігнатію Богоносцеві,,*,pentecost,30,,5,5,,30,FALSE
"Мр. 42 зач.; 9, 42 – 10, 1.",Мр.,42,,Понеділок 31-го тижня,,,pentecost,31,,1,1,,31,FALSE
"Мр. 43 зач.; 10, 2-12.",Мр.,43,,Вівторок 31-го тижня,,,pentecost,31,,2,2,,31,FALSE
"Мр. 44 зач.; 10, 11-16.",Мр.,44,,Середа 31-го тидня,,,pentecost,31,,3,3,,31,FALSE
"Мр. 45 зач.; 10, 17-27.",Мр.,45,,Четвер 31-го тижня,,,pentecost,31,,4,4,,31,FALSE
"Мр. 46 зач.; 10, 23-32.",Мр.,46,,П'ятниця 31-го тижня,,,pentecost,31,,5,5,,31,FALSE
"Мр. 47 зач.; 10, 32-45.",Мр.,47,,Неділя 5-та посту,,,lent,5,,7,7,lent,5,FALSE
"Мр. 48 зач.; 10, 46-52.",Мр.,48,,Понеділок 17-го і 32-го тижня,,,pentecost,17,,1,1,,17,FALSE
"Мр. 49 зач.; 11, 1-11.",Мр.,49,,Понеділок м'ясопусного тижня,,,pentecost,35,2,1,1,,,FALSE
"Мр. 50 зач.; 11, 11-23.",Мр.,50,,Вівторок 17-го і 32-го тижня,,,pentecost,17,,2,2,,17,FALSE
"Мр. 51 зач.; 11, 23-26.",Мр.,51,,Середа 17-го і 32-го тижня,,,pentecost,17,,3,3,,17,FALSE
"Мр. 52 зач.; 11, 27-33.",Мр.,52,,Четвер 17-го і 32-го тижня,,,pentecost,17,,4,4,,17,FALSE
"Мр. 53 зач.; 12, 1-12.",Мр.,53,,П'ятниця 17-го і 32-го тижня,,,pentecost,17,,5,5,,17,FALSE
"Мр. 54 зач.; 12, 13-17.",Мр.,54,,Понеділок 33-го тижня,,,pentecost,33,,1,1,,33,FALSE
"Мр. 55 зач.; 12, 18-27.",Мр.,55,,Вівторок 33-го тижня,,,pentecost,33,,2,2,,33,FALSE
"Мр. 56 зач.; 12, 28-37.",Мр.,56,,Середа 33-го тидня,,,pentecost,33,,3,3,,33,FALSE
"Мр. 57 зач.; 12, 38-44.",Мр.,57,,Четвер 33-го тижня,,,pentecost,33,,4,4,,33,FALSE
"Мр. 58 зач.; 13, 1-8.",Мр.,58,,П'ятниця 33-го тижня,,,pentecost,33,,5,5,,33,FALSE
"Мр. 59 зач.; 13, 9-13.",Мр.,59,,Понеділок 34-го тижня,,,pentecost,34,,1,1,,34,FALSE
"Мр. 60 зач.; 13, 14-23.",Мр.,60,,Вівторок 34-го тижня,,,pentecost,34,,2,2,,34,FALSE
"Мр. 61 зач.; 13, 24-31.",Мр.,61,,Середа 34-го тижня,,,pentecost,34,,3,3,,34,FALSE
"Мр. 62 зач.; 13, 31 – 14, 2.",Мр.,62,,Четвер 34-го тижня,,,pentecost,34,,4,4,,34,FALSE
"Мр. 63 зач.; 14, 3-9.",Мр.,63,,П'ятниця 34-го тижня,,,pentecost,34,,5,5,,34,FALSE
"Мр. 64 зач.; 14, 10-42.",Мр.,64,,Вівторок м'ясопусного тижня,,,pentecost,35,2,2,2,,,FALSE
"Мр. 65 зач.; 14, 43 – 15, 1.",Мр.,65,,Середа м'ясопусного тижня,,,pentecost,35,2,3,3,,,FALSE
"Мр. 66 зач.; 15, 1-15.",Мр.,66,,Четвер м'ясопусного тижня,,,pentecost,35,2,4,4,,,FALSE
"Мр. 67 зач.; 15, 16-32.",Мр.,67,a,"Євангеліє 6-те святих страстей, не переступаючи. Це ж і ризі Господній на Літургії",,*,,,,,,,6,FALSE
"Мр. 67 зач.; 15, 16-41.",Мр.,67,b,"На 3-му Часі, не переступаючи",,*,,,,,,,3,FALSE
"Мр. 68 зач.; 15, 22; 25; 33-41.",Мр.,68,,П'ятниця м’ясопусного тижня,,,pentecost,35,2,5,5,,,FALSE
"Мр. 69 зач.; 15, 43 – 16, 8.",Мр.,69,a,"В неділю 3-тю після Пасхи, мироносицям",,,pascha,2,,7,,pascha,3,FALSE
"Мр. 69 зач.; 15, 43-47.",Мр.,69,b,Євангеліє 6-те святих страстей,,*,,6,,,,,6,FALSE
"Мр. 70 зач.; 16, 1-8.",Мр.,70,,Євангеліє 2-ге воскресне,,*,,2,,,,,2,FALSE
"Мр. 71 зач.; 16, 9-20.",Мр.,71,,"Євангеліє 3-тє воскресне. Це і на Утрені Вознесіння Христового, на Утрені Неділі 3-ої, мироносиць",,*,pascha,5,,4,,,3,FALSE
"Мт. 1 зач.; 1, 1-25.",Мт.,1,,"Неділя перед Різдвом Христовим, святих отців",,*,,,,7,7,,,FALSE
"Мт. 2 зач.; 1, 18-25.",Мт.,2,,"Різдво Христове, на Утрені",,*,,,,,,,,FALSE
"Мт. 3 зач.; 2, 1-12.",Мт.,3,,"Різдво Христове, на Літургії",,*,,,,,,,,FALSE
"Мт. 4 зач.; 2, 13-23.",Мт.,4,,"26 грудня, в неділю після Різдва Христового і святим немовлятам",,*,,26,,,,,26,FALSE
"Мт. 5 зач.; 3, 1-11.",Мт.,5,,Субота перед Богоявленням,,*,,,,6,6,,,FALSE
"Мт. 6 зач.; 3, 13-17.",Мт.,6,,"Богоявлення, на Літургії",,*,,,,,,,,FALSE
"Мт. 7 зач.; 4, 1-11.",Мт.,7,,Субота після Богоявлення,,*,,,,6,6,,,FALSE
"Мт. 8 зач.; 4, 12-17.",Мт.,8,,Неділя після Богоявлення,,*,,,,7,7,,,FALSE
"Мт. 9 зач.; 4, 18-23.",Мт.,9,,"Неділя 2-га, після всіх святих",,,pentecost,2,,7,7,,2,FALSE
"Мт. 10 зач.; 4, 25 – 5, 13.",Мт.,10,a,Вівторок 1-го тижня,,,pentecost,1,,2,2,,1,FALSE
"Мт. 10 зач.; 5, 1-16.",Мт.,10,b,"Неділя 2-га, всім святим українського народу",,,pentecost,2,,7,7,,2,FALSE
"Мт. 10 зач.; 4, 25 – 5, 12.",Мт.,10,c,Преподобним загальне,,*,,,,,,,,FALSE
"Мт. 11 зач.; 5, 14-19.",Мт.,11,,Святителям загальне,,*,,,,,,,,FALSE
"Мт. 12 зач.; 5, 20-26.",Мт.,12,,Середа 1-го тижня,,,pentecost,1,,3,3,,1,FALSE
"Мт. 13 зач.; 5, 27-32.",Мт.,13,,Четвер 1-го тижня,,,pentecost,1,,4,4,,1,FALSE
"Мт. 14 зач.; 5, 33-41.",Мт.,14,,П'ятниця 1-го тижня,,,pentecost,1,,5,5,,1,FALSE
"Мт. 15 зач.; 5, 42-48.",Мт.,15,,Субота 1-го тижня,,,pentecost,1,,6,6,,1,FALSE
"Мт. 16 зач.; 6, 1-13.",Мт.,16,,Субота сиропусна,,,pentecost,36,1,6,6,,,FALSE
"Мт. 17 зач.; 6, 14-21.",Мт.,17,,Неділя сиропусна,,,pentecost,36,1,7,7,,,FALSE
"Мт. 18 зач.; 6, 22-33.",Мт.,18,,Неділя 3-тя,,,pentecost,3,,7,7,,3,FALSE
"Мт. 19 зач.; 6, 31-34; 7, 9-11.",Мт.,19,,Понеділок 2-го тижня,,,pentecost,2,,1,1,,2,FALSE
"Мт. 20 зач.; 7, 1-8.",Мт.,20,a,"Субота 2-га, після всіх святих",,,pentecost,2,,6,6,,2,FALSE
"Мт. 20 зач.; 7, 7-11.",Мт.,20,b,На всяке прохання,,*,,,,,,,,FALSE
"Мт. 21 зач.; 7, 12-21.",Мт.,21,,Преподобним отцям,,*,,,,,,,,FALSE
"Мт. 22 зач.; 7, 15-21.",Мт.,22,,Вівторок 2-го тижня,,,pentecost,2,,2,2,,2,FALSE
"Мт. 23 зач.; 7, 21-23.",Мт.,23,,Середа 2-го тижня,,,pentecost,2,,3,3,,2,FALSE
"Мт. 24 зач.; 7, 24 – 8, 4.",Мт.,24,,Субота 3-го тижня,,,pentecost,3,,6,6,,3,FALSE
"Мт. 25 зач.; 8, 5-13.",Мт.,25,,Неділя 4-та,,,pentecost,4,,7,7,,4,FALSE
"Мт. 26 зач.; 8, 14-23.",Мт.,26,,Субота 4-го тижня,,,pentecost,4,,6,6,,4,FALSE
"Мт. 27 зач.; 8, 23-27.",Мт.,27,,Четвер 2-го тижня,,,pentecost,2,,4,4,,2,FALSE
"Мт. 28 зач.; 8, 28 – 9, 1.",Мт.,28,,Неділя 5-та,,,pentecost,5,,7,7,,5,FALSE
"Мт. 29 зач.; 9, 1-8.",Мт.,29,,Неділя 6-та,,,pentecost,6,,7,7,,6,FALSE
"Мт. 30 зач.; 9, 9-13.",Мт.,30,,"Субота 5-го тижня, св. Ап Матея",,*,pentecost,5,,6,6,,5,FALSE
"Мт. 31 зач.; 9, 14-17.",Мт.,31,,П'ятниця 2-го тижня,,,pentecost,2,,5,5,,2,FALSE
"Мт. 32 зач.; 9, 18-26.",Мт.,32,,Субота 6-го тижня,,,pentecost,6,,6,6,,6,FALSE
"Мт. 33 зач.; 9, 27-35.",Мт.,33,,Неділя 7-ма,,,pentecost,7,,7,7,,7,FALSE
"Мт. 34 зач.; 9, 36 – 10, 8.",Мт.,34,a,Понеділок 3-го тижня,,,pentecost,3,,1,1,,3,FALSE
"Мт. 34 зач.; 10, 1; 5-8.",Мт.,34,b,"1 листопада і 1 липня, святим лікарям",,*,,1,,,,,1,FALSE
"Мт. 35 зач.; 10, 9-15.",Мт.,35,,Вівторок 3-го тижня,,,pentecost,3,,2,2,,3,FALSE
"Мт. 36 зач.; 10, 16-22.",Мт.,36,,Середа 3-го тижня і мученикам,,*,pentecost,3,,3,3,,3,FALSE
"Мт. 37 зач.; 10, 23-31.",Мт.,37,,Четвер 3-го тижня,,,pentecost,3,,4,4,,3,FALSE
"Мт. 38 зач.; 10, 32-33; 37-38; 19, 27-30.",Мт.,38,a,"Неділя 1-ша, всім святим",,,pentecost,1,,7,7,,1,FALSE
"Мт. 38 зач.; 10, 32-36; 11, 1.",Мт.,38,b,П'ятниця 3-го тижня,,,pentecost,3,,5,5,,3,FALSE
"Мт. 39 зач.; 10, 37 – 11, 1.",Мт.,39,,"Субота 7-ма, і перед Воздвиженням",,*,pentecost,7,,6,6,,7,FALSE
"Мт. 40 зач.; 11, 2-15.",Мт.,40,,Понеділок 4-го тижня. Це й на Літургії на Знайдення голови Предтечі,,*,pentecost,4,,1,1,,4,FALSE
"Мт. 41 зач.; 11, 16-20.",Мт.,41,,Вівторок 4-го тижня,,,pentecost,4,,2,2,,4,FALSE
"Мт. 42 зач.; 11, 20-26.",Мт.,42,,Середа 4-го тижня,,,pentecost,4,,3,3,,4,FALSE
"Мт. 43 зач.; 11, 27-30.",Мт.,43,,Четвер 4-го тижня,,,pentecost,4,,4,4,,4,FALSE
"Мт. 44 зач.; 12, 1-8.",Мт.,44,,П'ятниця 4-го тижня,,,pentecost,4,,5,5,,4,FALSE
"Мт. 45 зач.; 12, 9-13.",Мт.,45,,Понеділок 5-го тижня,,,pentecost,5,,1,1,,5,FALSE
"Мт. 46 зач.; 12, 14-16; 22-30.",Мт.,46,a,Вівторок 5-го тижня,,,pentecost,5,,2,2,,5,FALSE
"Мт. 46 зач.; 12, 15-21.",Мт.,46,b,Субота після Різдва Христового,,*,,,,6,6,,,FALSE
"Мт. 47 зач.; 12, 30-37.",Мт.,47,,Субота 8-го тижня,,,pentecost,8,,6,6,,8,FALSE
"Мт. 48 зач.; 12, 38-45.",Мт.,48,,Середа 5-го тижня,,,pentecost,5,,3,3,,5,FALSE
"Мт. 49 зач.; 12, 46 – 13, 3.",Мт.,49,,Четвер 5-го тижня,,,pentecost,5,,4,4,,5,FALSE
"Мт. 50 зач.; 13, 4-9.",Мт.,50,,П'ятниця 5-го тижня,,,pentecost,5,,5,5,,5,FALSE
"Мт. 51 зач.; 13, 10-23.",Мт.,51,,Понеділок 6-го тижня,,,pentecost,6,,1,1,,6,FALSE
"Мт. 52 зач.; 13, 24-30; 36-43.",Мт.,52,b,Ангелам,,*,,,,,,,,FALSE
"Мт. 52 зач.; 13, 24-30.",Мт.,52,a,Вівторок 6-го тижня,,,pentecost,6,,2,2,,6,FALSE
"Мт. 53 зач.; 13, 31-36.",Мт.,53,,Середа 6-го тижня,,,pentecost,6,,3,3,,6,FALSE
"Мт. 54 зач.; 13, 36-43.",Мт.,54,,Четвер 6-го тижня,,,pentecost,6,,4,4,,6,FALSE
"Мт. 55 зач.; 13, 44-54.",Мт.,55,,"П'ятниця 6-го тижня. Це й 3 жовтня, св. Діонисію",,*,pentecost,6,,5,5,,6,FALSE
"Мт. 56 зач.; 13, 54-58.",Мт.,56,,Понеділок 7-го тижня,"Йо. 49, теж пн 7-го т",,pentecost,7,,1,1,,7,FALSE
"Мт. 57 зач.; 14, 1-13.",Мт.,57,,"Вівторок 7-го тижня. Це й на Усікновення голови Івана Христителя, на Утрені",Йо. 53,*,pentecost,7,,2,2,,7,FALSE
"Мт. 58 зач.; 14, 14-22.",Мт.,58,,Неділя 8-ма,,,pentecost,8,,7,7,,8,FALSE
"Мт. 59 зач.; 14, 22-34.",Мт.,59,,Неділя 9-та,,,pentecost,9,,7,7,,9,FALSE
"Мт. 60 зач.; 14, 35 – 15, 11.",Мт.,60,,Середа 7-го тижня,,,pentecost,7,,3,3,,7,FALSE
"Мт. 61 зач.; 15, 12-21.",Мт.,61,,Четвер 7-го тижня,,,pentecost,7,,4,4,,7,FALSE
"Мт. 62 зач.; 15, 21-28.",Мт.,62,,Неділя 17-та,,,pentecost,17,,7,7,,17,FALSE
"Мт. 63 зач.; 15, 29-31.",Мт.,63,,П'ятниця 7-го тижня,,,pentecost,7,,5,5,,7,FALSE
"Мт. 64 зач.; 15, 32-39.",Мт.,64,,Субота 9-го тижня,,,pentecost,9,,6,6,,9,FALSE
"Мт. 65 зач.; 16, 1-6.",Мт.,65,,Понеділок 8-го тижня,,,pentecost,8,,1,1,,8,FALSE
"Мт. 66 зач.; 16, 6-12.",Мт.,66,,Вівторок 8-го тижня,,,pentecost,8,,2,2,,8,FALSE
"Мт. 67 зач.; 16, 13-19.",Мт.,67,a,"29 червня, на Літургії",,*,,29,,,,,29,FALSE
"Мт. 67 зач.; 16, 13-18.",Мт.,67,b,Посвячення церкви,,*,,,,,,,,FALSE
"Мт. 68 зач.; 16, 20-24.",Мт.,68,,Середа 8-го тижня,,,pentecost,8,,3,3,,8,FALSE
"Мт. 69 зач.; 16, 24-28.",Мт.,69,,Четвер 8-го тижня,,,pentecost,8,,4,4,,8,FALSE
"Мт. 70 зач.; 17, 1-9.",Мт.,70,,"Переображення, 6 серпня, на Літургії",,*,,6,,,,,6,FALSE
"Мт. 71 зач.; 17, 10-18.",Мт.,71,,П'ятниця 8-го тижня,,,pentecost,8,,5,5,,8,FALSE
"Мт. 72 зач.; 17, 14-23.",Мт.,72,,Неділя 10-та,,,pentecost,10,,7,7,,10,FALSE
"Мт. 73 зач.; 17, 24 – 18, 4.",Мт.,73,,Субота 10-го тижня,,,pentecost,10,,6,6,,10,FALSE
"Мт. 74 зач.; 18, 1-11.",Мт.,74,,Понеділок 9-го тижня,,,pentecost,9,,1,1,,9,FALSE
"Мт. 75 зач.; 18, 10-20.",Мт.,75,,Понеділок Святого Духа,,,pentecost,1,,1,1,,,FALSE
"Мт. 76 зач.; 18, 18-22; 19, 1-2; 13-15.",Мт.,76,,Вівторок 9-го тижня,,,pentecost,9,,2,2,,9,FALSE
"Мт. 77 зач.; 18, 23-35.",Мт.,77,,Неділя 11-та,,,pentecost,11,,7,7,,11,FALSE
"Мт. 78 зач.; 19, 3-12.",Мт.,78,,Субота 11-го тижня,,,pentecost,11,,6,6,,11,FALSE
"Мт. 79 зач.; 19, 16-26.",Мт.,79,,Неділя 12-та,,,pentecost,12,,7,7,,12,FALSE
"Мт. 80 зач.; 20, 1-16.",Мт.,80,,"Середа 9-го тижня. Це й 9 березня, святим 40 мученикам, що в Севастії",,*,pentecost,9,,3,3,,9,FALSE
"Мт. 81 зач.; 20, 17-28.",Мт.,81,,Четвер 9-го тижня,,,pentecost,9,,4,4,,9,FALSE
"Мт. 82 зач.; 20, 29-34.",Мт.,82,,Субота 12-го тижня,,,pentecost,12,,6,6,,12,FALSE
"Мт. 83 зач.; 21, 1-11; 15-17.",Мт.,83,b,В квітну неділю на Утрені,,,lent,6,,7,,,,FALSE
"Мт. 83 зач.; 21, 12-14; 17-20.",Мт.,83,a,П'ятниця 9-го тижня,,,pentecost,9,,5,5,,9,FALSE
"Мт. 84 зач.; 21, 18-22.",Мт.,84,a,Понеділок 10-го тижня,,,pentecost,10,,1,1,,10,FALSE
"Мт. 84 зач.; 21, 18-43.",Мт.,84,b,В святий і великий понеділок на Утрені,,,lent,7,,1,,,,FALSE
"Мт. 85 зач.; 21, 23-27.",Мт.,85,,Вівторок 10-го тижня,,,pentecost,10,,2,2,,10,FALSE
"Мт. 86 зач.; 21, 28-32.",Мт.,86,,Середа 10-го тижня,,,pentecost,10,,3,3,,10,FALSE
"Мт. 87 зач.; 21, 33-42.",Мт.,87,,Неділя 13-та. Це ж і первомученику Стефанові,,*,pentecost,13,,7,7,,13,FALSE
"Мт. 88 зач.; 21, 43-46.",Мт.,88,,Четвер 10-го тижня,,,pentecost,10,,4,4,,10,FALSE
"Мт. 89 зач.; 22, 1-14.",Мт.,89,,Неділя 14-та,,,pentecost,14,,7,7,,14,FALSE
"Мт. 90 зач.; 22, 15 – 23, 39.",Мт.,90,b,Великий вівторок на Утрені,,,pentecost,7,,2,,,,FALSE
"Мт. 90 зач.; 22, 15-22.",Мт.,90,a,Субота 13-го тижня,,,pentecost,13,,6,6,,13,FALSE
"Мт. 91 зач.; 22, 23-33.",Мт.,91,,П'ятниця 10-го тижня,,,pentecost,10,,5,5,,10,FALSE
"Мт. 92 зач.; 22, 35-46.",Мт.,92,,Неділя 15-та,,,pentecost,15,,7,7,,15,FALSE
"Мт. 93 зач.; 23, 1-12.",Мт.,93,,Субота 14-го тижня,,,pentecost,14,,6,6,,14,FALSE
"Мт. 94 зач.; 23, 13-22.",Мт.,94,,Понеділок 11-го тижня,,,pentecost,11,,1,1,,11,FALSE
"Мт. 95 зач.; 23, 23-28.",Мт.,95,,Вівторок 11-го тижня,,,pentecost,11,,2,2,,11,FALSE
"Мт. 96 зач.; 23, 29-39.",Мт.,96,,Середа 11-го тижня,,,pentecost,11,,3,3,,11,FALSE
"Мт. 97 зач.; 24, 1-13.",Мт.,97,,Субота 15-го тижня,,,pentecost,15,,6,6,,15,FALSE
"Мт. 98 зач.; 24, 3-35.",Мт.,98,,У святий і великий понеділок на Літургії,,,lent,7,,1,,,,FALSE
"Мт. 99 зач.; 24, 13-28.",Мт.,99,,Четвер 11 тижня,,,pentecost,11,,4,4,,11,FALSE
"Мт. 100 зач.; 24, 27-33; 42-51.",Мт.,100,,П'ятниця 11 тижня,,,pentecost,11,,5,5,,11,FALSE
"Мт. 101 зач.; 24, 34-44.",Мт.,101,,Субота 16-го тижня,,,pentecost,16,,6,6,,16,FALSE
"Мт. 102 зач.; 24, 36 – 26, 2.",Мт.,102,,У святий і великий вівторок на Літургії,,,lent,7,,2,,,,FALSE
"Мт. 103 зач.; 24, 42-47.",Мт.,103,,"30 вересня, св. Григорія Вірменського",,*,,30,,,,,30,FALSE
"Мт. 104 зач.; 25, 1-13.",Мт.,104,,Субота 17-го тижня. Це і святій первомучениці Теклі й іншим мученицям,,*,pentecost,17,,6,6,,17,FALSE
"Мт. 105 зач.; 25, 14-30.",Мт.,105,,Неділя 16-та,,,pentecost,16,,7,7,,16,FALSE
"Мт. 106 зач.; 25, 31-46.",Мт.,106,,Неділя м'ясопусна,,,pentecost,35,2,7,7,,,FALSE
"Мт. 107 зач.; 26, 1-20; Йо. 13, 3-17; Мт. 26, 21-39; Лк. 22, 43-45; Мт. 26, 40 – 27, 2.",Мт.,107,,У святий і великий четвер на Літургії,Йо.,,lent,7,,4,,,,FALSE
"Мт. 107 зач.; 26, 1-20; Ів. 13, 3-17; Мт. 26, 21-39; Лк. 22, 43-45; Мт. 26, 40 – 27, 2.",Мт.,107,,У святий і великий четвер на Літургії,,,,,,,,,,
"Мт. 108 зач.; 26, 6-16.",Мт.,108,,У велику середу на Літургії,,,lent,7,,3,,,,FALSE
"Мт. 109 зач.; 26, 57-75.",Мт.,109,,Євангеліє 3-тє святих страстей,,*,,3,,,,,3,FALSE
"Мт. 110 зач.; 27, 1-38; Лк. 23, 39-43; Мт. 27, 39-54; Йо. 19, 31-37; Мт. 27, 55-61.",Мт.,110,b,У велику п'ятницю ввечері,Йо.,*,,,,,,,,FALSE
"Мт. 110 зач.; 27, 1-38; Лк. 23, 39-43; Мт. 27, 39-54; Ів. 19, 31-37; Мт. 27, 55-61.",Мт.,110,b,У велику п'ятницю ввечері,,*,,,,,,,,FALSE
"Мт. 110 зач.; 27, 1-56.",Мт.,110,a,У велику п'ятницю на 1-му Часі,,*,,1,,,,,1,FALSE
"Мт. 111 зач.; 27, 3-32.",Мт.,111,,Євангеліє 5-тє святих страстей,,*,,5,,,,,5,FALSE
"Мт. 112 зач.; 27, 27-32.",Мт.,112,,На поклоніння чесному Древу. Це ж і ризі Господній на Утрені,,*,,,,,,,,FALSE
"Мт. 113 зач.; 27, 33-54.",Мт.,113,,Євангеліє 7-ме святих страстей,,*,,7,,,,,7,FALSE
"Мт. 114 зач.; 27, 62-66.",Мт.,114,,Євангеліє 12-те святих страстей. Це ж і у велику суботу на Утрені,,*,lent,7,,6,,,12,FALSE
"Мт. 115 зач.; 28, 1-20.",Мт.,115,,У велику суботу на Літургії,,,lent,7,,6,,,,FALSE
"Мт. 116 зач.; 28, 16-20.",Мт.,116,,Євангеліє 1-ше воскресне. В неділю антипасхи на утрені,,*,pascha,1,,7,,,1,FALSE