Month,Day,Bold,Italic,Red,I.Symb,I.Code,I.Html,ShortText,FullText,ShorterText,заг. служба
9,1,,,r,🕂,+,&dagger;,"🕂 Початок індикту, нового року","🕂 Початок індикту, нового року",Начало Індикта,
9,1,,,,,,,Пам’ять прп. Симеона Стовпника і матері його Марти,Пам’ять преподобного отця нашого Симеона Стовпника і матері його Марти,,
9,1,,,,,,,"Собор Пресв. Богородиці, що в Міясинах","Собор Пресвятої Богородиці, що в Міясинах",,
9,2,,,,,,,Св. мч. Маманта,Святого мученика Маманта,Маманта,
9,2,,,,,,,"Прп. Івана Посника, патр. Царгородського","Преподобного отця нашого Івана Посника, патріарха Царгородського",Івана Посника,
9,3,,,,,,,"Св. сщмч. Антима, єп. Нікомидійського","Святого священномученика Антима, єпископа Нікомидійського",Антима,
9,3,,,,,,,"Прп. Теоктиста, співпосника вел. Євтимія","Преподобного отця нашого Теоктиста, співпосника великого Євтимія",,
9,4,,,,,,,"Св. сщмч. Вавили, єп. Антіохійського","Святого священномученика Вавили, єпископа Антіохійського",Вавили,
9,4,,,,,,,Св. прор. й боговидця Мойсея,Святого пророка й боговидця Мойсея,,
9,5,,,,🕃,&,,"🕃 Свв. прор. Захарії та прав. Єлисавети, батьків чесного Івана Предтечі","🕃 Святих пророка Захарії та праведної Єлисавети, батьків чесного Івана Предтечі",прор. Захарії,
9,5,,,,,,,Прп. Терези з Калькутти,Преподобної матері нашої Терези з Калькутти,,
9,6,,,,🕃,&,,"🕃 Спогад про чудо, яке було в Колосах, тобто в Хонах, від архистр. Михаїла","🕃 Спогад про чудо, яке було в Колосах, тобто в Хонах, від архистратига Михаїла",чудо арх. Михаїла,
9,6,,,,,,,"Св. мч. Євдоксія і тих, що з ним","Святого мученика Євдоксія і тих, що з ним",,
9,6,,,,,,,Прп. Архипа,Преподобного отця нашого Архипа,,
9,7,,,,🕃,&,,🕃 Передсвяття Різдва Пресвятої Богородиці,🕃 Передсвяття Різдва Пресвятої Богородиці,передсв.Різдва,
9,7,,,,,,,Св. мч. Созонта,Святого мученика Созонта,Созонта,
9,8,b,,r,🕀,#,&oplus;,🕀 Різдво Пресвятої Владичиці нашої Богородиці і Приснодіви Марії,🕀 Різдво Пресвятої Владичиці нашої Богородиці і Приснодіви Марії,Різдво Богородиці,
9,9,,,,🕃,&,,🕃 Свв. і правв. богоотців Йоакима й Анни,🕃 Святих і праведних богоотців Йоакима й Анни,Йоакима і Анни,
9,9,,,,,,,Св. мч. Северіана,Святого мученика Северіана,,
9,10,,,,,,,"Свв. мцц. Минодори, Митродори й Німфодори","Святих мучениць Минодори, Митродори й Німфодори","мччц.Минодори, Митродори і Німфодори",
9,11,,,,,,,Прп. Теодори Олександрійської,Преподобної матері нашої Теодори Олександрійської,Теодори,
9,12,,,,,,,Св. сщмч. Автонома,Святого священномученика Автонома,,
9,12,,i,r,,,,Віддання Різдва Пресв. Богородиці,У цей день віддається свято Різдва Пресвятої Богородиці,Віддання Різдва Богородиці,
9,13,,,r,🕃,@,,🕃 Пам’ять оновл. храму Св. Воскресіння Христа і Бога нашого,🕃 Пам’ять оновлення храму Святого Воскресіння Христа і Бога нашого,Оновлення,
9,13,,,,,,,Предсвяття Воздвиження чесного й животворного Хреста,Предсвяття Воздвиження чесного й животворного Хреста,,
9,13,,,,,,,"Св. сщмч. Корнилія, сотника","Святого священномученика Корнилія, сотника",Корнилія,
9,14,b,,r,🕀,#,&oplus;,🕀 Всесвітнє Воздвиження чесного й животворчого Хреста,🕀 Всесвітнє Воздвиження чесного й животворчого Хреста,Воздвиження Хреста,
9,15,,,,🕃,&,,🕃 Св. вмч. Микити,🕃 Святого великомученика Микити,Микити,
9,16,,,,🕃,&,,🕃 Св. вмц. Євфимії всехвальної,🕃 Святої великомучениці Євфимії всехвальної,Євфимії,
9,17,,,,,,,"Св. мц. Софії і трьох її дочок: Віри, Надії й Любові","Святої мучениці Софії і трьох її дочок: Віри, Надії й Любові","Софії, Віри, Надії, Любові.",
9,18,,,,,,,"Прп. Євменія, єп. Гортинського, чудотв.","Преподобного отця нашого Євменія, єпископа Гортинського, чудотворця",Євменія,
9,19,,,,,,,"Свв. мчч. Трофима, Савватія й Доримедонта","Святих мученків Трофима, Савватія й Доримедонта","Трофима, Савватія, Доримедонта",
9,20,,,,🕃,&,,"🕃 Свв. мчч. та іспп. – вел. князя Михаїла та боярина його Теодора, чернігівських чудотв.","🕃 Святих мучеників та ісповідників – великого князя Михаїла та боярина його Теодора, чернігівських чудотворців","мчч. Михаїла, Теодора Чернігівських",
9,20,,,,🕃,&,,"🕃 Св. вмч. Євстатія і тих, що з ним","🕃 Святого великомученика Євстатія і тих, що з ним",,
9,21,,,,,,,"Св. ап. Кодрата, що в Магнисії","Святого апостола Кодрата, що в Магнисії",,
9,21,,i,r,,,,Віддання Воздвиження чесного й животворного Хреста,У цей день віддається свято Воздвиження чесного й животворного Хреста,Віддання Воздвиження,
9,22,,,,,,,"Св. сщмч. Фоки, єп. Синопійського","Святого священномученика Фоки, єпископа Синопійського",Фоки,
9,22,,,,,,,Св. прор. Йони,Святого пророка Йони,,
9,22,,,,,,,"Прп. Йони, пресвіт.","Преподобного Йони, пресвітера",,
9,23,,,r,🕃,@,,"🕃 Зачаття чесного славн. прор., предтечі і хрестителя Господнього Івана","🕃 Зачаття чесного славного пророка, предтечі і хрестителя Господнього Івана",Зачаття Івана Предтечі,
9,24,,,,🕃,&,,🕃 Св. первмц. й рівноап. Теклі,🕃 Святої первомучениці й рівноапостольної Теклі,первом. Теклі,
9,25,,,,,,,Прп. Євфросинії,Преподобної матері нашої Євфросинії,Євфросинії,
9,26,,,r,🕁,*,&dagger;,🕁 Переставл. св. ап. і єв. Івана Богослова,🕁 Переставлення святого апостола і євангелиста Івана Богослова,Івана Богослова,
9,27,,,,,,,"Св. мч. Калістрата і тих, що з ним","Святого мученика Калістрата і тих, що з ним",Калістрата,
9,27,,,,,,,"Прп. Ніла, основника й ігум. монастиря Гроттаферратського","Преподобного отця нашого Ніла, основника й ігумена монастиря Гроттаферратського",,
9,28,,,r,🕂,+,&dagger;,🕂 Прп. й ісп. Харитона,🕂 Преподобного отця нашого й ісповідника Харитона,Харитона,
9,28,,,,,,,"Св. мц. Людмили і св. В’ячеслава, князя чеського","Святої мучениці Людмили і святого В’ячеслава, князя чеського",,
9,28,,,,,,,"Собор прпп. отців Печерських, що споч. у бл. печерах прп. Антонія","Собор преподобних отців Печерських, що спочивають у ближніх печерах преподобного Антонія",,
9,28,,,,,,,"Блаж. сщмч. Никити Будки, єп.","Блаженного священномученика Никити Будки, єпископа",,
9,29,,,,🕃,&,,"🕃 Прп. Киріака, самітника","🕃 Преподобного отця нашого Киріака, самітника",Киріяка,
9,30,,,,🕃,&,,"🕃 Св. сщмч. Григорія, єп. Великої Вірменії","🕃 Святого священномученика Григорія, єпископа Великої Вірменії",Григорія,
10,1,b,,r,🕀,#,&oplus;,🕀 Покров Пресвятої Богородиці,🕀 Покров Пресвятої Богородиці,Покров Богородиці,
10,1,,,,,,,"Св. ап. Ананії, одного із сімдесятьох","Святого апостола Ананії, одного із сімдесятьох",,
10,1,,,,,,,Прп. Романа Сладкопівця,Преподобного отця нашого Романа Сладкопівця,,
10,2,,,,🕃,&,,🕃 Св. сщмч. Кипріана,🕃 Святого священномученика Кипріана,Кипріяна,
10,2,,,,,,,Св. мц. Юстини,Святої мучениці Юстини,,
10,2,,,,,,,"Св. Андрія, Христа ради юродивого","Святого Андрія, Христа ради юродивого",,
10,3,,,,🕃,&,,🕃 Св. сщмч. Діонісія Ареопагіта,🕃 Святого священномученика Діонісія Ареопагіта,Діонісія Ареопагіта,
10,4,,,,,,,"Св. сщмч. Єротея, єп. Атенського","Святого священномученика Єротея, єпископа Атенського",Єротея,
10,4,,,,,,,Прп. Франциска Асизького,Преподобного отця нашого Франциска Асизького,,
10,5,,,,,,,Св. мц. Харитини,Святої мучениці Харитини,Харитини,
10,6,,,r,🕂,+,&dagger;,🕂 Св. і славн. ап. Томи,🕂 Святого і славного апостола Томи,ап. Томи,
10,7,,,,🕃,&,,🕃 Свв. мчч. Сергія і Вакха,🕃 Святих мучеників Сергія і Вакха,Сергія і Вакха,
10,8,,,,,,,Прп. Пелагії,Преподобної матері нашої Пелагії,Пелагії,
10,9,,,r,🕂,+,&dagger;,🕂 Св. ап. Якова Алфеєвого,🕂 Святого апостола Якова Алфеєвого,ап. Якова,
10,9,,,,,,,Прп. Андроніка і дружини його Атанасії,Преподобного отця нашого Андроніка і дружини його Атанасії,,
10,10,,,,,,,Свв. мчч. Євлампія і Євлампії,Святих мучеників Євлампія і Євлампії,Євлампія і Євлампії,
10,11,,,,,,,"Св. ап. Филипа, одного із семи дияконів","Святого апостола Филипа, одного із семи дияконів","Филипа, диякона",
10,11,,,,,,,"Прп. Теофана Начертанного, єп. Нікейського і творця канонів","Преподобного Теофана Начертанного, єпископа Нікейського і творця канонів",,
10,12,,,,,,,"Свв. мчч. Прова, Тараха й Андроніка","Святих мучеників Прова, Тараха й Андроніка","Прова, Тараха, Андроніка",
10,12,,,,,,,"Прп. Косми Святоградця, єп. Маюмського і творця канонів","Преподобного отця нашого Косми Святоградця, єпископа Маюмського і творця канонів",,
10,12,,,,,,,"Пам’ять св. Мартина Милостивого, єп. Турського","Пам’ять святого отця нашого Мартина Милостивого, єпископа Турського",,
10,13,,,,,,,"Свв. мчч. Карпа, Папили й Агатоніки","Святих мучеників Карпа, Папили й Агатоніки","мчч.Карпа, Папили, Агатоніки",
10,14,,,,,,,"Свв. мчч. Назарія, Гервасія, Протасія й Келсія","Святих мучеників Назарія, Гервасія, Протасія й Келсія","Назарія, Гервасія",
10,14,,,,🕃,&,,🕃 Прп. Параскеви Терновської,🕃 Преподобної матері нашої Параскеви Терновської,,
10,14,,,,,,,"Блаж. сщмч. Романа Лиска, пресвіт.","Блаженного священномученика Романа Лиска, пресвітера",,
10,15,,,,,,,Прп. Євтимія Нового,Преподобного отця нашого Євтимія Нового,Євтимія Нового,
10,15,,,,,,,"Св. прпмч. Лук’яна, пресвіт. Великої Антіохії","Святого преподобномученика Лук’яна, пресвітера Великої Антіохії",,
10,16,,,,,,,"Св. мч. Лонгина, сотника","Святого мученика Лонгина, сотника",Лонгина,
10,17,,,,,,,Св. прор. Осії,Святого пророка Осії,Осії,
10,17,,,,,,,Св. прпмч. Андрія Критського,Святого преподобномученика Андрія Критського,Андрея Критського,
10,18,,,r,🕂,+,&dagger;,🕂 Св. ап. і єв. Луки,🕂 Святого апостола і євангелиста Луки,ап. Луки,
10,19,,,,,,,Св. прор. Йоїла,Святого пророка Йоїла,прор.Йоіла,
10,19,,,,,,,Св. мч. Уара,Святого мученика Уара,,
10,19,,,,🕃,&,,🕃 Прп. Івана Рильського,🕃 Преподобного отця нашого Івана Рильського,,
10,20,,,,🕃,&,,🕃 Св. вмч. Артемія,🕃 Святого великомученика Артемія,Артемія,
10,21,,,,🕃,&,,🕃 Прп. Іларіона Великого,🕃 Преподобного отця нашого Іларіона Великого,Іларіона Великого,
10,22,,,,,,,"Св. Івана Павла ІІ, папи","Святого отця нашого Івана Павла ІІ, папи",,
10,22,,,,,,,"Св. рівноап. Аверкія, єп. Єрапольського, чудотв.","Святого рівноапостольного Аверкія, єпископа Єрапольського, чудотворця",Аверкія,
10,22,,,,,,,"Свв. сімох отроків, що в Ефесі","Святих сімох отроків, що в Ефесі",,
10,23,,,r,🕃,@,,"🕃 Св. ап. Якова, брата Господнього","🕃 Святого апостола Якова, брата Господнього",ап.Якова,
10,24,,,,,,,"Св. мч. Арети і тих, що з ним","Святого мученика Арети і тих, що з ним",Арети,
10,25,,,,,,,Свв. мчч. і нотарів Маркіяна й Мартирія,Святих мучеників і нотарів Маркіяна й Мартирія,Маркіяна і Мартирія,
10,26,,i,r,🕁,*,&dagger;,🕁 Св. і славн. вмч. Димитрія Мироточця,🕁 Святого і славного великомученика Димитрія Мироточця,Димитрія мироточця,
10,27,,,,,,,Св. мч. Нестора,Святого мученика Нестора,мч.Нестора,
10,27,,,,,,,Свв. мцц. Капетоліни і рабині її Єротиїди,Святих мучениць Капетоліни і рабині її Єротиїди,,
10,28,,,r,🕃,@,,"🕃 Св. мц. Параскеви, що в Іконії, названої «П’ятниця»","🕃 Святої мучениці Параскеви, що в Іконії, названої «П’ятниця»",,
10,28,,,,,,,Свв. мчч. Терентія й Неоніли,Святих мучеників Терентія й Неоніли,Терентія і Неоніли,
10,28,,,,,,,"Прп. Стефана Саваїта, творця канонів","Преподобного отця нашого Стефана Саваїта, творця канонів",,
10,29,,,,,,,"Прп. Аврамія, архим., Ростовського чудотв.","Переставлення преподобного отця нашого Аврамія, архимандрита, Ростовського чудотворця",,
10,29,,,,,,,Св. прпмц. Анастасії Римлянки,Святої преподобномучениці Анастасії Римлянки,Анастасії Римлянки,
10,29,,,,,,,Прп. Аврамія Затворника,Преподобного отця нашого Аврамія Затворника,,
10,30,,,,,,,"Свв. мчч. Зиновія й Зиновії, сестри його","Святих мучеників Зиновія й Зиновії, сестри його",Зиновія і Зиновії,
10,30,,,,,,,"Блаж. сщмч. Олексія Зарицького, пресвіт.","Блаженного священномученика Олексія Зарицького, пресвітера",,
10,31,,,,,,,"Свв. апп. Стахія, Амплія і тих, що з ними","Святих апостолів Стахія, Амплія і тих, що з ними","апп.Стахія,Амплія",
10,31,,,,,,,Св. мч. Єпімаха,Святого мученика Єпімаха,,
11,1,,,r,🕂,+,&dagger;,"🕂 Сщмч. Теодора Ромжі, єп. Мукачівського","🕂Священномученика Теодора Ромжі, єпископа Мукачівського",сщмч.Теодора Ромжі,
11,1,,,,🕃,&,,🕃 Свв. чудотв. і безср. Косми й Дам’яна,🕃 Святих чудотворців і безсрібників Косми й Дам’яна,,
11,2,,,,,,,"Свв. мчч. Акиндина, Пигасія, Афтонія, Єлпидифора й Анемподиста","Святих мучеників Акиндина, Пигасія, Афтонія, Єлпидифора й Анемподиста",мчч. Акиндина та ін.,
11,3,,,,,,,"Свв. мчч. Акепсими, єп., Йосифа, пресвіт., і Аїтала, дияк.","Святих мучеників Акепсими, єпископа, Йосифа, пресвітера, і Аїтала, диякона",мчч.Апексими та ін.,
11,3,,,,,,,"Оновлення храму св. вмч. Юрія, що в Лідді, де спочиває його чесне тіло","Оновлення храму Святого великомученика Юрія, що в Лідді, де спочиває його чесне тіло",,
11,4,,,,,,,Прп. Йоанікія Великого,Преподобного отця нашого Йоанікія Великого,прп.Йоаникія Великого,
11,4,,,,,,,"Св. мч. Нікандра, єп. Мирського","Святого мученика Нікандра, єпископа Мирського",,
11,4,,,,,,,"Св. Єрмея, пресвіт.","Святого Єрмея, пресвітера",,
11,5,,,,,,,Свв. мчч. Галактіона і Єпістими,Святих мучеників Галактіона і Єпістими,мчч.Галактіона і Епістими,
11,6,,,,🕃,&,,"🕃 Св. Павла, архиєп. Царгородського, ісп.","🕃 Святого Павла, архиєпископа Царгородського, ісповідника",св. Павла,
11,7,,,,,,,"Свв. тридцяти трьох мчч., що в Мелітині","Святих тридцяти трьох мучеників, що в Мелітині","мчч., що в Елітині",
11,7,,,,,,,"Прп. і чудотв. Лазаря, що постив на Галисійській горі","Преподобного отця нашого і чудотворця Лазаря, що постив на Галисійській горі",,
11,8,,i,r,🕁,*,&dagger;,🕁 Собор св. архистр. Михаїла та інших безтілесних сил,🕁 Собор святого архистратига Михаїла та інших безтілесних сил,арх.Михаїла,
11,9,,,,,,,Свв. мчч. Онисифора й Порфирія,Святих мучеників Онисифора й Порфирія,мчч.Онисифора й Порфирія,
11,9,,,,,,,Прп. Матрони,Преподобної матері нашої Матрони,,
11,9,,,,,,,"Прп. Теоктисти, що з Лезви","Преподобної Теоктисти, що з Лезви",,
11,10,,,,,,,"Свв. апп. Ераста, Олімпа, Родіона і тих, що з ними","Святих апостолів Ераста, Олімпа, Родіона і тих, що з ними","апп.Єраста, Олімпа",
11,11,,,,,,,"Свв. мчч. Мини, Віктора й Вінкентія","Святих мучеників Мини, Віктора й Вінкентія","мчч.Мини, Віктора",
11,11,,,,,,,Св. мц. Стефаніди,Святої мучениці Стефаніди,,
11,11,,,,,,,Прп. й ісп. Теодора Студійського,Преподобного отця нашого й ісповідника Теодора Студійського,,
11,12,,,r,🕁,*,&dagger;,"🕁 Св. сщмч. Йосафата, архиєп. Полоцького","🕁 Святого священномученика Йосафата, архиєпископа Полоцького",свщмч.Йосафата,
11,12,,,,🕃,&,,"🕃 Св. Івана Милостивого, патр. Олександрійського","🕃 Святого отця нашого Івана Милостивого, патріарха Олександрійського",,
11,12,,,,,,,Прп. Ніла,Преподобного отця нашого Ніла,,
11,12,,,,,,,"Блаж. сщмч. Григорія Лакоти, єп.","Блаженного священномученика Григорія Лакоти, єпископа",,
11,13,,,r,🕂,+,&dagger;,"🕂 Св. Івана Золотоустого, архиєп. Царгородського","🕂 Святого отця нашого Івана Золотоустого, архиєпископа Царгородського",свт.Йоана Золотоустого,
11,14,,,r,🕂,+,&dagger;,🕂 Св. і всехв. ап. Филипа,🕂 Святого і всехвального апостола Филипа,ап.Филипа,
11,15,,,,,,,"Свв. мчч. та ісп. Гурія, Самона й Авіва","Святих мучеників та ісповідників Гурія, Самона й Авіва","Гурія, Самона, Авіва",
11,15,,i,r,,,,Початок Різдвяного посту,У цей день починається Різдвяний піст,,
11,16,,,r,🕂,+,&dagger;,🕂 Св. ап. і єв. Матея,🕂 Святого апостола і євангелиста Матея,ап.Матея,
11,17,,,,,,,"Св. Григорія, єп. Неокесарійського, чудотв.","Святого отця нашого Григорія, єпископа Неокесарійського, чудотворця",Григорія Чудотворця,
11,17,,,,,,,"Блаж. сщмч. Йосафата Коциловського, єп. Перемишльського","Блаженного священномученика Йосафата Коциловського, єпископа Перемишльського",,
11,18,,,,,,,Свв. мчч. Платона й Романа,Святих мучеників Платона й Романа,мчч.Платона і Романа,
11,19,,,,,,,Св. прор. Авдія,Святого пророка Авдія,Авдія,
11,19,,,,,,,Св. мч. Варлаама,Святого мученика Варлаама,Варлаама,
11,20,,,r,🕂,+,&dagger;,🕂 Прп. Йосафати Гордашевської,🕂 Преподобної матері нашої Йосафати Гордашевської,прп. Йосафати,
11,20,,,,,,,Передсвяття Введення у храм Пресвятої Богородиці,Передсвяття Введення у храм Пресвятої Богородиці,,
11,20,,,,,,,Прп. Григорія Декаполіта,Преподобного Григорія Декаполіта,,
11,20,,,,,,,"Св. Прокла, архиєп. Царгородського","Святого отця нашого Прокла, архиєпископа Царгородського",,
11,21,b,i,r,🕀,#,&oplus;,🕀 Введення у храм Пресвятої Владичиці нашої Богородиці і Приснодіви Марії,🕀 Введення у храм Пресвятої Владичиці нашої Богородиці і Приснодіви Марії,Введення в храм,
11,22,,,,,,,"Св. ап. Филимона і тих, що з ним","Святого апостола Филимона і тих, що з ним",ап.Филимона,
11,23,,,,,,,"Свв. Амфілохія, єп. Іконійського, і Григорія, єп. Акрагантійського","Святих отців наших Амфілохія, єпископа Іконійського, і Григорія, єпископа Акрагантійського",Амфілохія,
11,24,,,,🕃,&,,🕃 Св. вмц. Катерини,🕃 Святої великомучениці Катерини,Катерини,
11,24,,,,,,,Св. вмч. Меркурія,Святого великомученика Меркурія,Меркурія,
11,25,,,,,,,"Свв. сщмчч. Климента, папи Римського, і Петра, єп. Олександрійського","Святих отців наших і священномучеників Климента, папи Римського, і Петра, єпископа Олександрійського",,
11,25,,i,r,,,,Віддання Введення у храм Пресв. Богородиці,У цей день віддається свято Введення у храм Пресвятої Богородиці,Відання Введення,
11,26,,,,,,,Прп. Аліпія Стовпника,Преподобного отця нашого Аліпія Стовпника,Аліпія Стовпника,
11,26,,,,,,,"Пам’ять посвячення храму Св. вмч. Юрія, що в Києві перед воротами Св. Софії","Пам’ять посвячення храму Святого великомученика Юрія, що в Києві перед воротами Святої Софії",,
11,27,,,,,,,Св. вмч. Якова Перського,Святого великомученика Якова Перського,Якова Персянина,
11,27,,,,,,,Прп. Палладія,Преподобного отця нашого Палладія,,
11,28,,,,🕃,&,,🕃  Прпмч. Стефана Нового,🕃 Преподобномученика Стефана Нового,Стефана Нового,
11,28,,,,,,,Св. мч. Іринарха,Святого мученика Іринарха,,
11,29,,,,,,,Св. мч. Парамона,Святого мученика Парамона,Парамона,
11,29,,,,,,,Св. мч. Філумена,Святого мученика Філумена,Філумена,
11,29,,,,,,,"Прп. Акакія, що згадується в «Ліствиці»","Преподобного Акакія, що згадується в «Ліствиці»",,
11,30,,,r,🕂,+,&dagger;,🕂 Св. всехв. ап. Андрія Первозваного,🕂 Святого всехвального апостола Андрія Первозваного,Андрея Первозванного,
12,1,,,,,,,Св. прор. Наума,Святого пророка Наума,Наума,
12,2,,,,,,,Св. прор. Аввакума,Святого пророка Аввакума,Аввакума,
12,2,,,,,,,"Блаж. сщмч. Івана Слезюка, єп.","Блаженного священномученика Івана Слезюка, єпископа",,
12,3,,,,,,,Св. прор. Софонії,Святого пророка Софонії,Софонії,
12,4,,,,🕃,&,,🕃 Св. вмц. Варвари,🕃 Святої великомучениці Варвари,Варвари,
12,4,,,,,,,Прп. Івана Дамаскина,Преподобного отця нашого Івана Дамаскина,Дамаскина,
12,5,,,r,🕂,+,&dagger;,🕂 Прп. й богоносного Сави Освященного,🕂 Преподобного й богоносного отця нашого Сави Освященного,Сави Освященного,
12,6,,,r,🕁,*,&dagger;,"🕁 Св. Миколая, архиєп. Мир Ликійських, чудотв.","🕁 Святого отця нашого Миколая, архиєпископа Мир Ликійських, чудотворця",свт. Миколая,
12,7,,,,,,,"Св. Амвросія, єп. Медіоланського","Святого отця нашого Амвросія, єпископа Медіоланського",Амвросія Медіолянського,
12,8,,,,,,,Прп. Патапія,Преподобного отця нашого Патапія,Патапія,
12,9,,,r,🕁,*,&dagger;,🕁 Непорочне Зачаття Пресв. Богородиці св. Анною,🕁 Непорочне Зачаття Пресвятої Богородиці св. Анною,Зачаття св. Анни,
12,10,,,,,,,"Свв. мчч. Мини, Єрмогена і Євграфа","Святих мучеників Мини, Єрмогена і Євграфа","Мини, Єрмогена",
12,11,,,,,,,Прп. Даниїла Стовпника,Преподобного отця нашого Даниїла Стовпника,Даниїла,
12,12,,,,🕃,&,,"🕃 Прп. Спиридона, чудотв., єп. Трімитійського","🕃 Преподобного отця нашого Спиридона, чудотворця, єпископа Трімитійського",Спиридона,
12,13,,,r,🕂,+,&dagger;,"🕂 Свв. мчч. Євстратія, Авксентія, Євгенія, Мардарія й Ореста","🕂 Святих мучеників Євстратія, Авксентія, Євгенія, Мардарія й Ореста","мчч.Євстратія, Авксентія",
12,13,,,,,,,"Св. мц. Лукії, діви","Святої мучениці Лукії, діви",,
12,14,,,,,,,"Свв. мчч. Тирса, Левкія, Филимона, Аполлонія й Каленика","Святих мучеників Тирса, Левкія, Филимона, Аполлонія й Каленика","мчч.Тирса, Левкія",
12,15,,,,🕃,&,,"🕃 Св. Стефана ісп., архиєп. Сурозького","🕃 Святого отця нашого Стефана ісповідника, архиєпископа Сурозького",,
12,15,,,,,,,Св. сщмч. Єлевтерія,Святого священномученика Єлевтерія,Єлевтерія,
12,15,,,,,,,"Прп. Павла, що в Латрі","Преподобного отця нашого Павла, що в Латрі",,
12,16,,,,,,,Св. прор. Аггея,Святого пророка Аггея,Аггея,
12,17,,,,🕃,&,,🕃 Св. прор. Даниїла,🕃 Святого пророка Даниїла,Даниїла,
12,17,,,,,,,"Свв. трьох отроків: Ананії, Азарії й Мисаїла","Святих трьох отроків: Ананії, Азарії й Мисаїла",трьох отроків,
12,18,,,,,,,"Св. мч. Севастіана і тих, що з ним","Святого мученика Севастіана і тих, що з ним",Севастіана,
12,19,,,,,,,Св. мч. Боніфатія,Святого мученика Боніфатія,Боніфатія,
12,20,,,,🕃,&,,🕃 Передсвяття Різдва Господа Бога і Спаса нашого Ісуса Христа,🕃 Передсвяття Різдва Господа Бога і Спаса нашого Ісуса Христа,,
12,20,,,,,,,Св. сщмч. Ігнатія Богоносця,Святого священномученика Ігнатія Богоносця,Ігнатія Богоносця,
12,21,,,,,,,Передсвяття Різдва Христового,Передсвяття Різдва Христового,,
12,21,,,,,,,Св. мц. Юліанії,Святої мучениці Юліанії,Юліанії,
12,22,,,,,,,Передсвяття Різдва Христового,Передсвяття Різдва Христового,,
12,22,,,,,,,Св. вмц. Анастасії,Святої великомучениці Анастасії,Анастасії,
12,23,,,,,,,Передсвяття Різдва Христового,Передсвяття Різдва Христового,,
12,23,,,,,,,"Свв. десятьох мчч., що в Криті","Святих десятьох мучеників, що в Криті",мчч. в Кріті,
12,24,,,r,,,,Навечір’я Різдва Христового,Навечір’я Різдва Христового,Навечіря Різдва,
12,24,,,,,,,Св. прпмц. Євгенії,Святої преподобномучениці Євгенії,Євгенії,
12,25,b,,r,🕀,#,&oplus;,🕀 Різдво Господа Бога і Спаса нашого Ісуса Христа,🕀 Різдво Господа Бога і Спаса нашого Ісуса Христа,Різдво ГНІХ,
12,26,,,r,🕃,@,,🕃 Собор Пресвятої Богородиці,🕃 Собор Пресвятої Богородиці,Собор Пресвятої Богородиці,
12,26,,,,,,,"Св. сщмч. Євтимія, єп. Сардійського","Святого священномученика Євтимія, єпископа Сардійського",,
12,27,,,,🕃,&,,"🕃 Св. ап., первмч. й архдияк. Стефана","🕃 Святого апостола, первомученика й архидиякона Стефана",первомч.Стефана,
12,27,,,,,,,"Прп. й ісп. Теодора Начертанного, брата Теофана, творця канонів","Преподобного отця нашого й ісповідника Теодора Начертанного, брата Теофана, творця канонів",,
12,28,,,,,,,"Свв. двадцяти тисяч мчч., спалених у Нікомидії","Святих двадцяти тисяч мучеників, спалених у Нікомидії",20000 мчч.,
12,28,,,,,,,"Блаж. сщмч. Григорія Хомишина, єп. Станіславівського","Блаженного священномученика Григорія Хомишина, єпископа Станіславівського",,
12,29,,,,,,,"Свв. немовлят, за Христа вбитих у Вифлеємі","Святих немовлят, за Христа вбитих у Вифлеємі",свв.младенців Вифлеємських,
12,29,,,,,,,"Прп. Маркелла, ігум. монастиря невсипущих","Преподобного отця нашого Маркелла, ігумена монастиря невсипущих",,
12,30,,,,,,,Св. мц. Анісії,Святої мучениці Анісії,Анісії,
12,30,,,,,,,"Прп. Зотика, пресвіт. і кормителя сиріт","Преподобного Зотика, пресвітера і кормителя сиріт",,
12,31,,,,,,,Прп. Меланії Римлянки,Преподобної матері нашої Меланії Римлянки,Меланії Римлянки,
12,31,,i,r,,,,Віддання Різдва Христового,У цей день віддається свято Різдва Христового,,
1,1,b,,r,🕀,#,&oplus;,🕀 Обрізання Господа Бога і Спаса нашого Ісуса Христа,🕀 Обрізання Господа Бога і Спаса нашого Ісуса Христа,Обрізання,
1,1,b,,r,,,,"Св. Василія Великого, архиєп. Кесарії Каппадокійської","Святого отця нашого Василія Великого, архиєпископа Кесарії Каппадокійської",Василія Великого,
1,2,,,,,,,Передсвяття Богоявлення,Передсвяття Богоявлення,,
1,2,,,,,,,"Св. Сильвестра, папи Римського","Святого Сильвестра, папи Римського","Сильвестра, папи Римського",
1,3,,,,,,,Передсвяття Богоявлення,Передсвяття Богоявлення,,
1,3,,,,,,,Св. прор. Малахії,Святого пророка Малахії,Малахії,
1,3,,,,,,,Св. мч. Гордія,Святого мученика Гордія,Гордія,
1,4,,,,,,,Передсвяття Богоявлення,Передсвяття Богоявлення,,
1,4,,,,,,,Собор свв. сімдесяти апп.,Собор святих сімдесяти апостолів,70 апостолів,
1,4,,,,,,,"Прп. Теоктиста, ігум., що в Кукумі Сікелійській","Преподобного отця нашого Теоктиста, ігумена, що в Кукумі Сікелійській",прп. Теоктиста,
1,5,,,r,,,,Навечір’я Богоявлення,Навечір’я Богоявлення,Навечір'я Богоявлення,
1,5,,,,,,,Свв. мчч. Теопемпта й Теони,Святих мучеників Теопемпта й Теони,,
1,5,,,,,,,Прп. Синклитікії Олександрійської,Преподобної Синклитікії Олександрійської,,
1,6,b,,r,🕀,#,&oplus;,🕀 Святе Богоявлення Господа Бога і Спаса нашого Ісуса Христа,🕀 Святе Богоявлення Господа Бога і Спаса нашого Ісуса Христа,Богоявлення ГНІХ,
1,7,,,r,🕃,@,,"🕃 Собор св. славн. прор., предтечі і хрестителя Господнього Івана","🕃 Собор святого славного пророка, предтечі і хрестителя Господнього Івана",Собор Івана,
1,8,,,,,,,Прп. Юрія Хозевіта,Преподобного отця нашого Юрія Хозевіта,Юрія Хозевіта,
1,8,,,,,,,"Св. Еміліяна, ісп.","Святого Еміліяна, ісповідника",,
1,8,,,,,,,Прп. Домніки,Преподобної матері нашої Домніки,Домніки,
1,9,,,,,,,Св. мч. Полієвкта,Святого мученика Полієвкта,мч. Полієвкта,
1,10,,,,,,,"Св. Григорія, єп. Ниського","Святого отця нашого Григорія, єпископа Ниського",Григорія Ніського,
1,10,,,,,,,"Прп. Дометіяна, єп. Мелітинського","Преподобного Дометіяна, єпископа Мелітинського",Дометіана,
1,10,,,,,,,"Прп. Маркіяна, пресвіт. й економа Великої Церкви","Преподобного Маркіяна, пресвітера й економа Великої Церкви",,
1,11,,,r,🕂,+,&dagger;,"🕂 Прп. Теодосія, спільного життя засновника","🕂 Преподобного отця нашого Теодосія, спільного життя засновника",Теодосія,
1,12,,,,,,,Св. мц. Тетяни,Святої мучениці Тетяни,Татіяни,
1,13,,,,,,,Свв. мчч. Єрмила і Стратоніка,Святих мучеників Єрмила і Стратоніка,"Єрміла, Стратоніка",
1,14,,,,,,,"Прпп., у Синаї і Раїті повбиваних","Преподобних отців наших, у Синаї і Раїті повбиваних",,
1,14,,,,,,,"Пам’ять переставл. св. рівноап. Ніни, просвітительки Грузії","Пам’ять переставлення святої рівноапостольної Ніни, просвітительки Грузії",,
1,14,,i,r,,,,Віддання Богоявлення,У цей день віддається свято Богоявлення,віддання_Богоявління,
1,15,,,,🕃,&,,🕃 Прпп. Павла Тивейського та Івана Кущника,🕃 Преподобних отців наших Павла Тивейського та Івана Кущника,Павла Тивейського,
1,16,,,,🕃,&,,🕃 Поклін чесним оковам св. і всехв. ап. Петра,🕃 Поклін чесним оковам святого і всехвального апостола Петра,Поклін оковам Петра,
1,17,,,r,🕂,+,&dagger;,🕂 Прп. й богоносного Антонія Великого,🕂 Преподобного й богоносного отця нашого Антонія Великого,Антонія Великого,
1,18,,,,🕃,&,,🕃 Свв. і архиєпп. Олександрійських Атанасія й Кирила,🕃 Святих отців наших і архиєпископів Олександрійських Атанасія й Кирила,Атанасія і Кирила,
1,19,,,,🕃,&,,🕃 Прп. Макарія Єгипетського,🕃 Преподобного отця нашого Макарія Єгипетського,Макарія Єгипетського,
1,20,,,r,🕂,+,&dagger;,🕂 Прп. й богоносного Євтимія Великого,🕂 Прeподобного й богоносного отця нашого Євтимія Великого,Євтимія Великого,
1,21,,,,,,,Прп. Максима Ісповідника,Преподобного отця нашого Максима Ісповідника,Максима Ісповідника,
1,21,,,,,,,Св. мч. Неофіта,Святого мученика Неофіта,,
1,21,,,,,,,"Свв. мчч. Євгенія, Кандида, Валеріяна й Акили","Святих мучеників Євгенія, Кандида, Валеріяна й Акили",,
1,22,,,,,,,Св. ап. Тимотея,Святого апостола Тимотея,Тимотея,
1,22,,,,,,,Св. прпмч. Анастасія Перського,Святого преподобномученика Анастасія Перського,,
1,23,,,,,,,Блаж. Пратулинських мчч.,"Блаженних Пратулинських мучеників: Вінкентія, Микити, Івана, Константина, Михаїла, Онуфрія, Филипа, Максима, Даниїла, Константина, Вартоломея, Луки й Ігнатія",Пратулинських мчч.,
1,23,,,,,,,"Св. сщмч. Климента, єп. Анкирського","Святого священномученика Климента, єпископа Анкирського",,
1,23,,,,,,,Св. мч. Агатангела,Святого мученика Агатангела,,
1,24,,,,,,,Прп. Ксенії Римлянки,Преподобної матері нашої Ксенії Римлянки,Ксенії Римлянки,
1,25,,,r,🕂,+,&dagger;,"🕂 Св. Григорія Богослова, архиєп. Царгородського","🕂 Святого отця нашого Григорія Богослова, архиєпископа Царгородського",Григорія Богослова,
1,26,,,,,,,"Прп. Ксенофонта, дружини його Марії","Преподобного отця нашого Ксенофонта, дружини його Марії",Ксенофонта,
1,27,,,r,🕂,+,&dagger;,🕂 Перенесення чесних мощів св. Івана Золотоустого,🕂 Перенесення чесних мощів святого отця нашого Івана Золотоустого,Перен. мощей Івана Зол.,
1,28,,,,🕃,&,,🕃 Прп. Єфрема Сирійця,🕃 Преподобного отця нашого Єфрема Сирійця,Єфрема Сирійця,
1,29,,,,🕃,&,,🕃 Перенесення мощів св. сщмч. Ігнатія Богоносця,🕃 Перенесення мощів святого священномученика Ігнатія Богоносця,Ігнатія Богоносця,
1,30,,,r,🕁,*,&dagger;,"🕁 Свв. трьох святителів, великих архиєреїв: Василія Великого, Григорія Богослова та Івана Золотоустого","🕁 Святих трьох святителів, великих архиєреїв: Василія Великого, Григорія Богослова та Івана Золотоустого",Трьох святителів,
1,30,,,,,,,Св. сщмч. Іполита,Святого священномученика Іполита,,
1,31,,,,🕃,&,,🕃 Свв. чудотв. і безср. Кира й Івана,🕃 Святих чудотворців і безсрібників Кира й Івана,Кира й Івана,
1,31,,,,,,,Прп. Івана Боско,Преподобного отця нашого Івана Боско,,
2,1,,,,🕃,&,,🕃 Передсвяття Стрітення Господа Бога і Спаса нашого Ісуса Христа,🕃 Передсвяття Стрітення Господа Бога і Спаса нашого Ісуса Христа,,
2,1,,,,,,,Св. мч. Трифона,Святого мученика Трифона,Трифона,
2,2,b,,r,🕀,#,&oplus;,🕀 Стрітення Господа Бога і Спаса нашого Ісуса Христа,🕀 Стрітення Господа Бога і Спаса нашого Ісуса Христа,Стрітення ГНІХ,
2,3,,,,🕃,&,,"🕃 Св. і прав. Симеона Богоприємця і Анни, пророчиці","🕃 Святого і праведного Симеона Богоприємця і Анни, пророчиці","Симеона, Анни",
2,4,,,,,,,Прп. Ісидора Пилусіотського,Преподобного отця нашого Ісидора Пилусіотського,Ісидора,
2,5,,,,,,,Св. мц. Агафії,Святої мучениці Агафії,Агафії,
2,6,,,,,,,"Прп. Вукола, єп. Смирнського","Преподобного отця нашого Вукола, єпископа Смирнського",Вукола,
2,6,,,,,,,"Св. сщмч. Сілвана, єп. Ємеського, і тих, що з ним","Святого священномученика Сілвана, єпископа Ємеського, і тих, що з ним",,
2,7,,,,,,,"Прп. Партенія, єп. Лампсакійського","Преподобного отця нашого Партенія, єпископа Лампсакійського",Партенія,
2,7,,,,,,,"Блаж. сщмч. Петра Вергуна, пресвіт.","Блаженного священномученика Петра Вергуна, пресвітера",,
2,8,,,,🕃,&,,🕃 Св. вмч. Теодора Стратилата,🕃 Святого великомученика Теодора Стратилата,Теодора Стратилата,
2,8,,,,,,,Св. прор. Захарії Серповидця,Святого пророка Захарії Серповидця,,
2,9,,,,,,,Св. мч. Никифора,Святого мученика Никифора,Никифора,
2,10,,,,,,,Св. мч. Харалампія,Святого мученика Харалампія,Харлампія,
2,11,,,,,,,"Св. сщмч. Власія, єп. Севастійського","Святого священномученика Власія, єпископа Севастійського",Власія,
2,12,,,,,,,"Св. Мелетія, архиєп. Антіохійського","Святого отця нашого Мелетія, архиєпископа Антіохійського",Мелетія,
2,13,,,,,,,Прп. Мартиніана,Преподобного отця нашого Мартиніана,Мартиніана,
2,13,,,,,,,Свв. жінок Зої і Фотини (Світлани),Святих жінок Зої і Фотини (Світлани),,
2,14,,,r,🕂,+,&dagger;,"🕂 Переставл. прп. Константина, філософа, у монахах Кирила, учителя слов’янського","🕂 Переставлення преподобного отця нашого Константина, філософа, у монахах Кирила, учителя слов’янського",,
2,14,,,,,,,Прп. Авксентія,Преподобного отця нашого Авксентія,Авксентія,
2,14,,,,,,,"Прп. Марона, пустинника, чудотв.","Преподобного Марона, пустинника, чудотворця",,
2,15,,,,,,,Св. ап. Онисима,Святого апостола Онисима,Онисима,
2,16,,,,,,,"Свв. мчч. Памфила, єрея, Порфирія і тих, що з ними","Святих мучеників Памфила, єрея, Порфирія і тих, що з ними","Памфила, Порфирія",
2,17,,,,🕃,&,,🕃 Св. вмч. Теодора Тирона,🕃 Святого великомученика Теодора Тирона,Теодора Тирона,
2,18,,,,,,,"Св. Лева, папи Римського","Святого отця нашого Лева, папи Римського","Льва, папи Римського",
2,19,,,,,,,Св. ап. Архипа,Святого апостола Архипа,ап. Архипа,
2,20,,,,,,,"Прп. Лева, єп. Катанського","Преподобного отця нашого Лева, єпископа Катанського",прп. Льва,
2,21,,,,,,,"Прп. Тимотея, що в Символах","Преподобного отця нашого Тимотея, що в Символах",Тимотея,
2,21,,,,,,,"Св. Євстатія, архиєп. Великої Антіохії","Святого отця нашого Євстатія, архиєпископа Великої Антіохії",Євстатія,
2,22,,,,,,,"Віднайдення чесних мощів свв. мчч., що в Євгенії","Віднайдення чесних мощів святих мучеників, що в Євгенії",Віднайд. мощей в Євгенії,
2,23,,,,,,,"Св. сщмч. Полікарпа, єп. Смирнського","Святого священномученика Полікарпа, єпископа Смирнського",Полікарпа,
2,24,,,r,🕂,+,&dagger;,"🕂 Перше і друге знайдення чесної голови св. славн. прор., предтечі і хрестителя Господнього Івана","🕂 Перше і друге знайдення чесної голови святого славного пророка, предтечі і хрестителя Господнього Івана",1 і 2 знайд. глави Івана Предтечі,
2,25,,,,,,,"Св. Тарасія, архиєп. Царгородського","Святого отця нашого Тарасія, архиєпископа Царгородського",Тарасія,
2,26,,,,,,,"Св. Порфирія, єп. Газького","Святого отця нашого Порфирія, єпископа Газького",Порфирія,
2,26,,,,,,,Блаж. Едігни,Блаженної Едігни,,
2,27,,,,,,,Прп. й ісп. Прокопія Декаполіта,Преподобного отця нашого й ісповідника Прокопія Декаполіта,Прокопія,
2,28,,,,,,,"Прп. й ісп. Василія, співпосника Прокопового","Преподобного отця нашого й ісповідника Василія, співпосника Прокопового",Василія,
2,29,,,,,,,Прп. Касіана,Преподобного отця нашого Касіана,Касіана,
3,1,,,,,,,Св. прпмц. Євдокії,Святої преподобномучениці Євдокії,Євдокії,
3,2,,,,,,,"Св. сщмч. Теодота (Богдана), єп. Киринейського","Святого священномученика Теодота (Богдана), єпископа Киринейського",Теодота,
3,3,,,,,,,"Свв. мчч. Євтропія, Клеоніка й Василиска","Святих мучеників Євтропія, Клеоніка й Василиска",мч. Євтропія,
3,4,,,,,,,"Прп. Герасима, що на Йордані","Преподобного отця нашого Герасима, що на Йордані",прп. Герасима,
3,5,,,,,,,Св. мч. Конона,Святого мученика Конона,Теодора Тирона,
3,6,,,,,,,"Свв. сорока двох мчч., що в Аморії","Святих сорока двох мучеників, що в Аморії",мчч. Аморейських,
3,7,,,,,,,"Свв. сщмчч., що були єпп. в Херсоні: Василія, Єфрема, Капітона, Євгенія, Етерія й інших","Святих священномучеників, що були єпископами в Херсоні: Василія, Єфрема, Капітона, Євгенія, Етерія й інших",сщмчч. Херсонських,
3,7,,,,,,,Блаж. сщмч. Леоніда-Леонтія Федорова,Блаженного священномученика Леоніда-Леонтія Федорова,,
3,8,,,,,,,"Прп. й ісп. Теофілакта, єп. Нікомидійського","Преподобного отця нашого й ісповідника Теофілакта, єпископа Нікомидійського",Теофілакта,
3,9,,,r,🕂,+,&dagger;,"🕂 Свв. сорока мчч., замучених у Севастійському озері","🕂 Святих сорока мучеників, замучених у Севастійському озері",40 Севастійських мчч.,
3,10,,,,,,,"Св. мч. Кодрата і тих, що з ним: Кипріана, Ніки, Галини та інших","Святого мученика Кодрата і тих, що з ним: Кипріана, Ніки, Галини та інших",мч. Кондрата,
3,11,,,,,,,"Св. Софронія, патр. Єрусалимського","Святого отця нашого Софронія, патріарха Єрусалимського",Софронія,
3,12,,,,,,,Прп. й ісп. Теофана Сигріанського,Преподобного отця нашого й ісповідника Теофана Сигріанського,Теофана,
3,12,,,,,,,"Св. Григорія Двоєслова, папи Римського","Святого отця нашого Григорія Двоєслова, папи Римського",Григорія Двоєслова,
3,13,,,,,,,"Перенесення мощів св. Никифора, патр. Царгородського","Перенесення мощів святого отця нашого Никифора, патріарха Царгородського",Никифора,
3,14,,,,,,,Прп. Венедикта,Преподобного отця нашого Венедикта,Венедикта,
3,15,,,,,,,Св. мч. Агапія і з ним шести мчч.,Святого мученика Агапія і з ним шести мучеників,мч. Агапія,
3,16,,,,,,,Свв. мчч. Савина й Папи,Святих мучеників Савина й Папи,Савина й Папи,
3,17,,,,,,,"Прп. Олексія, чоловіка Божого","Преподобного отця нашого Олексія, чоловіка Божого","Олексія, чоловіка Божого",
3,18,,,,,,,"Св. Кирила, архиєп. Єрусалимського","Святого отця нашого Кирила, архиєпископа Єрусалимського",Кирила Єрусалимського,
3,19,,,,,,,Свв. мчч. Хризанта й Дарії,Святих мучеників Хризанта й Дарії,Хризанта і Дарії,
3,20,,,,,,,"Прпп. отців, яких убили сарацини в обителі Св. Сави","Преподобних отців наших, яких убили сарацини в обителі Святого Сави",прп отців обителі св. Сави,
3,21,,,,,,,"Прп. й ісп. Якова, єп. Катанського","Преподобного отця нашого й ісповідника Якова, єпископа Катанського",Якова Катанського,
3,22,,,,,,,"Св. сщмч. Василія, пресвіт. Анкирського","Святого священномученика Василія, пресвітера Анкирського",Василія Анкирського,
3,23,,,,,,,"Св. прпмч. Нікона і 200 учнів його, з ним замучених","Святого преподобномученика Нікона і двохсот учнів його, з ним замучених",прпмч. Нікона,
3,24,,,,🕃,&,,🕃 Передсвяття Благовіщення Пресвятої Богородиці,🕃 Передсвяття Благовіщення Пресвятої Богородиці,передсв. Благовіщення,
3,24,,,,,,,Прп. Захарії,Преподобного отця нашого Захарії,Захарії,
3,24,,,,,,,"Св. Артемона, єп. Селевкії Пісідійської","Святого отця нашого Артемона, єпископа Селевкії Пісідійської",,
3,25,b,,r,🕀,#,&oplus;,🕀 Благовіщення Пресв. Владичиці нашої Богородиці і Приснодіви Марії,🕀 Благовіщення Пресвятої Владичиці нашої Богородиці і Приснодіви Марії,Благовіщення Богородиці,
3,25,,,,,,,"Блаж. сщмч. Омеляна Ковча, пресвіт.","Блаженного священномученика Омеляна Ковча, пресвітера",,
3,26,,,r,🕃,@,,🕃 Собор архангела Гавриїла,🕃 Собор архангела Гавриїла,Собор Гавриїла,
3,27,,,,,,,"Св. Матрони, що в Солуні","Святої матері нашої Матрони, що в Солуні",Матрони,
3,28,,,,,,,Прп. Іларіона Нового,Преподобного отця нашого Іларіона Нового,Іларіона Нового,
3,28,,,,,,,"Св. Стефана, чудотв.","Святого Стефана, чудотворця",,
3,29,,,,,,,"Прп. Марка, єп. Аретусійського, і Кирила дияк., та інших, що з ним постраждали при Юліані, мучителеві","Преподобного отця нашого Марка, єпископа Аретусійського, і Кирила диякона, та інших, що з ним постраждали при Юліані, мучителеві",прп. Марка,
3,30,,,,,,,"Прп. Івана, автора «Ліствиці»","Препoдобного отця нашого Івана, автора «Ліствиці»",Йоана Ліствичника,
3,31,,,,,,,"Прп. Іпатія, єп. Гангренського","Преподобного отця нашого Іпатія, єпископа Гангренського",Ігнатія,
4,1,,,,,,,Прп. Марії Єгипетської,Преподобної матері нашої Марії Єгипетської,Марії Єгипетської,
4,2,,,,,,,"Прп. Тита, чудотв.","Преподобного отця нашого Тита, чудотворця",Тита,
4,3,,,,,,,"Прп. й ісп. Микити, ігум. обителі Мидикійської","Преподобного отця нашого й ісповідника Микити, ігумена обителі Мидикійської",Микити,
4,4,,,,,,,"Прпп. Йосифа, піснописця, і Юрія, що в Малеї","Преподобних отців наших Йосифа, піснописця, і Юрія, що в Малеї",Йосифа і Юрія,
4,5,,,,,,,"Свв. мчч. Теодула й Агатопода, і тих, що з ними","Святих мучеників Теодула й Агатопода, і тих, що з ними",Теодула,
4,6,,,r,🕂,+,&dagger;,"🕂 Переставл. св. Методія, учителя слов’янського","🕂 Переставлення святого отця нашого Методія, учителя слов’янського",,
4,6,,,,,,,"Св. Євтихія, архиєп. Царгородського","Святого отця нашого Євтихія, архиєпископа Царгородського",Євтихія,
4,7,,,,,,,"Прп. Юрія, єп. Мітилинського","Преподобного отця нашого Юрія, єпископа Мітилинського",Юрія Митилинського,
4,8,,,,,,,"Свв. апп. Іродіона, Агава, Руфа, Асинкріта, Флегонта і Єрма","Святих апостолів Іродіона, Агава, Руфа, Асинкріта, Флегонта і Єрма","апп. Іродіона, Агава",
4,9,,,,,,,Св. мч. Євпсихія,Святого мученика Євпсихія,Євпсихія,
4,10,,,,,,,"Свв. мчч. Терентія, Помпія і тих, що з ними","Святих мучеників Терентія, Помпія і тих, що з ними","мчч. Терентія, Помпія",
4,11,,,,,,,"Св. сщмч. Антипи, єп. Пергаму Азійського","Святого священномученика Антипи, єпископа Пергаму Азійського",Антипи,
4,12,,,,,,,"Прп. й ісп. Василія, єп. Парійського","Преподобного отця нашого й ісповідника Василія, єпископа Парійського",Василія Парійського,
4,13,,,,,,,"Св. сщмч. Артемона і тих, що з ним","Святого священномученика Артемона і тих, що з ним",Артемона,
4,14,,,,,,,"Св. Мартина Ісповідника, папи Римського","Святого отця нашого Мартина Ісповідника, папи Римського",Мартина Ісповідника,
4,14,,,,,,,"Свв. мчч. Віленських: Антонія, Івана і Євстатія","Святих мучеників Віленських: Антонія, Івана і Євстатія",,
4,15,,,,,,,"Свв. апп. Аристарха, Пуда і Трофима","Святих апостолів Аристарха, Пуда і Трофима","Аристарха, Пуда, Трофима",
4,16,,,,,,,"Свв. мцц.-дів Агапії, Ірини й Хіонії","Святих мучениць-дів Агапії, Ірини й Хіонії","Агапії, Ірини, Хіонії",
4,17,,,,,,,"Прп. Симеона, що в Персиді","Преподобного отця нашого Симеона, що в Персиді",Симеона в Персиді,
4,17,,,,,,,"Прп. Акакія, єп. Мелітинського","Преподобного отця нашого Акакія, єпископа Мелітинського",Акакія Мелітинського,
4,18,,,,,,,"Прп. Івана, учня св. Григорія Декаполіта","Преподобного отця нашого Івана, учня святого Григорія Декаполіта","Івана, учня Григорія Декаполіта",
4,19,,,,,,,"Прп. Івана, старопечерника","Преподобного отця нашого Івана, старопечерника",Івана старопечерника,
4,20,,,,,,,Прп. Тедора Трихіни,Преподобного отця нашого Теодора Трихіни,Теодора Трихіни,
4,21,,,,,,,"Св. сщмч. Януарія і тих, що з ним","Святого священномученика Януарія і тих, що з ним",Януарія,
4,21,,,,,,,"Св. мч. Теодора, що в Пергії","Святого мученика Теодора, що в Пергії",Теодора в Пергії,
4,22,,,,,,,Прп. Теодора Сикеота,Преподобного отця нашого Теодора Сикеота,Теодора Сикеот,
4,23,,,r,🕁,*,&dagger;,"🕁 Св. славн. вмч., переможця й чудотв. Юрія","🕁 Святого славного великомученика, переможця й чудотворця Юрія",Юрія Переможця,
4,24,,,,,,,"Св. мч. Сави Стратилата, воєводи","Святого мученика Сави Стратилата, воєводи",Сави Стратилата,
4,25,,,r,🕂,+,&dagger;,🕂 Св. ап. і єв. Марка,🕂 Святого апостола і євангелиста Марка,ап. Марка,
4,26,,,,,,,"Св. сщмч. Василія, єп. Амасійського","Святого священномученика Василія, єпископа Амасійського",Василія Амасійського,
4,27,,,,🕃,&,,"🕃 Св. сщмч. Симеона, родича Господнього","🕃 Святого священномученика Симеона, родича Господнього",Симеона,
4,27,,,,,,,"Прп. Стефана, єп. Володимирського","Преподобного отця нашого Стефана, єпископа Володимирського",,
4,28,,,,,,,Свв. апп. Ясона й Сосіпатра,Святих апостолів Ясона й Сосіпатра,Ясона і Сосіпатра,
4,28,,,,,,,"Свв. мчч. Дади, Максима й Кинтиліана","Святих мучеників Дади, Максима й Кинтиліана",,
4,28,,,,,,,"Св. Кирила, єп. Турівського","Святого отця нашого Кирила, єпископа Турівського",,
4,29,,,,,,,"Свв. дев’ятьох мчч., що в Кизиці","Святих дев’ятьох мучеників, що в Кизиці",мчч. в Кизиці,
4,29,,,,,,,"Прп. Мемнона, чудотв.","Преподобного Мемнона, чудотворця",,
4,30,,,r,🕂,+,&dagger;,"🕂 Св. ап. Якова, брата св. Івана Богослова","🕂 Святого апостола Якова, брата святого Івана Богослова",ап. Якова,
5,1,,,,,,,Св. прор. Єремії,Святого пророка Єремії,прор.Єремії,
5,1,,,,,,,"Блаж. сщмч. Климентія Шептицького, архим. Унівського","Блаженного священномученика Климентія Шептицького, архимандрита Унівського",,
5,2,,,,🕃,&,,"🕃 Св. Атанасія Великого, архиєп. Олександрійського","🕃 Святого отця Атанасія Великого, архиєпископа Олександрійського",Атанасія,
5,3,,,r,🕂,+,&dagger;,"🕂 Переставл. прп. Теодосія, ігум. монастиря Печерського, спільного життя засновника","🕂 Переставлення преподобного отця нашого Теодосія, ігумена монастиря Печерського, спільного життя засновника",Теодосія Печерського,
5,3,,,,,,,Свв. мчч. Тимотея й Маври,Святих мучеників Тимотея й Маври,,
5,4,,,,,,,Св. мц. Пелагії,Святої мучениці Пелагії,Пелагії,
5,5,,,,,,,Св. і славн. мц. Ірини,Святої і славної мучениці Ірини,Ірини,
5,5,,,,,,,"Прп. Никифора, ігум. монастиря Мидікійського","Преподобного отця нашого Никифора, ігумена монастиря Мидікійського",,
5,6,,,,,,,"Св., і прав., і багатостражд. Йова","Святого, і праведного, і багатостраждального Йова",Іова,
5,7,,,,🕃,&,,🕃 Спогад про явління на небі знамення чесного Хреста у св. місті Єрусалимі,🕃 Спогад про явління на небі знамення чесного Хреста у святому місті Єрусалимі,Явління Хреста,
5,7,,,,,,,Св. мч. Акакія,Святого мученика Акакія,,
5,8,,,r,🕁,*,&dagger;,🕁 Св. ап. і єв. Івана Богослова,🕁 Святого апостола і євангелиста Івана Богослова,Йоана Богослова,
5,8,,,,,,,Прп. Арсенія Великого,Преподобного отця нашого Арсенія Великого,,
5,9,,,r,🕂,+,&dagger;,🕂 Перенесення чесних мощів св. Миколая Чудотворця з Мир до міста Барі,🕂 Перенесення чесних мощів святого отця нашого Миколая Чудотворця з Мир до міста Барі,Перен. мощей св. Миколая,
5,9,,,,,,,Св. прор. Ісаї,Святого пророка Ісаї,,
5,9,,,,,,,Св. мч. Христофора,Святого мученика Христофора,,
5,10,,,r,🕂,+,&dagger;,🕂 Св. ап. Симона Зилота,🕂 Святого апостола Симона Зилота,Симона Зилота,
5,11,,,r,🕂,+,&dagger;,"🕂 Свв. рівноапп. Кирила й Методія, учителів слов’янських","🕂 Святих рівноапостольних Кирила й Методія, учителів слов’янських",Кирила і Методія,
5,11,,,,,,,Св. сщмч. Мокія,Святого священномученика Мокія,Мокія,
5,12,,,,,,,"Свв. Епіфанія, єп. Кипрського, і Германа, патр. Царгородського","Святих отців наших Епіфанія, єпископа Кипрського, і Германа, патріарха Царгородського",Епіфанія і Германа,
5,13,,,,,,,Св. мц. Гликерії,Святої мучениці Гликерії,Гликерії,
5,14,,,,,,,Св. мч. Ісидора,Святого мученика Ісидора,Ісидора,
5,15,,,,🕃,&,,🕃 Прп. Пахомія Великого,🕃 Преподобного отця нашого Пахомія Великого,Пахомія,
5,16,,,,,,,"Прп. Теодора Освященного, учня св. Пахомія","Преподобного отця нашого Теодора Освященного, учня святого Пахомія",Теодора Освященного,
5,16,,,,,,,"Блаж. сщмчч. Северіана Бараника, Якима Сенківського, Віталія Байрака","Блаженних священномучеників Северіана Бараника, Якима Сенківського, Віталія Байрака",,
5,17,,,,,,,"Св. ап. Андроніка і тих, що з ним","Святого апостола Андроніка і тих, що з ним",Андроніка,
5,17,,,,,,,Блаж. сщмч. Івана Зятика,Блаженного священномученика Івана Зятика,,
5,18,,,,,,,"Св. мч. Теодота (Богдана), що в Анкирі","Святого мученика Теодота (Богдана), що в Анкирі",Теодота,
5,18,,,,,,,"Свв. мчч. Петра, Діонісія і тих, що з ними","Святих мучеників Петра, Діонісія і тих, що з ними",,
5,18,,,,,,,Свв. сімох дів,Святих сімох дів,,
5,19,,,,,,,"Св. сщмч. Патрикія, єп. Пруського, і тих, що з ним","Святого священномученика Патрикія, єпископа Пруського, і тих, що з ним",Патрикія,
5,20,,,,,,,Св. мч. Талалея,Святого мученика Талалея,Талалея,
5,21,,,r,🕂,+,&dagger;,🕂 Свв. великих царів і рівноапп. Константина й Олени,🕂 Святих великих царів і рівноапостольних Константина й Олени,Костянтина і Єлени,
5,22,,,,,,,Св. мч. Василіска,Святого мученика Василіска,Василіска,
5,23,,,,,,,"Прп. Євфросинії Полоцької, ігум. монастиря Св. Спаса","Преподобної Євфросинії Полоцької, ігумені монастиря Святого Спаса",,
5,23,,,,,,,"Прп. й ісп. Михаїла, єп. Синадського","Преподобного отця нашого й ісповідника Михаїла, єпископа Синадського",Михаїла,
5,24,,,,🕃,&,,"🕃 Прп. Микити, стовпника, переяславського чудотв.","🕃 Преподобного отця нашого Микити, стовпника, переяславського чудотворця",,
5,24,,,,🕃,&,,"🕃 Прп. Симеона, що на Дивній горі","🕃 Преподобного отця нашого Симеона, що на Дивній горі",Симеона,
5,25,,,r,🕂,+,&dagger;,"🕂 Третє віднайдення чесної голови св. і славн. прор., предтечі і хрестителя Господнього Івана","🕂 Третє віднайдення чесної голови святого і славного пророка, предтечі і хрестителя Господнього Івана",3 віднайд. голови Івана Предтечі,
5,25,,,,,,,"Блаж. сщмч. Миколи Цегельського, пресвіт.","Блаженного священномученика Миколи Цегельського, пресвітера",,
5,26,,,,,,,"Св. ап. Карпа, одного із сімдесятьох","Святого апостола Карпа, одного із сімдесятьох",Карпа,
5,27,,,,,,,Св. сщмч. Терапонта,Святого священномученика Терапонта,Терапонта,
5,28,,,,,,,"Прп. Микити, єп. Халкедонського","Преподобного отця нашого Микити, єпископа Халкедонського",Микити Халкедонського,
5,29,,,,,,,"Св. прпмц. Теодосії, діви","Святої преподобномучениці Теодосії, діви",Теодосії,
5,30,,,,,,,"Прп. Ісаакія, ігум. обителі Далматської","Преподобного отця нашого Ісаакія, ігумена обителі Далматської",Ісаакія,
5,31,,,,,,,Св. ап. Єрмія,Святого апостола Єрмія,Єрмія,
5,31,,,,,,,Св. мч. Єрмея,Святого мученика Єрмея,,
6,1,,,,,,,"Св. мч. Юстина, філософа, і тих, що з ним","Святого мученика Юстина, філософа, і тих, що з ним",Юстина,
6,2,,,,,,,"Св. Никифора, ісп.","Святого отця нашого Никифора, ісповідника",Никофора,
6,3,,,,,,,"Св. мч. Лукиліяна і тих, що з ним","Святого мученика Лукиліяна і тих, що з ним",Лукиліяна,
6,4,,,,,,,"Св. Митрофана, патр. Царгородського","Святого отця нашого Митрофана, патріарха Царгородського",Митрофана,
6,5,,,,,,,"Св. сщмч. Доротея, єп. Тирського","Святого священномученика Доротея, єпископа Тирського",Доротея,
6,5,,,,,,,"Св. мч. Косми, пресвіт. вірменського","Святого мученика Косми, пресвітера вірменського",,
6,6,,,,,,,"Прп. Висаріона, чудотв.","Преподобного отця нашого Висаріона, чудотворця",Висаріона,
6,6,,,,,,,"Прп. Іларіона Нового, ігум. Далматської обителі, ісп.","Преподобного Іларіона Нового, ігумена Далматської обителі, ісповідника",Іларіона Нового,
6,7,,,,,,,"Св. сщмч. Теодота (Богдана), єп. Анкирського","Святого священномученика Теодота (Богдана), єпископа Анкирського",Теодота Анкирського,
6,8,,,,🕃,&,,🕃 Перенесення мощів св. вмч. Теодора Тирона,🕃 Перенесення мощів святого великомученика Теодора Тирона,Перен. мощей Теодора Тирона,
6,9,,,,🕃,&,,"🕃 Св. Кирила, архиєп. Олександрійського","🕃 Святого отця нашого Кирила, архиєпископа Олександрійського",Кирила Олександр.,
6,10,,,,,,,"Св. сщмч. Тимотея, єп. Пруського","Святого священномученика Тимотея, єпископа Пруського",Тимотея Пруського,
6,11,,,r,🕂,+,&dagger;,🕂 Свв. апп. Вартоломея й Варнави,🕂 Святих апостолів Вартоломея й Варнави,Вартоломея і Варнави,
6,12,,,,🕃,&,,🕃 Прп. Онуфрія Великого,🕃 Преподобного отця нашого Онуфрія Великого,Онуфрія,
6,12,,,,,,,Прп. Петра Афонського,Преподобного отця нашого Петра Афонського,,
6,13,,,,,,,Св. мц. Акилини,Святої мучениці Акилини,Акилини,
6,13,,,,,,,"Св. Трифилія, єп. Левкусії Кипрської","Святого Трифилія, єпископа Левкусії Кипрської",,
6,13,,,,,,,Прп. Антонія Падуанського,Преподобного отця нашого Антонія Падуанського,,
6,14,,,,,,,Св. прор. Єлисея,Святого пророка Єлисея,Єлисея,
6,14,,,,,,,"Св. Методія, патр. Царгородського","Святого отця нашого Методія, патріарха Царгородського",,
6,15,,,,,,,Св. прор. Амоса,Святого пророка Амоса,Амоса,
6,15,,,,,,,"Прп. Єроніма, пресвіт. Стридонського","Преподобного Єроніма, пресвітера Стридонського",,
6,16,,,,,,,Св. і чудотв. Тихона Аматунтського,Святого отця нашого і чудотворця Тихона Аматунтського,Тихона,
6,17,,,,,,,"Свв. мчч. Мануїла, Савела й Ісмаїла","Святих мучеників Мануїла, Савела й Ісмаїла","Мануїла, Савела",
6,17,,,,,,,"Прп. Іпатія, ігум. Руфеніанського","Преподобного отця нашого Іпатія, ігумена Руфеніанського",,
6,18,,,,,,,Св. мч. Леонтія,Святого мученика Леонтія,Леонтія,
6,19,,,r,🕂,+,&dagger;,"🕂 Св. ап. Юди, брата Господнього","🕂 Святого апостола Юди, брата Господнього",ап. Юди,
6,20,,,,,,,"Св. сщмч. Методія, єп. Патарського","Святого священномученика Методія, єпископа Патарського",Методія Патарського,
6,21,,,,,,,Св. мч. Юліана Тарсійського,Святого мученика Юліана Тарсійського,Юліана,
6,22,,,,,,,"Св. сщмч. Євсевія, єп. Самосатського","Святого священномученика Євсевія, єпископа Самосатського",Євсевія,
6,23,,,,,,,Св. мц. Агрипіни,Святої мучениці Агрипіни,Агрипіни,
6,24,b,,r,🕀,#,&oplus;,"🕀 Різдво чесного і славн. прор., предтечі і хрестителя Господнього Івана","🕀 Різдво чесного і славного пророка, предтечі і хрестителя Господнього Івана",Різдво Предтечі,
6,25,,,,,,,Св. прпмц. Февронії,Святої преподобномучениці Февронії,Февронії,
6,26,,,,,,,"Прп. Давида, що в Солуні","Преподобного отця нашого Давида, що в Солуні",Давида Солунського,
6,26,,,,,,,"Блаж. сщмч. Андрія Іщака, пресвіт.","Блаженного священномученика Андрія Іщака, пресвітера",,
6,26,,,,,,,"Блаж. сщмч. Миколи Конрада, пресвіт., і мч. Володимира Прийми, співця","Блаженних священномученика Миколи Конрада, пресвітера, і мученика Володимира Прийми, співця",,
6,27,,,r,🕁,*,&dagger;,🕁 Блаж. сщмч. Миколая Чарнецького і двадцяти чотирьох співмучеників; блаженного сщмч. Омеляна Ковча,🕁 Блаженного священномученика Миколая Чарнецького і двадцяти чотирьох співмучеників; блаженного священномученика Омеляна Ковча,Миколая Чарнецького і 20 мчч,
6,27,,,,,,,"Прп. Сампсона, приятеля подорожніх й убогих","Преподобного отця нашого Сампсона, приятеля подорожніх й убогих",,
6,28,,,,🕃,&,,🕃 Перенесення мощів свв. безср. Кира і Івана,🕃 Перенесення мощів святих безсрібників Кира і Івана,Кира і Йоана,
6,29,b,,r,🕀,#,&oplus;,🕀 Свв. славних і всехвальних первоверховних апп. Петра й Павла,🕀 Святих славних і всехвальних первоверховних апостолів Петра й Павла,Петра і Павла,
6,30,,,r,🕂,+,&dagger;,🕂 Собор свв. славних і всехвальних дванадцяти апп.,🕂 Собор святих славних і всехвальних дванадцяти апостолів,Собор апп.,
6,30,,,,,,,Блаж. сщмч. Василія Величковського,Блаженного священномученика Василія Величковського,,
7,1,,,,🕃,&,,🕃 Свв. безср. і чудотв. Косми й Дам’яна,🕃 Святих безсрібників і чудотворців Косми й Дам’яна,Косми і Даміана,
7,2,,,r,🕂,+,&dagger;,🕂 Положення чесної ризи Пресвятої Владичиці нашої Богородиці у Влахерні,🕂 Положення чесної ризи Пресвятої Владичиці нашої Богородиці у Влахерні,положення ризи,
7,3,,,,,,,Св. мч. Якинта,Святого мученика Якинта,Якинта,мч
7,4,,,,,,,"Св. Андрія, архиєп. Критського, єрусалимлянина","Святого отця нашого Андрія, архиєпископа Критського, єрусалимлянина",Андрея Критського,
7,4,,,,,,,"Прп. Марти, матері св. Симеона Дивногорця","Преподобної Марти, матері святого Симеона Дивногорця",Марти,
7,5,,,r,🕂,+,&dagger;,🕂 Прп. Атанасія Афонського,🕂 Преподобного отця нашого Атанасія Афонського,Атанасія Афонського,
7,6,,,,,,,Прп. Сисоя Великого,Преподобного отця нашого Сисоя Великого,Сісоя Великого,
7,7,,,,,,,"Прпп. Томи, що в Малеї, і Акакія, про якого згадує «Ліствиця»","Преподобних отців наших Томи, що в Малеї, і Акакія, про якого згадує «Ліствиця»","Томи,що в Малеї",
7,8,,,,🕃,&,,🕃 Св. вмч. Прокопія,🕃 Святого великомученика Прокопія,Прокопія,
7,9,,,,,,,"Св. сщмч. Панкратія, єп. Тавроменійського","Святого священномученика Панкратія, єпископа Тавроменійського",Панкратія,
7,10,,,r,🕂,+,&dagger;,"🕂 Прп. Антонія Печерського, Київського","🕂 Преподобного отця нашого Антонія Печерського, Київського",Антонія Печерського,
7,10,,,,,,,"Свв. сорока п’ятьох мчч., що в Нікополі Вірменському","Святих сорока п’ятьох мучеників, що в Нікополі Вірменському",,
7,10,,,,,,,"Свв. братів-мчч. Франциска, Мутія і Рафаїла і тих, що з ними вбиті в Дамаску","Святих братів-мучеників Франциска, Мутія і Рафаїла і тих, що з ними вбиті в Дамаску",,
7,11,,,r,🕂,+,&dagger;,"🕂 Переставл. блаж. Ольги, княгині Київської, у хрещенні названої Оленою","🕂 Переставлення блаженної Ольги, княгині Київської, у хрещенні названої Оленою",бл.кн.Ольги,
7,11,,,,🕃,&,,🕃 Св. мц. і прехвальної Євфимії,🕃 Святої мучениці і прехвальної Євфимії,,
7,12,,,,,,,Свв. мчч. Прокла й Іларія,Святих мучеників Прокла й Іларія,Прокла й Іларія,
7,12,,,,,,,Прп. Михаїла Малеїна,Преподобного отця нашого Михаїла Малеїна,,
7,13,,,,🕃,&,,🕃 Собор св. архангела Гавриїла,🕃 Собор святого архангела Гавриїла,арх. Гавриїла,
7,13,,,,,,,Прп. Стефана Савваїта,Преподобного отця нашого Стефана Савваїта,,
7,13,,,,,,,"Св. Юліана, єп. Кеноманійського","Святого отця нашого Юліана, єпископа Кеноманійського",,
7,14,,,,🕃,&,,🕃 Св. ап. Акили,🕃 Святого апостола Акили,ап.Акили,
7,15,,,r,🕁,*,&dagger;,"🕁 Св. рівноап., вел. князя Володимира, у святому хрещенні названого Василієм","🕁 Святого рівноапостольного, великого князя Володимира, у святому хрещенні названого Василієм",Володимира Великого,
7,15,,,,,,,Свв. мчч. Кирика і Юліти,Святих мучеників Кирика і Юліти,,
7,16,,,,,,,Св. сщмч. Атеногена і десятьох учнів його,Святого священномученика Атеногена і десятьох учнів його,Атеногена,
7,17,,,,🕃,&,,🕃 Св. вмц. Марини,🕃 Святої великомучениці Марини,Марини,мчц
7,17,,,,,,,"Блаж. сщмч. Павла Гойдича, єп. Пряшівського","Блаженного священномученика Павла Гойдича, єпископа Пряшівського",,
7,18,,,,,,,"Св. мч. Якинта, що в Амастриді","Святого мученика Якинта, що в Амастриді",Якинта в Амастриді,мч
7,18,,,,,,,Св. мч. Еміліяна,Святого мученика Еміліяна,,
7,18,,,,,,,Блаж. прпмц. Тарсикії Мацьків,Блаженної преподобномучениці Тарсикії Мацьків,,
7,19,,,,,,,"Прп. Макрини, сестри св. Василія Великого","Преподобної матері нашої Макрини, сестри святого Василія Великого",Макрини,
7,19,,,,,,,Прп. Дія,Преподобного отця нашого Дія,,
7,20,,,r,🕁,*,&dagger;,🕁 Св. славн. прор. Іллі,🕁 Святого славного пророка Іллі,прор.Іллі,
7,21,,,,,,,"Прпп. Симеона, Христа ради юродивого, та Івана, співпосника його","Преподобних отців наших Симеона, Христа ради юродивого, та Івана, співпосника його",Симеона та Івана,
7,21,,,,,,,Св. прор. Єзекиїла,Святого пророка Єзекиїла,,
7,22,,,,🕃,&,,🕃 Св. мироносиці й рівноап. Марії Магдалини,🕃 Святої мироносиці й рівноапостольної Марії Магдалини,Марії Магдалини,
7,22,,,,,,,Повернення мощів св. сщмч. Фоки,Повернення мощів святого священномученика Фоки,,
7,23,,,,,,,"Свв. мчч. Трофима, Теофіла і тих, що з ними","Святих мучеників Трофима, Теофіла і тих, що з ними","Трофима, Теофіла",мчч
7,23,,,,,,,"Блаж. сщмч. Василія Гопка, єп.","Блаженного священномученика Василія Гопка, єпископа",,
7,24,,,r,🕂,+,&dagger;,"🕂 Свв. мчч. Бориса і Гліба, у хрещенні названих Романом і Давидом","🕂 Святих мучеників Бориса і Гліба, у святому хрещенні названих Романом і Давидом",Бориса і Гліба,
7,24,,,,🕃,&,,🕃 Св. вмц. Христини,🕃 Святої великомучениці Христини,,
7,24,,,,,,,Прп. Шарбеля,Преподобного отця нашого Шарбеля,,
7,25,,,r,🕂,+,&dagger;,"🕂 Успіння св. Анни, матері Пресвятої Богородиці","🕂 Успіння святої Анни, матері Пресвятої Богородиці",успення Анни,
7,25,,,,,,,Пам’ять свв. жінок Олімпіади і Євпраксії,Пам’ять святих жінок Олімпіади і Євпраксії,,
7,26,,,,,,,"Св. сщмч. Єрмолая і тих, що з ним","Святого священномученика Єрмолая і тих, що з ним",Єрмолая,
7,26,,,,,,,Св. прпмц. Параскеви,Святої преподобномучениці Параскеви,,
7,27,,,r,🕂,+,&dagger;,🕂 Св. вмч. й цілителя Пантелеймона,🕂 Святого великомученика й цілителя Пантелеймона,Пантелеймона,
7,27,,,,,,,"Св. Климента, архиєп. Охридського, чудотв.","Святого отця нашого Климента, архиєпископа Охридського, чудотворця",,
7,28,,,,,,,"Свв. апп. і дияконів Прохора, Никанора, Тимона й Пармена","Святих апостолів і дияконів Прохора, Никанора, Тимона й Пармена","Прохора,Никанора",
7,29,,,,,,,Св. мч. Каленика,Святого мученика Каленика,Каленика,
7,30,,,,,,,"Свв. апп. Сили й Силуана і тих, що з ними","Святих апостолів Сили й Силуана і тих, що з ними",Сила й Силуана,
7,31,,,,🕃,&,,🕃 Передсвяття походу з чесним і животворним Хрестом Господнім,🕃 Передсвяття походу з чесним і животворним Хрестом Господнім,передсв. походу з Хрестом,
7,31,,,,,,,Св. і прав. Євдокима,Святого і праведного Євдокима,,прп
8,1,,,r,🕃,@,,🕃 Похід із чесним Деревом чесного і животворного Хреста,🕃 Похід із чесним Деревом чесного і животворного Хреста,Похід з чесним Древом Хреста,
8,1,,,,,,,"Свв. сімох мчч. Макавеїв, і матері їх Соломії, і старця Єлеазара","Святих сімох мучеників Макавеїв, і матері їх Соломії, і старця Єлеазара",,
8,1,,,,,,,Прп. Альфонса Лігуорі,Преподобного отця нашого Альфонса Лігуорі,,
8,1,,i,r,,,,Початок Успенського посту,У цей день починається Успенський піст,,
8,2,,,,🕃,&,,🕃 Перенесення мощів св. первмч. й архдияк. Стефана,🕃 Перенесення мощів святого первомученика й архидиякона Стефана,Перенесення мощів архид.Стефана,
8,3,,,,,,,"Прпп. Ісаакія, Далмата й Фавста","Преподобних отців наших Ісаакія, Далмата й Фавста","Ісаакія, Далмата, Фавста.",
8,4,,,,,,,"Свв. сімох отроків, що в Ефесі","Святих сімох отроків, що в Ефесі",сімох отроків ефеських,
8,4,,,,,,,Св. прпмц. Євдокії,Святої преподобномучениці Євдокії,,
8,5,,,,🕃,&,,🕃 Передсвяття Переображення Господа нашого Ісуса Христа,🕃 Передсвяття Переображення Господа нашого Ісуса Христа,передсвяття Преображення,
8,5,,,,,,,Св. мч. Євсигнія,Святого мученика Євсигнія,Євсигнія,
8,6,b,,r,🕀,#,&oplus;,🕀 Святе Переображення Господа Бога і Спаса нашого Ісуса Христа,🕀 Святе Переображення Господа Бога і Спаса нашого Ісуса Христа,Преображення ГНІХ,
8,7,,,,,,,Св. прпмч. Дометія,Святого преподобномученика Дометія,прпмч. Дометія,
8,8,,,,,,,"Св. Еміліяна, ісп., єп. Кизицького","Святого Еміліяна, ісповідника, єпископа Кизицького",Еміліяна,
8,9,,,r,🕂,+,&dagger;,🕂 Св. ап. Матія,🕂 Святого апостола Матія,ап. Матія,
8,10,,,,,,,Св. мч. й архдияк. Лаврентія,Святого мученика й архидиякона Лаврентія,арх. Лаврентія,
8,11,,,,,,,Св. мч. й архдияк. Євпла,Святого мученика й архидиякона Євпла,арх. Євпла,
8,12,,,,,,,Свв. мчч. Фотія й Аникити,Святих мучеників Фотія й Аникити,мчч. Фотія і Аникити,
8,13,,,,,,,Прп. Максима Ісповідника,Преподобного отця нашого Максима Ісповідника,,
8,13,,i,r,,,,Віддання Переображення,У цей день віддається свято Переображення,віддання Преображення,
8,14,,,r,🕂,+,&dagger;,"🕂 Перенесення чесних мощів прп. Теодосія, ігум. Печерського","🕂 Перенесення чесних мощів преподобного Теодосія, ігумена Печерського",Теодосія Печерського,
8,14,,,,🕃,&,,🕃 Передсвяття Успіння Пресвятої Богородиці,🕃 Передсвяття Успіння Пресвятої Богородиці,передсв.Успіння,
8,14,,,,,,,Св. прор. Міхея,Святого пророка Міхея,,
8,15,b,,r,🕀,#,&oplus;,🕀 Успіння Пресвятої Владичиці нашої Богородиці і Приснодіви Марії,🕀 Успіння Пресвятої Владичиці нашої Богородиці і Приснодіви Марії,Успіння Богородиці,
8,16,,,r,🕃,@,,"🕃 Перенесення з Едеси до Царгороду нерукотв. образа Господа Бога і Спаса нашого Ісуса Христа, названого святим обрусом","🕃 Перенесення з Едеси до Царгороду нерукотворного образа Господа Бога і Спаса нашого Ісуса Христа, названого святим обрусом",Образу,
8,16,,,,,,,Св. мч. Діомида,Святого мученика Діомида,Діомида,
8,17,,,,,,,Св. мч. Мирона,Святого мученика Мирона,Мирона,
8,18,,,r,🕂,+,&dagger;,🕂 Спомин освяч. Патріаршого собору Воскресіння Христового в Києві,🕂 Спомин освячення Патріаршого собору Воскресіння Христового в Києві,Спомин осв. Собору,
8,18,,,,,,,Свв. мчч. Флора й Лавра,Святих мучеників Флора й Лавра,Флора і Лавра,
8,19,,,,,,,"Св. мч. Андрія Стратопедарха – сотника, і тих, що з ним","Святого мученика Андрія Стратопедарха – сотника, і тих, що з ним",Андрея Стратопедарха,
8,20,,,,,,,Св. прор. Самуїла,Святого пророка Самуїла,прор. Самуїла,
8,21,,,,,,,Св. ап. Тадея,Святого апостола Тадея,мч.Тадея,
8,21,,,,,,,Св. мц. Васси,Святої мучениці Васси,мчц. Васси,
8,22,,,,,,,"Св. мч. Агатоніка і тих, що з ним","Святого мученика Агатоніка і тих, що з ним",Агатоніка,
8,22,,,,,,,Блаж. сщмч. Симеона Лукача,Блаженного священномученика Симеона Лукача,,
8,23,,,,,,,Св. мч. Луппа,Святого мученика Луппа,мч. Луппа,
8,23,,,,,,,"Св. сщмч. Іринея, єп. Ліонського","Святого священномученика Іринея, єпископа Ліонського",,
8,23,,i,r,,,,Віддання Успіння Пресв. Богородиці,У цей день віддається свято Успіння Пресвятої Богородиці,віддання Успення,
8,24,,,,,,,Св. сщмч. Євтиха,Святого священномученика Євтиха,мч. Євтиха,
8,25,,,,🕃,&,,🕃 Повернення мощів св. ап. Вартоломея,🕃 Повернення мощів святого апостола Вартоломея,Вартоломея,
8,25,,,,,,,Св. ап. Тита,Святого апостола Тита,ап. Тита,
8,26,,,,,,,Свв. мчч. Адріана й Наталії,Святих мучеників Адріана й Наталії,Адріана і Наталії,
8,27,,,,,,,Прп. Пімена,Преподобного отця нашого Пімена,Пімена,
8,27,,,,,,,Блаж. прпмцц. Лаврентії Герасимів і Олімпії Біди,Блаженних преподобномучениць Лаврентії Герасимів і Олімпії Біди,,
8,28,,,,,,,"Собор прпп. отців Печерських, що споч. у дальніх печерах","Собор преподобних отців Печерських, що спочивають у дальніх печерах",,
8,28,,,,,,,Прп. Мойсея Мурина,Преподобного Мойсея Мурина,Мойсея Мурина,
8,28,,,,,,,"Св. Августина, єп. Іппонського","Святого отця нашого Августина, єпископа Іппонського",,
8,28,,,,,,,"Св. мч. Гебре Михаїла, пресвіт. ефіопського","Святого мученика Гебре Михаїла, пресвітера ефіопського",,
8,29,b,,r,🕀,#,&oplus;,"🕀 Усікновення чесної голови чесного і славн. прор., предтечі і хрестителя Івана","🕀 Усікновення чесної голови чесного і славного пророка, предтечі і хрестителя Івана",Усікновення голови Предтечі,
8,30,,,,,,,"Свв. патр. Царгородських: Олександра, Івана й Павла Нового","Святих отців наших патріархів Царгородських: Олександра, Івана й Павла Нового","Олександра, Івана, Павла",
8,31,,,r,🕂,+,&dagger;,🕂 Положення чесного пояса Пресвятої Владичиці нашої Богородиці,🕂 Положення чесного пояса Пресвятої Владичиці нашої Богородиці,положення пояса,