Читання,Книга,Книга_код,# зач.,abc,Присвята,Примітка,Дата (мінея),Період,Тиждень від,"Тиждень
до ВП",День тижня,Обч. день тижня,Обч. період,Обч. тиждень,empty?
"Ді. 1 зач.; 1, 1-8.",Ді.,ap,1,a,В святу й велику неділю Пасхи,,,lent,7,,7,,pascha,,FALSE
"Ді. 1 зач.; 1, 1-12.",Ді.,ap,1,b,На Вознесення Господнє,,,pascha,6,,4,,,,FALSE
"Ді. 2 зач.; 1, 12-17; 21-26.",Ді.,ap,2,,Понеділок світлого тижня. Цей і ап. Матію,,,pascha,1,,1,1,,,FALSE
"Ді. 3 зач.; 2, 1-11.",Ді.,ap,3,,Неділя 50-ці,,,pentecost,7,,7,7,pentecost,50,FALSE
"Ді. 4 зач.; 2, 14-21.",Ді.,ap,4,,Вівторок світлого тижня,,,pascha,1,,2,2,,,FALSE
"Ді. 5 зач.; 2, 22-36.",Ді.,ap,5,,Середа світлого тижня,,,pascha,1,,3,3,,,FALSE
"Ді. 6 зач.; 2, 38-43.",Ді.,ap,6,,Четвер світлого тижня,,,pascha,1,,4,4,,,FALSE
"Ді. 7 зач.; 3, 1-8.",Ді.,ap,7,,П'ятниця світлого тижня,,,pascha,1,,5,5,,,FALSE
"Ді. 8 зач.; 3, 11-16.",Ді.,ap,8,,Субота світлого тижня,,,pascha,1,,6,6,,,FALSE
"Ді. 9 зач.; 3, 19-26.",Ді.,ap,9,,Понеділок 2-го тижня після Пасхи,,,pascha,2,,1,1,pascha,2,FALSE
"Ді. 10 зач.; 4, 1-10.",Ді.,ap,10,,Вівторок 2-го тижня після Пасхи,,,pascha,2,,2,2,pascha,2,FALSE
"Ді. 11 зач.; 4, 13-22.",Ді.,ap,11,,Середа 2-го тижня після Пасхи,,,pascha,2,,3,3,pascha,2,FALSE
"Ді. 12 зач.; 4, 23-31.",Ді.,ap,12,,Четвер 2-го тижня після Пасхи,,,pascha,2,,4,4,pascha,2,FALSE
"Ді. 13 зач.; 5, 1-11.",Ді.,ap,13,,П'ятниця 2-го тижня після Пасхи,,,pascha,2,,5,5,pascha,2,FALSE
"Ді. 14 зач.; 5, 12-20.",Ді.,ap,14,,Томина неділя,,,pascha,1,,7,,,,FALSE
"Ді. 15 зач.; 5, 21-33.",Ді.,ap,15,,Субота 2-го тижня після Пасхи,,,pascha,2,,6,6,pascha,2,FALSE
"Ді. 16 зач.; 6, 1-7.",Ді.,ap,16,,Неділя 3-тя після Пасхи,,,pascha,3,,7,7,pascha,3,FALSE
"Ді. 17 зач.; 6, 8 – 7, 5; 47-60.",Ді.,ap,17,,Понеділок 3-го тижня після Пасхи. Цей і святому Стефанові первомученику,,,pascha,3,,1,1,pascha,3,FALSE
"Ді. 18 зач.; 8, 5-17.",Ді.,ap,18,,Вівторок 3-го тижня після Пасхи,,,pascha,3,,2,2,pascha,3,FALSE
"Ді. 19 зач.; 8, 18-25.",Ді.,ap,19,,Середа 3-го тижня після Пасхи,,,pascha,3,,3,3,pascha,3,FALSE
"Ді. 20 зач.; 8, 26-39.",Ді.,ap,20,,Четвер 3-го тижня після Пасхи,,,pascha,3,,4,4,pascha,3,FALSE
"Ді. 21 зач.; 8, 40 – 9, 19.",Ді.,ap,21,a,П'ятниця 3-го тижня після Пасхи,,,pascha,3,,5,5,pascha,3,FALSE
"Ді. 21 зач.; 9, 10-19.",Ді.,ap,21,b,ап. Ананії,,*,,,,,,,,FALSE
"Ді. 22 зач.; 9, 20-31.",Ді.,ap,22,,Субота 3-тя після Пасхи,,,pascha,3,,6,6,pascha,3,FALSE
"Ді. 23 зач.; 9, 32-42.",Ді.,ap,23,,"Неділя 4-та, про розслабленого",,,pascha,3,,7,7,,4,FALSE
"Ді. 24 зач.; 10, 1-16.",Ді.,ap,24,,Понеділок 4-го тижня після Пасхи,,,pascha,4,,1,1,pascha,4,FALSE
"Ді. 25 зач.; 10, 21-33.",Ді.,ap,25,,Вівторок 4-го тижня після Пасхи,,,pascha,4,,2,2,pascha,4,FALSE
"Ді. 26 зач.; 10, 34-43.",Ді.,ap,26,,Четвер 4-го тижня після Пасхи,,,pascha,4,,4,4,pascha,4,FALSE
"Ді. 27 зач.; 10, 44 – 11, 10.",Ді.,ap,27,,П'ятниця 4-го тижня після Пасхи,,,pascha,4,,5,5,pascha,4,FALSE
"Ді. 28 зач.; 11, 19-26; 29-30.",Ді.,ap,28,,"Неділя 5-та, про самарянку. Цей же і Вартоломею та Варнаві",,,pascha,4,,7,7,,5,FALSE
"Ді. 29 зач.; 12, 1-11.",Ді.,ap,29,,"Субота 4-та після Пасих. Цей же і святому мученикові Юрієві, і Яковові Заведеєві",,*,,4,,6,6,,4,FALSE
"Ді. 30 зач.; 12, 12-17.",Ді.,ap,30,,Понеділок 5-го тижня після Пасхи,,,pascha,5,,1,1,pascha,5,FALSE
"Ді. 31 зач.; 12, 25 – 13, 12.",Ді.,ap,31,,Вівторок 5-го тижня після Пасхи,,,pascha,5,,2,2,pascha,5,FALSE
"Ді. 32 зач.; 13, 13-24.",Ді.,ap,32,,Середа 5-го тижня після Пасхи,,,pascha,5,,3,3,pascha,5,FALSE
"Ді. 33 зач.; 13, 25-33.",Ді.,ap,33,,Усікновення голови св. Івана Христителя,,*,,,,,,,,FALSE
"Ді. 34 зач.; 14, 6-18.",Ді.,ap,34,,Середа Переполовення,,,pascha,4,,3,3,,,FALSE
"Ді. 35 зач.; 14, 20-27.",Ді.,ap,35,,Четвер 5-го тижня після Пасхи,,,pascha,5,,4,4,pascha,5,FALSE
"Ді. 36 зач.; 15, 5-34.",Ді.,ap,36,,П'ятниця 5-го тижня після Пасхи,,,pascha,5,,5,5,pascha,5,FALSE
"Ді. 37 зач.; 15, 35-41.",Ді.,ap,37,,Субота 5-го тижня після Пасхи,,,pascha,5,,6,6,pascha,5,FALSE
"Ді. 38 зач.; 16, 16-34.",Ді.,ap,38,,"Неділя 6-та, про сліпого",,,pascha,5,,7,7,,6,FALSE
"Ді. 39 зач.; 17, 1-15.",Ді.,ap,39,,Понеділок 6-го тижня після Пасхи,,,pascha,6,,1,1,pascha,6,FALSE
"Ді. 40 зач.; 17, 19-28.",Ді.,ap,40,a,Вівторок 6-го тижня після Пасхи,,,pascha,6,,2,2,pascha,6,FALSE
"Ді. 40 зач.; 17, 16-34.",Ді.,ap,40,b,Святому Діонисієві Ареопагітові,,*,,,,,,,,FALSE
"Ді. 40 зач.; 18, 1-11.",Ді.,ap,40,c,На заснування і оновлення міста,,*,,,,,,,,FALSE
"Ді. 41 зач.; 18, 22-28.",Ді.,ap,41,,Середа 6-го тижня після Пасхи,,,pascha,6,,3,3,pascha,6,FALSE
"Ді. 42 зач.; 19, 1-8.",Ді.,ap,42,,"П'ятниця 6-го тижня після Пасхи. Це й 8-го січня, Христителеві",,?,pascha,6,,5,5,pascha,6,FALSE
"Ді. 43 зач.; 20, 7-12.",Ді.,ap,43,,Субота 6-та після Пасхи,,,pascha,6,,6,6,pascha,6,FALSE
"Ді. 44 зач.; 20, 16-18; 28-36.",Ді.,ap,44,,"Неділя 7-ма, святих отців",,,pascha,6,,7,7,,7,FALSE
"Ді. 45 зач.; 21, 8-14.",Ді.,ap,45,,Понеділок 7-го тижня після Пасхи,,,pascha,7,,1,1,pascha,7,FALSE
"Ді. 46 зач.; 21, 26-32.",Ді.,ap,46,,Вівторок 7-го тижня після Пасхи,,,pascha,7,,2,2,pascha,7,FALSE
"Ді. 47 зач.; 23, 1-11.",Ді.,ap,47,,Середа 7-го тижня після Пасхи,,,pascha,7,,3,3,pascha,7,FALSE
"Ді. 48 зач.; 25, 13-19.",Ді.,ap,48,,Четвер 7-го тижня після Пасхи,,,pascha,7,,4,4,pascha,7,FALSE
"Ді. 49 зач.; 26, 1-5; 12-20.",Ді.,ap,49,,"21-го травня, цареві Константинові, цей і княгині Ользі",,*,,21,,,,,21,FALSE
"Ді. 50 зач.; 27, 1-44.",Ді.,ap,50,a,П'ятниця 7-го тижня після Пасхи,,,pascha,7,,5,5,pascha,7,FALSE
"Як. 50 зач.; 1, 1-18.",Як.,ap,50,b,Середа 31-го тижня після 50-ці,,,pentecost,31,,3,3,pentecost,31,FALSE
"Ді. 51 зач.; 28, 1-31.",Ді.,ap,51,a,Субота 7-ма після Пасхи,,,pascha,7,,6,6,pascha,7,FALSE
"Як. 51 зач.; 1, 19-27.",Як.,ap,51,b,Четвер 31-го тижня після 50-ці,,,pentecost,31,,4,4,pentecost,31,FALSE
"Як. 52 зач.; 2, 1-13.",Як.,ap,52,,П'ятниця 31-го тижня після 50-ці,,,pentecost,31,,5,5,pentecost,31,FALSE
"Як. 53 зач.; 2, 14-26.",Як.,ap,53,,Понеділок 32-го тижня після 50-ці,,,pentecost,32,,1,1,pentecost,32,FALSE
"Як. 54 зач.; 3, 1-10.",Як.,ap,54,,Вівторок 32-го тижня після 50-ці,,,pentecost,32,,2,2,pentecost,32,FALSE
"Як. 55 зач.; 3, 11 – 4, 6.",Як.,ap,55,,Середа 32-го тижня після 50-ці,,,pentecost,32,,3,3,pentecost,32,FALSE
"Як. 56 зач.; 4, 7 – 5, 9.",Як.,ap,56,,Четвер 32-го тижня після 50-ці,,,pentecost,32,,4,4,pentecost,32,FALSE
"Як. 57 зач.; 5, 10-20.",Як.,ap,57,,"20-го липня, пророкові Іллі. Цей же й над хворими",,*,,20,,,,,20,FALSE
"1 Пт. 58 зач.; 1, 1-2; 10-12; 2, 6-10.",1 Пт.,ap,58,a,П'ятниця 32-го тижня після 50-ці,,,pentecost,32,,5,5,pentecost,32,FALSE
"1 Пт. 58 зач.; 1, 3-9.",1 Пт.,ap,58,b,Паремія 1-ша в пам'ять святих апостолів Петра й Павла,,*,,1,,,,,1,FALSE
"1 Пт. 58 зач.; 1, 13-19.",1 Пт.,ap,58,c,Паремія 2-га в пам'ять святих апостолів Петра й Павла,,*,,2,,,,,2,FALSE
"1 Пт. 58 зач.; 2, 11-24.",1 Пт.,ap,58,d,Паремія 3-тя в пам'ять святих апостолів Петра й Павла,,*,,3,,,,,3,FALSE
"1 Пт. 59 зач.; 2, 21 – 3, 9.",1 Пт.,ap,59,,Понеділок 33-го тижня після 50-ці,,,pentecost,33,4,1,1,pentecost,33,FALSE
"1 Пт. 60 зач.; 3, 10-22.",1 Пт.,ap,60,,Вівторок 33-го тижня після 50-ці,,,pentecost,33,4,2,2,pentecost,33,FALSE
"1 Пт. 61 зач.; 4, 1-11.",1 Пт.,ap,61,,Середа 33-го тижня після 50-ці,,,pentecost,33,4,3,3,pentecost,33,FALSE
"1 Пт. 62 зач.; 4, 12 – 5, 5.",1 Пт.,ap,62,,Четвер 33-го тижня після 50-ці,,,pentecost,33,4,4,4,pentecost,33,FALSE
"1 Пт. 63 зач.; 5, 6-14.",1 Пт.,ap,63,,Євангелистові Маркові,,*,,,,,,,,FALSE
"2 Пт. 64 зач.; 1, 1-10.",2 Пт.,ap,64,,П'ятниця 33-го тижня після 50-ці,,,pentecost,33,4,5,5,pentecost,33,FALSE
"2 Пт. 65 зач.; 1, 10-19.",2 Пт.,ap,65,,На Преображення Господнє,,*,,,,,,,,FALSE
"2 Пт. 66 зач.; 1, 20 – 2, 9.",2 Пт.,ap,66,,Понеділок 34-го тижня після 50-ці,,,pentecost,34,3,1,1,pentecost,34,FALSE
"2 Пт. 67 зач.; 2, 9-22.",2 Пт.,ap,67,,Вівторок 34-го тижня після 50-ці,,,pentecost,34,3,2,2,pentecost,34,FALSE
"2 Пт. 68 зач.; 3, 1-18.",2 Пт.,ap,68,a,Середа 34-го тижня після 50-ці,,,pentecost,34,3,3,3,pentecost,34,FALSE
"1 Йо. 68 зач.; 1, 1-7.",1 Йо.,ap,68,b,"8-го травня, св. Івана Богослова",,*,,8,,,,,8,FALSE
"1 Йо. 69 зач.; 1, 8 – 2, 6.",1 Йо.,ap,69,,Четвер 34-го тижня після 50-ці,,,pentecost,34,3,4,4,pentecost,34,FALSE
"1 Йо. 70 зач.; 2, 7-17.",1 Йо.,ap,70,,П'ятниця 34-го тижня після 50-ці,,,pentecost,34,3,5,5,pentecost,34,FALSE
"1 Йо. 71 зач.; 2, 18 – 3, 10.",1 Йо.,ap,71,,Понеділок 35-го тижня після 50-ці,,,pentecost,35,2,1,1,pentecost,35,FALSE
"1 Йо. 72 зач.; 3, 10-20.",1 Йо.,ap,72,,Вівторок 35-го тижня після 50-ці,,,pentecost,35,2,2,2,pentecost,35,FALSE
"1 Йо. 73 зач.; 4, 12-19.",1 Йо.,ap,73,a,"26-го вересня, переставлення Апостола Івана Богослова",,*,,26,,,,,26,FALSE
"1 Йо. 73 зач.; 3, 21 – 4, 6.",1 Йо.,ap,73,b,"Середа 35-го тижня після 50-ці. Цей і на вечірні Богословові, перша паремія",,,pentecost,35,2,3,3,pentecost,35,FALSE
"1 Йо. 73 зач.; 4, 11-16.",1 Йо.,ap,73,c,Друга паремія,,*,,,,,,,,FALSE
"1 Йо. 74 зач.; 4, 20 – 5, 21.",1 Йо.,ap,74,,Четвер 35-го тижня після 50-ці. Цей і третя паремія,,,pentecost,35,2,4,4,pentecost,35,FALSE
"2 Йо. 75 зач.; 1, 1-13.",2 Йо.,ap,75,,П'ятниця 35-го тижня після 50-ці,,,pentecost,35,2,5,5,pentecost,35,FALSE
"3 Йо. 76 зач.; 1, 1-15.",3 Йо.,ap,76,,Понеділок сирний,,,pentecost,36,1,1,1,,,FALSE
"1 Ів. 68 зач.; 1, 1-7.",1 Ів.,ap,68,b,"8-го травня, св. Івана Богослова",,*,,8,,,,,8,FALSE
"1 Ів. 69 зач.; 1, 8 – 2, 6.",1 Ів.,ap,69,,Четвер 34-го тижня після 50-ці,,,pentecost,34,3,4,4,pentecost,34,FALSE
"1 Ів. 70 зач.; 2, 7-17.",1 Ів.,ap,70,,П'ятниця 34-го тижня після 50-ці,,,pentecost,34,3,5,5,pentecost,34,FALSE
"1 Ів. 71 зач.; 2, 18 – 3, 10.",1 Ів.,ap,71,,Понеділок 35-го тижня після 50-ці,,,pentecost,35,2,1,1,pentecost,35,FALSE
"1 Ів. 72 зач.; 3, 10-20.",1 Ів.,ap,72,,Вівторок 35-го тижня після 50-ці,,,pentecost,35,2,2,2,pentecost,35,FALSE
"1 Ів. 73 зач.; 4, 12-19.",1 Ів.,ap,73,a,"26-го вересня, переставлення Апостола Івана Богослова",,*,,26,,,,,26,FALSE
"1 Ів. 73 зач.; 3, 21 – 4, 6.",1 Ів.,ap,73,b,"Середа 35-го тижня після 50-ці. Цей і на вечірні Богословові, перша паремія",,,pentecost,35,2,3,3,pentecost,35,FALSE
"1 Ів. 73 зач.; 4, 11-16.",1 Ів.,ap,73,c,Друга паремія,,*,,,,,,,,FALSE
"1 Ів. 74 зач.; 4, 20 – 5, 21.",1 Ів.,ap,74,,Четвер 35-го тижня після 50-ці. Цей і третя паремія,,,pentecost,35,2,4,4,pentecost,35,FALSE
"2 Ів. 75 зач.; 1, 1-13.",2 Ів.,ap,75,,П'ятниця 35-го тижня після 50-ці,,,pentecost,35,2,5,5,pentecost,35,FALSE
"3 Ів. 76 зач.; 1, 1-15.",3 Ів.,ap,76,,Понеділок сирний,,,pentecost,36,1,1,1,,,FALSE
"Юд. 77 зач.; 1, 1-10.",Юд.,ap,77,,Сирний вівторок,,,pentecost,36,1,2,,,,FALSE
"Юд. 78 зач.; 1, 11-25.",Юд.,ap,78,,Сирний четвер,,,pentecost,36,1,4,,,,FALSE
"Рим. 79 зач.; 1, 1-7; 13-17.",Рим.,ap,79,a,Вівторок 1-го тижня після 50-ці,,,pentecost,1,,2,2,pentecost,1,FALSE
"Рим. 79 зач.; 1, 7-12.",Рим.,ap,79,b,Субота 1-ша після 50-ці,,,pentecost,1,,6,6,pentecost,1,FALSE
"Рим. 80 зач.; 1, 18-27.",Рим.,ap,80,,Середа 1-го тижня після 50-ці,,,pentecost,1,,3,3,pentecost,1,FALSE
"Рим. 81 зач.; 1, 28 – 2, 9.",Рим.,ap,81,a,Четвер 1-го тижня після 50-ці,,,pentecost,1,,4,4,pentecost,1,FALSE
"Рим. 81 зач.; 2, 10-16.",Рим.,ap,81,b,Неділя 2-га після 50-ці,,,pentecost,2,,7,7,pentecost,2,FALSE
"Рим. 82 зач.; 2, 14-29.",Рим.,ap,82,,П'ятниця 1-го тижня після 50-ці,,,pentecost,1,,5,5,pentecost,1,FALSE
"Рим. 83 зач.; 2, 28 – 3, 18.",Рим.,ap,83,,Понеділок 2-го тижня після 50-ці,,,pentecost,2,,1,1,pentecost,2,FALSE
"Рим. 84 зач.; 3, 19-26.",Рим.,ap,84,,Субота 2-га після 50-ці,,,pentecost,2,,6,6,pentecost,2,FALSE
"Рим. 85 зач.; 3, 28 – 4, 3.",Рим.,ap,85,,Субота 3-тя після 50-ці,,,pentecost,3,,6,6,pentecost,3,FALSE
"Рим. 86 зач.; 4, 4-12.",Рим.,ap,86,,Вівторок 2-го тижня після 50-ці,,,pentecost,2,,2,2,pentecost,2,FALSE
"Рим. 87 зач.; 4, 13-25.",Рим.,ap,87,,Середа 2-го тижня після 50-ці,,,pentecost,2,,3,3,pentecost,2,FALSE
"Рим. 88 зач.; 5, 1-10.",Рим.,ap,88,a,Неділя 3-тя після 50-ці,,,pentecost,3,,7,7,pentecost,3,FALSE
"Рим. 88 зач.; 5, 6-11.",Рим.,ap,88,b,На 3-му Часі Великої п'ятниці,,*,,3,,,,,3,FALSE
"Рим. 89 зач.; 5, 10-16.",Рим.,ap,89,,Четвер 2-го тижня після 50-ці,,,pentecost,2,,4,4,pentecost,2,FALSE
"Рим. 90 зач.; 5, 17 – 6, 2.",Рим.,ap,90,,П'ятниця 2-го тижня після 50-ці,,,pentecost,2,,5,5,pentecost,2,FALSE
"Рим. 91 зач.; 6, 3-11.",Рим.,ap,91,,Свята й Велика субота вечора,,,lent,7,,6,,,,FALSE
"Рим. 92 зач.; 6, 11-17.",Рим.,ap,92,,Субота 4-та після 50-ці,,,pentecost,4,,6,6,pentecost,4,FALSE
"Рим. 93 зач.; 6, 18-23.",Рим.,ap,93,,Неділя 4-та після 50-ці,,,pentecost,4,,7,7,pentecost,4,FALSE
"Рим. 94 зач.; 7, 1-13.",Рим.,ap,94,,Понеділок 3-го тижня після 50-ці,,,pentecost,3,,1,1,pentecost,3,FALSE
"Рим. 95 зач.; 7, 14 – 8, 2.",Рим.,ap,95,,Вівторок 3-го тижня після 50-ці,,,pentecost,3,,2,2,pentecost,3,FALSE
"Рим. 96 зач.; 8, 2-13.",Рим.,ap,96,a,Середа 3-го тижня після 50-ці,,,pentecost,3,,3,3,pentecost,3,FALSE
"Рим. 96 зач.; 8, 3-9.",Рим.,ap,96,b,28-го грудня,,*,,28,,,,,28,FALSE
"Рим. 96 зач.; 8, 8-14.",Рим.,ap,96,c,4-го січня,,*,,4,,,,,4,FALSE
"Рим. 97 зач.; 8, 14-21.",Рим.,ap,97,,Субота 5-го тижня після 50-ці,,,pentecost,5,,6,6,pentecost,5,FALSE
"Рим. 98 зач.; 8, 22-27.",Рим.,ap,98,,Четвер 3-го тижня після 50-ці,,,pentecost,3,,4,4,pentecost,3,FALSE
"Рим. 99 зач.; 8, 28-39.",Рим.,ap,99,,Всім святим українського народу. Святим великомученикам,,*,pentecost,2,,7,,,,FALSE
"Рим. 100 зач.; 9, 1-5.",Рим.,ap,100,,Субота 6-та після 50-ці,,,pentecost,6,,6,6,pentecost,6,FALSE
"Рим. 101 зач.; 9, 6-19.",Рим.,ap,101,,П'ятниця 3-го тижня після 50-ці,,,pentecost,3,,5,5,pentecost,3,FALSE
"Рим. 102 зач.; 9, 18-33.",Рим.,ap,102,,Понеділок 4-го тижня після 50-ці,,,pentecost,4,,1,1,pentecost,4,FALSE
"Рим. 103 зач.; 10, 1-10.",Рим.,ap,103,,Неділя 5-та по 50-ці,,,pentecost,5,,7,7,pentecost,5,FALSE
"Рим. 104 зач.; 10, 11 – 11, 2.",Рим.,ap,104,,Вівторок 4-го тижня після 50-ці,,,pentecost,4,,2,2,pentecost,4,FALSE
"Рим. 105 зач.; 11, 2-12.",Рим.,ap,105,,Середа 4-го тижня після 50-ці,,,pentecost,4,,3,3,pentecost,4,FALSE
"Рим. 106 зач.; 11, 13-24.",Рим.,ap,106,,Четвер 4-го тижня після 50-ці,,,pentecost,4,,4,4,pentecost,4,FALSE
"Рим. 107 зач.; 11, 25-36.",Рим.,ap,107,,П'ятниця 4-го тижня після 50-ці,,,pentecost,4,,5,5,pentecost,4,FALSE
"Рим. 108 зач.; 12, 1-3.",Рим.,ap,108,,Субота 7-ма після 50-ці,,,pentecost,7,,6,6,pentecost,7,FALSE
"Рим. 109 зач.; 12, 4-5; 15-21.",Рим.,ap,109,,Понеділок 5-го тижня після 50-ці,,,pentecost,5,,1,1,pentecost,5,FALSE
"Рим. 110 зач.; 12, 6-14.",Рим.,ap,110,,Неділя 6-та після 50-ці,,,pentecost,6,,7,7,pentecost,6,FALSE
"Рим. 111 зач.; 13, 1-10.",Рим.,ap,111,,Субота 8-ма після 50-ці,,,pentecost,8,,6,6,pentecost,8,FALSE
"Рим. 112 зач.; 13, 11 – 14, 4.",Рим.,ap,112,,Неділя сиропусна. Цей і на різдво Івана Предтечі,,*,lent,36,1,7,7,,,FALSE
"Рим. 113 зач.; 14, 6-9.",Рим.,ap,113,,Субота 9-та після 50-ці. Цей і за померлих у понеділок.,,,pentecost,9,,6,6,pentecost,9,FALSE
"Рим. 114 зач.; 14, 9-18.",Рим.,ap,114,,Вівторок 5-го тижня після 50-ці,,,pentecost,5,,2,2,pentecost,5,FALSE
"Рим. 115 зач.; 14, 19-26.",Рим.,ap,115,,Субота сиропусна,,,lent,36,1,6,6,,,FALSE
"Рим. 116 зач.; 15, 1-7.",Рим.,ap,116,,Неділя 7-ма після 50-ці,,,pentecost,7,,7,7,pentecost,7,FALSE
"Рим. 117 зач.; 15, 7-16.",Рим.,ap,117,,Середа 5-го тижня після 50-ці,,,pentecost,5,,3,3,pentecost,5,FALSE
"Рим. 118 зач.; 15, 17-29.",Рим.,ap,118,,Четвер 5-го тижня після 50-ці,,,pentecost,5,,4,4,pentecost,5,FALSE
"Рим. 119 зач.; 15, 30-33.",Рим.,ap,119,,Субота 10-та після 50-ці,,,pentecost,10,,6,6,pentecost,10,FALSE
"Рим. 120 зач.; 16, 1-16.",Рим.,ap,120,,П'ятниця 5-го тижня після 50-ці,,,pentecost,5,,5,5,pentecost,5,FALSE
"Рим. 121 зач.; 16, 17-24.",Рим.,ap,121,,Понеділок 6-го тижня після 50-ці,,,pentecost,6,,1,1,pentecost,6,FALSE
"1 Кор. 122 зач.; 1, 1-9.",1 Кор.,ap,122,,Вівторок 6-го тижня після 50-ці,,,pentecost,6,,2,2,pentecost,6,FALSE
"1 Кор. 123 зач.; 1, 3-9.",1 Кор.,ap,123,,Субота 11-та після 50-ці,,,pentecost,11,,6,6,pentecost,11,FALSE
"1 Кор. 124 зач.; 1, 10-18.",1 Кор.,ap,124,,Неділя 8-ма після 50-ці,,,pentecost,8,,7,7,pentecost,8,FALSE
"1 Кор. 125 зач.; 1, 18 – 2, 2.",1 Кор.,ap,125,a,"Велика п'ятниця. Цей і на явління в небі знамення Хреста, похід із древом Хреста",,,lent,7,,5,,,,FALSE
"1 Кор. 125 зач.; 1, 18-24.",1 Кор.,ap,125,b,Воздвиження Хреста,,*,,,,,,,,FALSE
"1 Кор. 125 зач.; 1, 26-29.",1 Кор.,ap,125,c,Субота 12-та після 50-ці. Цей і у суботу після Воздвиження,,,pentecost,12,,6,6,pentecost,12,FALSE
"1 Кор. 126 зач.; 2, 6-9.",1 Кор.,ap,126,,Субота 13-та після 50-ці. Цей і у суботу перед Воздвиженням,,,pentecost,13,,6,6,pentecost,13,FALSE
"1 Кор. 127 зач.; 2, 9 – 3, 8.",1 Кор.,ap,127,,Середа 6-го тижня після 50-ці,,,pentecost,6,,3,3,pentecost,6,FALSE
"1 Кор. 128 зач.; 3, 9-17.",1 Кор.,ap,128,,Неділя 9-ма після 50-ці,,,pentecost,9,,7,7,pentecost,9,FALSE
"1 Кор. 129 зач.; 3, 18-23.",1 Кор.,ap,129,,Четвер 6-го тижня після 50-ці,,,pentecost,6,,4,4,pentecost,6,FALSE
"1 Кор. 130 зач.; 4, 5-8.",1 Кор.,ap,130,a,П'ятниця 6-го тижня після 50-ці,,,pentecost,6,,5,5,pentecost,6,FALSE
"1 Кор. 130 зач.; 4, 1-5.",1 Кор.,ap,130,b,Субота 14-та після 50-ці,,,pentecost,14,,6,6,pentecost,14,FALSE
"1 Кор. 131 зач.; 4, 9-16.",1 Кор.,ap,131,,Неділя 10-та після 50-ці. Цей же й апостолам,,,pentecost,10,,7,7,pentecost,10,FALSE
"1 Кор. 132 зач.; 4, 17 – 5, 5.",1 Кор.,ap,132,,Субота 15-та після 50-ці,,,pentecost,15,,6,6,pentecost,15,FALSE
"1 Кор. 133 зач.; 5, 6-8.",1 Кор.,ap,133,,Свята й велика субота на Утрені,,*,,,,,,,,FALSE
"1 Кор. 134 зач.; 5, 9 – 6, 11.",1 Кор.,ap,134,,Понеділок 7-го тижня після 50-ці,,,pentecost,7,,1,1,pentecost,7,FALSE
"1 Кор. 135 зач.; 6, 12-20.",1 Кор.,ap,135,,"Неділя 34-та, про блудного сина",,,pentecost,34,3,7,7,,34,FALSE
"1 Кор. 136 зач.; 6, 20 – 7, 12.",1 Кор.,ap,136,,Вівторок 7-го тижня після 50-ці,,,pentecost,7,,2,2,pentecost,7,FALSE
"1 Кор. 137 зач.; 7, 12-24.",1 Кор.,ap,137,,Середа 7-го тижня після 50-ці,,,pentecost,7,,3,3,pentecost,7,FALSE
"1 Кор. 138 зач.; 7, 24-35.",1 Кор.,ap,138,,Четвер 7-го тижня після 50-ці,,,pentecost,7,,4,4,pentecost,7,FALSE
"1 Кор. 139 зач.; 7, 35 – 8, 7.",1 Кор.,ap,139,,П'ятниця 7-го тижня після 50-ці,,,pentecost,7,,5,5,pentecost,7,FALSE
"1 Кор. 140 зач.; 8, 8 – 9, 2.",1 Кор.,ap,140,,"Неділя 35-та, м'ясопусна",,,pentecost,35,2,7,7,,35,FALSE
"1 Кор. 141 зач.; 9, 2-12.",1 Кор.,ap,141,,Неділя 11-го тижня після 50-ці,,,pentecost,11,,7,7,pentecost,11,FALSE
"1 Кор. 142 зач.; 9, 13-18.",1 Кор.,ap,142,,Понеділок 8-го тижня після 50-ці,,,pentecost,8,,1,1,pentecost,8,FALSE
"1 Кор. 143 зач.; 9, 19 – 10, 4.",1 Кор.,ap,143,с,"В навечір'я Просвіщення, поза постом",,*,,,,,,,,FALSE
"1 Кор. 143 зач.; 9, 19-27.",1 Кор.,ap,143,a,"В навечір'я Просвіщення, в часі посту",,*,lent,,,,,lent,,FALSE
"1 Кор. 143 зач.; 10, 1-4.",1 Кор.,ap,143,b,На освячення води,,*,,,,,,,,FALSE
"1 Кор. 144 зач.; 10, 5-12.",1 Кор.,ap,144,,Вівторок 8-го тижня після 50-ці,,,pentecost,8,,2,2,pentecost,8,FALSE
"1 Кор. 145 зач.; 10, 12-22.",1 Кор.,ap,145,,Середа 8-го тижня після 50-ці,,,pentecost,8,,3,3,pentecost,8,FALSE
"1 Кор. 146 зач.; 10, 23-28.",1 Кор.,ap,146,,Субота 16-го тижня після 50-ці. Цей і в суботу м'ясопусну,,,pentecost,16,,6,6,pentecost,16,FALSE
"1 Кор. 147 зач.; 10, 28 – 11, 7.",1 Кор.,ap,147,,Четвер 8-го тижня після 50-ці,,,pentecost,8,,4,4,pentecost,8,FALSE
"1 Кор. 148 зач.; 11, 8-22.",1 Кор.,ap,148,,П'ятниця 8-го тижня після 50-ці,,,pentecost,8,,5,5,pentecost,8,FALSE
"1 Кор. 149 зач.; 11, 23-32.",1 Кор.,ap,149,,У Великий четвер. Цей і на свято Євхаристії,,,lent,7,,4,,,,FALSE
"1 Кор. 150 зач.; 11, 31 – 12, 6.",1 Кор.,ap,150,,Понеділок 9-го тижня після 50-ці,,,pentecost,9,,1,1,pentecost,9,FALSE
"1 Кор. 151 зач.; 12, 7-11.",1 Кор.,ap,151,,"17-го листопада, святому Григорію",,*,,17,,,,,17,FALSE
"1 Кор. 152 зач.; 12, 12-26.",1 Кор.,ap,152,,Вівторок 9-го тижня після 50-ці,,,pentecost,9,,2,2,pentecost,9,FALSE
"1 Кор. 153 зач.; 12, 27 – 13, 8.",1 Кор.,ap,153,,Святим безсребреникам,,*,,,,,,,,FALSE
"1 Кор. 154 зач.; 13, 4 – 14, 5.",1 Кор.,ap,154,a,Середа 9-го тижня після 50-ці,,,pentecost,9,,3,3,pentecost,9,FALSE
"1 Кор. 154 зач.; 13, 11 – 14, 5.",1 Кор.,ap,154,b,Кирикові і Юліті,,*,,,,,,,,FALSE
"1 Кор. 155 зач.; 14, 6-19.",1 Кор.,ap,155,,Четвер 9-го тижня після 50-ці,,,pentecost,9,,4,4,pentecost,9,FALSE
"1 Кор. 156 зач.; 14, 20-25.",1 Кор.,ap,156,,Субота 17-го тижня після 50-ці,,,pentecost,17,,6,6,pentecost,17,FALSE
"1 Кор. 157 зач.; 14, 26-40.",1 Кор.,ap,157,,П'ятниця 9-го тижня після 50-ці,,,pentecost,9,,5,5,pentecost,9,FALSE
"1 Кор. 158 зач.; 15, 1-11.",1 Кор.,ap,158,,Неділя 12-та після 50-ці,,,pentecost,12,,7,7,pentecost,12,FALSE
"1 Кор. 159 зач.; 15, 12-19.",1 Кор.,ap,159,,Понеділок 10-го тижня після 50-ці,,,pentecost,10,,1,1,pentecost,10,FALSE
"1 Кор. 160 зач.; 15, 20-28.",1 Кор.,ap,160,,За померлих,,*,,,,,,,,FALSE
"1 Кор. 161 зач.; 15, 29-38.",1 Кор.,ap,161,,Вівторок 10-го тижня після 50-ці,,,pentecost,10,,2,2,pentecost,10,FALSE
"1 Кор. 162 зач.; 15, 39-45.",1 Кор.,ap,162,,Субота 18-та після 50-ці,,,pentecost,18,,6,6,pentecost,18,FALSE
"1 Кор. 163 зач.; 15, 47-57.",1 Кор.,ap,163,,За померлих,,*,,,,,,,,FALSE
"1 Кор. 164 зач.; 15, 58 – 16, 3.",1 Кор.,ap,164,,Субота 19-та після 50-ці,,,pentecost,19,,6,6,pentecost,19,FALSE
"1 Кор. 165 зач.; 16, 4-12.",1 Кор.,ap,165,,Середа 10-го тижня після 50-ці,,,pentecost,10,,3,3,pentecost,10,FALSE
"1 Кор. 166 зач.; 16, 13-24.",1 Кор.,ap,166,,Неділя 13-та після 50-ці,,,pentecost,13,,7,7,pentecost,13,FALSE
"2 Кор. 167 зач.; 1, 1-7.",2 Кор.,ap,167,a,Четвер 10-го тижня після 50-ці,,,pentecost,10,,4,4,pentecost,10,FALSE
"2 Кор. 167 зач.; 1, 3-7.",2 Кор.,ap,167,b,Великомученикам,,*,,,,,,,,FALSE
"2 Кор. 168 зач.; 1, 8-11.",2 Кор.,ap,168,,Субота 20-та після 50-ці,,,pentecost,20,,6,6,pentecost,20,FALSE
"2 Кор. 169 зач.; 1, 12-20.",2 Кор.,ap,169,,П'ятниця 10-го тижня після 50-ці,,,pentecost,10,,5,5,pentecost,10,FALSE
"2 Кор. 170 зач.; 1, 21 – 2, 4.",2 Кор.,ap,170,,Неділя 14-та після 50-ці,,,pentecost,14,,7,7,pentecost,14,FALSE
"2 Кор. 171 зач.; 2, 4-15.",2 Кор.,ap,171,,Понеділок 11-го тижня після 50-ці,,,pentecost,11,,1,1,pentecost,11,FALSE
"2 Кор. 172 зач.; 2, 14 – 3, 3.",2 Кор.,ap,172,,Вівторок 11-го тижня після 50-ці,,,pentecost,11,,2,2,pentecost,11,FALSE
"2 Кор. 173 зач.; 3, 4-11.",2 Кор.,ap,173,,Середа 11-го тижня після 50-ці. Той же і святому обрусові,,,pentecost,11,,3,3,pentecost,11,FALSE
"2 Кор. 174 зач.; 3, 12-18.",2 Кор.,ap,174,,Субота 21-ша після 50-ці,,,pentecost,21,,6,6,pentecost,21,FALSE
"2 Кор. 175 зач.; 4, 1-6.",2 Кор.,ap,175,,Четвер 11-го тижня після 50-ці,,,pentecost,11,,4,4,pentecost,11,FALSE
"2 Кор. 176 зач.; 4, 6-15.",2 Кор.,ap,176,,"Неділя 15-та після 50-ці. Цей і преподобним, на Знайдення голови Предтечі",,,pentecost,15,,7,7,pentecost,15,FALSE
"2 Кор. 177 зач.; 4, 13-18.",2 Кор.,ap,177,,П'ятниця 11-го тижня після 50-ці,,,pentecost,11,,5,5,pentecost,11,FALSE
"2 Кор. 178 зач.; 5, 1-10.",2 Кор.,ap,178,,Субота 22-га після 50-ці. Цей і в середу умерлим,,,pentecost,22,,6,6,pentecost,22,FALSE
"2 Кор. 179 зач.; 5, 10-15.",2 Кор.,ap,179,,Понеділок 12-го тижня після 50-ці,,,pentecost,12,,1,1,pentecost,12,FALSE
"2 Кор. 180 зач.; 5, 15-21.",2 Кор.,ap,180,,Вівторок 12-го тижня після 50-ці,,,pentecost,12,,2,2,pentecost,12,FALSE
"2 Кор. 181 зач.; 6, 1-10.",2 Кор.,ap,181,,Неділя 16-та після 50-ці. Цей же й мученикам,,,pentecost,16,,7,7,pentecost,16,FALSE
"2 Кор. 182 зач.; 6, 11-16.",2 Кор.,ap,182,a,Середа 12-го тижня після 50-ці,,,pentecost,12,,3,3,pentecost,12,FALSE
"2 Кор. 182 зач.; 6, 16 – 7, 1.",2 Кор.,ap,182,b,Неділя 17-та після 50-ці,,,pentecost,17,,7,7,pentecost,17,FALSE
"2 Кор. 183 зач.; 7, 1-10.",2 Кор.,ap,183,,Четвер 12-го тижня після 50-ці,,,pentecost,12,,4,4,pentecost,12,FALSE
"2 Кор. 184 зач.; 7, 10-16.",2 Кор.,ap,184,,П'ятниця 12-го тижня після 50-ці,,,pentecost,12,,5,5,pentecost,12,FALSE
"2 Кор. 185 зач.; 8, 1-5.",2 Кор.,ap,185,,Субота 23-тя після 50-ці,,,pentecost,23,,6,6,pentecost,23,FALSE
"2 Кор. 186 зач.; 8, 7-15.",2 Кор.,ap,186,,Понеділок 13-го тижня після 50-ці,,,pentecost,13,,1,1,pentecost,13,FALSE
"2 Кор. 187 зач.; 8, 16 – 9, 5.",2 Кор.,ap,187,,Вівторок 13-го тижня після 50-ці,,,pentecost,13,,2,2,pentecost,13,FALSE
"2 Кор. 188 зач.; 9, 6-11.",2 Кор.,ap,188,,Неділя 18-та після 50-ці,,,pentecost,18,,7,7,pentecost,18,FALSE
"2 Кор. 189 зач.; 9, 12 – 10, 7.",2 Кор.,ap,189,,Середа 13-го тижня після 50-ці,,,pentecost,13,,3,3,pentecost,13,FALSE
"2 Кор. 190 зач.; 10, 7-18.",2 Кор.,ap,190,,Четвер 13-го тижня після 50-ці,,,pentecost,13,,4,4,pentecost,13,FALSE
"2 Кор. 191 зач.; 11, 1-6.",2 Кор.,ap,191,,Субота 24-го тижня після 50-ці,,,pentecost,24,,6,6,pentecost,24,FALSE
"2 Кор. 192 зач.; 11, 5-21.",2 Кор.,ap,192,,П'ятниця 13-го тижня після 50-ці,,,pentecost,13,,5,5,pentecost,13,FALSE
"2 Кор. 193 зач.; 11, 21 – 12, 9.",2 Кор.,ap,193,,"29-го червня, святим апостолам",,*,,,,,,,29,FALSE
"2 Кор. 194 зач.; 11, 31 – 12, 9.",2 Кор.,ap,194,,Неділя 19-та після 50-ці,,,pentecost,19,,7,7,pentecost,19,FALSE
"2 Кор. 195 зач.; 12, 10-19.",2 Кор.,ap,195,,Понеділок 14-го тижня після 50-ці,,,pentecost,14,,1,1,pentecost,14,FALSE
"2 Кор. 196 зач.; 12, 20 – 13, 2.",2 Кор.,ap,196,,Вівторок 14-го тижня після 50-ці,,,pentecost,14,,2,2,pentecost,14,FALSE
"2 Кор. 197 зач.; 13, 3-13.",2 Кор.,ap,197,,Середа 14-го тижня після 50-ці,,,pentecost,14,,3,3,pentecost,14,FALSE
"Гал. 198 зач.; 1, 1-10; 20 – 2, 5.",Гал.,ap,198,,Четвер 14-го тижня після 50-ці,,,pentecost,14,,4,4,pentecost,14,FALSE
"Гал. 199 зач.; 1, 3-10.",Гал.,ap,199,,Субота 25-та після 50-ці,,,pentecost,25,,6,6,pentecost,25,FALSE
"Гал. 200 зач.; 1, 11-19.",Гал.,ap,200,,"Неділя 20-та після 50-ці. Цей же і в неділю після Різдва Христового, рівноап. Володимиру",П'ятниця 14-го тижня після 50-ці,,pentecost,20,,7,7,pentecost,20,FALSE
"Гал. 201 зач.; 2, 6-10.",Гал.,ap,201,,П'ятниця 14-го тижня після 50-ці,,,pentecost,14,,5,5,pentecost,14,FALSE
"Гал. 202 зач.; 2, 11-16.",Гал.,ap,202,,Понеділок 15-го тижня після 50-ці,,,pentecost,15,,1,1,pentecost,15,FALSE
"Гал. 203 зач.; 2, 16-20.",Гал.,ap,203,,Неділя 21-ша після 50-ці. Цей і в неділю після Воздвиження,,,pentecost,21,,7,7,pentecost,21,FALSE
"Гал. 204 зач.; 2, 21 – 3, 7.",Гал.,ap,204,,Вівторок 15-го тижня після 50-ці,,,pentecost,15,,2,2,pentecost,15,FALSE
"Гал. 205 зач.; 3, 8-12.",Гал.,ap,205,,Субота 26-та і субота перед Різдвом Христовим,,*,pentecost,26,,6,6,,26,FALSE
"Гал. 206 зач.; 3, 13-14.",Гал.,ap,206,,Великій суботі на Утрені,,na,,,,,,,,FALSE
"Гал. 207 зач.; 3, 15-22.",Гал.,ap,207,,Середа 15-го тижня після 50-ці,,,pentecost,15,,3,3,pentecost,15,FALSE
"Гал. 208 зач.; 3, 23 – 4, 5.",Гал.,ap,208,a,Четвер 15-го тижня після 50-ці,,,pentecost,15,,4,4,pentecost,15,FALSE
"Гал. 208 зач.; 3, 23-29.",Гал.,ap,208,b,Преподобним жінкам,,*,,,,,,,,FALSE
"Гал. 209 зач.; 4, 4-7.",Гал.,ap,209,,Різдво Христове,,*,,,,,,,,FALSE
"Гал. 210 зач.; 4, 8-21.",Гал.,ap,210,a,П'ятниця 15-го тижня після 50-ці,,,pentecost,15,,5,5,pentecost,15,FALSE
"Гал. 210 зач.; 4, 22-31.",Гал.,ap,210,b,"9-го вересня, святим Йоакимові й Анні",,*,,9,,,,,9,FALSE
"Гал. 210 зач.; 4, 8-14.",Гал.,ap,210,c,Хворим,,*,,,,,,,,FALSE
"Гал. 211 зач.; 4, 28 – 5, 10.",Гал.,ap,211,,Понеділок 16-го тижня після 50-ці,,,pentecost,16,,1,1,pentecost,16,FALSE
"Гал. 212 зач.; 5, 11-21.",Гал.,ap,212,,Вівторок 16-го тижня після 50-ці,,,pentecost,16,,2,2,pentecost,16,FALSE
"Гал. 213 зач.; 5, 22 – 6, 2.",Гал.,ap,213,,Субота 27-ма після 50-ці. Цей і преподобним,,,pentecost,27,,6,6,pentecost,27,FALSE
"Гал. 214 зач.; 6, 2-10.",Гал.,ap,214,,Середа 16-го тижня після 50-ці,,,pentecost,16,,3,3,pentecost,16,FALSE
"Гал. 215 зач.; 6, 11-18.",Гал.,ap,215,a,Неділя 22-га після 50-ці.  Неділя перед Воздвиженням. Цей і прп. Йосафаті (Гордашевській),,,pentecost,22,,7,7,pentecost,22,FALSE
"Гал. 215 зач.; 6, 14-18.",Гал.,ap,215,b,Велика п'ятниця на 1-му Часі,,na,,1,,,,,1,FALSE
"Еф. 216 зач.; 1, 1-9.",Еф.,ap,216,,Четвер 16-го тижня після 50-ці,,,pentecost,16,,4,4,pentecost,16,FALSE
"Еф. 217 зач.; 1, 7-17.",Еф.,ap,217,,П'ятниця 16-го тижня після 50-ці,,,pentecost,16,,5,5,pentecost,16,FALSE
"Еф. 218 зач.; 1, 16-23.",Еф.,ap,218,,Субота 28-ма після 50-ці,,,pentecost,28,,6,6,pentecost,28,FALSE
"Еф. 219 зач.; 1, 22 – 2, 3.",Еф.,ap,219,,Понеділок 17-го тижня після 50-ці,,,pentecost,17,,1,1,pentecost,17,FALSE
"Еф. 220 зач.; 2, 4-10.",Еф.,ap,220,a,Неділя 23-га після 50-ці,,,pentecost,23,,7,7,pentecost,23,FALSE
"Еф. 220 зач.; 2, 11-13.",Еф.,ap,220,b,Субота 29-ма після 50-ці,,,pentecost,29,,6,6,pentecost,29,FALSE
"Еф. 221 зач.; 2, 14-22.",Еф.,ap,221,,Неділя 24-га після 50-ці,,,pentecost,24,,7,7,pentecost,24,FALSE
"Еф. 222 зач.; 2, 19 – 3, 7.",Еф.,ap,222,,Вівторок 17-го тижня після 50-ці,,,pentecost,17,,2,2,pentecost,17,FALSE
"Еф. 223 зач.; 3, 8-21.",Еф.,ap,223,,Середа 17-го тижня після 50-ці,,,pentecost,17,,3,3,pentecost,17,FALSE
"Еф. 224 зач.; 4, 1-6.",Еф.,ap,224,a,Неділя 25-та після 50-ці,,,pentecost,25,,7,7,pentecost,25,FALSE
"Еф. 224 зач.; 4, 7-13.",Еф.,ap,224,b,Неділя після Богоявлення. Цей і єрархам,,*,,,,7,7,,,FALSE
"Еф. 225 зач.; 4, 14-19.",Еф.,ap,225,,Четвер 17-го тижня після 50-ці,,,pentecost,17,,4,4,pentecost,17,FALSE
"Еф. 226 зач.; 4, 17-25.",Еф.,ap,226,,П'ятниця 17-го тижня після 50-ці,,,pentecost,17,,5,5,pentecost,17,FALSE
"Еф. 227 зач.; 4, 25-32.",Еф.,ap,227,,Понеділок 18-го тижня після 50-ці,,,pentecost,18,,1,1,pentecost,18,FALSE
"Еф. 228 зач.; 5, 1-8.",Еф.,ap,228,,Субота 30-ма після 50-ці,,,pentecost,30,,6,6,pentecost,30,FALSE
"Еф. 229 зач.; 5, 9-19.",Еф.,ap,229,,Неділя 26-га після 50-ці. Цей же й у понеділок Святого Духа,,,pentecost,26,,7,7,pentecost,26,FALSE
"Еф. 230 зач.; 5, 20-26.",Еф.,ap,230,,Вівторок 18-го тижня після 50-ці,,,pentecost,18,,2,2,pentecost,18,FALSE
"Еф. 231 зач.; 5, 25-33.",Еф.,ap,231,,Середа 18-го тижня після 50-ці,,,pentecost,18,,3,3,pentecost,18,FALSE
"Еф. 232 зач.; 5, 33 – 6, 9.",Еф.,ap,232,,Четвер 18-го тижня після 50-ці,,,pentecost,18,,4,4,pentecost,18,FALSE
"Еф. 233 зач.; 6, 10-17.",Еф.,ap,233,,"Неділя 27-га після 50-ці. Цей і в суботу після Богоявлення, і святим мученикам",,,pentecost,27,,7,7,pentecost,27,FALSE
"Еф. 234 зач.; 6, 18-24.",Еф.,ap,234,,П'ятниця 18-го тижня після 50-ці,,,pentecost,18,,5,5,pentecost,18,FALSE
"Флп. 235 зач.; 1, 1-7.",Флп.,ap,235,,Понеділок 19-го тижня після 50-ці,,,pentecost,19,,1,1,pentecost,19,FALSE
"Флп. 236 зач.; 1, 8-14.",Флп.,ap,236,,Вівторок 19-го тижня після 50-ці,,,pentecost,19,,2,2,pentecost,19,FALSE
"Флп. 237 зач.; 1, 12-20.",Флп.,ap,237,,Середа 19-го тижня після 50-ці,,,pentecost,19,,3,3,pentecost,19,FALSE
"Флп. 238 зач.; 1, 20-27.",Флп.,ap,238,,Четвер 19-го тижня після 50-ці,,,pentecost,19,,4,4,pentecost,19,FALSE
"Флп. 239 зач.; 1, 27 – 2, 4.",Флп.,ap,239,,П'ятниця 19-го тижня після 50-ці,,,pentecost,19,,5,5,pentecost,19,FALSE
"Флп. 240 зач.; 2, 5-11.",Флп.,ap,240,,Празник Богородиці,,*,,,,,,,,FALSE
"Флп. 241 зач.; 2, 12-16.",Флп.,ap,241,,Понеділок 20-го тижня після 50-ці,,,pentecost,20,,1,1,pentecost,20,FALSE
"Флп. 242 зач.; 2, 16-23.",Флп.,ap,242,,Вівторок 20-го тижня після 50-ці,,,pentecost,20,,2,2,pentecost,20,FALSE
"Флп. 243 зач.; 2, 24-30.",Флп.,ap,243,,Середа 20-го тижня після 50-ці,,,pentecost,20,,3,3,pentecost,20,FALSE
"Флп. 244 зач.; 3, 1-8.",Флп.,ap,244,,Четвер 20-го тижня після 50-ці,,,pentecost,20,,4,4,pentecost,20,FALSE
"Флп. 245 зач.; 3, 8-19.",Флп.,ap,245,,П'ятниця 20-го тижня після 50-ці,,,pentecost,20,,5,5,pentecost,20,FALSE
"Флп. 246 зач.; 3, 20 – 4, 3.",Флп.,ap,246,,Священномученикам,,*,,,,,,,,FALSE
"Флп. 247 зач.; 4, 4-9.",Флп.,ap,247,,Квітна неділя,,,lent,6,,7,,,,FALSE
"Флп. 248 зач.; 4, 10-23.",Флп.,ap,248,,Понеділок 21-го тижня після 50-ці,,,pentecost,21,,1,1,pentecost,21,FALSE
"Кол. 249 зач.; 1, 1-2; 7-11.",Кол.,ap,249,a,Вівторок 21-го тижня після 50-ці,,,pentecost,21,,2,2,pentecost,21,FALSE
"Кол. 249 зач.; 1, 2-6.",Кол.,ap,249,b,Субота 31-го тижня після 50-ці,,,pentecost,31,,6,6,pentecost,31,FALSE
"Кол. 250 зач.; 1, 12-18.",Кол.,ap,250,,Неділя 28-ма після 50-ці. Той же і святому обрусові,,,pentecost,28,,7,7,pentecost,28,FALSE
"Кол. 251 зач.; 1, 18-23.",Кол.,ap,251,,Середа 21-го тижня після 50-ці,,,pentecost,21,,3,3,pentecost,21,FALSE
"Кол. 252 зач.; 1, 24-29.",Кол.,ap,252,,Четвер 21-го тижня після 50-ці,,,pentecost,21,,4,4,pentecost,21,FALSE
"Кол. 253 зач.; 2, 1-7.",Кол.,ap,253,,П'ятниця 21-го тижня після 50-ці,,,pentecost,21,,5,5,pentecost,21,FALSE
"Кол. 254 зач.; 2, 8-12.",Кол.,ap,254,,На празник Обрізання Христового,,*,,,,,,,,FALSE
"Кол. 255 зач.; 2, 13-20.",Кол.,ap,255,,Понеділок 22-го тижня після 50-ці,,,pentecost,22,,1,1,pentecost,22,FALSE
"Кол. 256 зач.; 2, 20 – 3, 3.",Кол.,ap,256,,Вівторок 22-го тижня після 50-ці,,,pentecost,22,,2,2,pentecost,22,FALSE
"Кол. 257 зач.; 3, 4-11.",Кол.,ap,257,,Неділя 29-ма після 50-ці. Цей і в неділю праотцям,,,pentecost,29,,7,7,pentecost,29,FALSE
"Кол. 258 зач.; 3, 12-16.",Кол.,ap,258,,Неділя 30-та після 50-ці. Цей же і преподобним,,,pentecost,30,,7,7,pentecost,30,FALSE
"Кол. 259 зач.; 3, 17 – 4, 1.",Кол.,ap,259,,Середа 22-го тижня після 50-ці,,,pentecost,22,,3,3,pentecost,22,FALSE
"Кол. 260 зач.; 4, 2-9.",Кол.,ap,260,a,Четвер 22-го тижня після 50-ці,,,pentecost,22,,4,4,pentecost,22,FALSE
"Кол. 260 зач.; 4, 5-9; 14; 18.",Кол.,ap,260,b,Євангелистові Луці,,*,,,,,,,,FALSE
"Кол. 261 зач.; 4, 10-18.",Кол.,ap,261,,П'ятниця 22-го тижня після 50-ці,,,pentecost,22,,5,5,pentecost,22,FALSE
"1 Сол. 262 зач.; 1, 1-5.",1 Сол.,ap,262,,Понеділок 23-го тижня після 50-ці,,,pentecost,23,,1,1,pentecost,23,FALSE
"1 Сол. 263 зач.; 1, 6-10.",1 Сол.,ap,263,,Вівторок 23-го тижня після 50-ці,,,pentecost,23,,2,2,pentecost,23,FALSE
"1 Сол. 264 зач.; 2, 1-8.",1 Сол.,ap,264,,Середа 23-го тижня після 50-ці,,,pentecost,23,,3,3,pentecost,23,FALSE
"1 Сол. 265 зач.; 2, 9-14.",1 Сол.,ap,265,,Четвер 23-го тижня після 50-ці,,,pentecost,23,,4,4,pentecost,23,FALSE
"1 Сол. 266 зач.; 2, 14-19.",1 Сол.,ap,266,,П'ятниця 23-го тижня після 50-ці,,,pentecost,23,,5,5,pentecost,23,FALSE
"1 Сол. 267 зач.; 2, 20 – 3, 8.",1 Сол.,ap,267,,Понеділок 24-го тижня після 50-ці,,,pentecost,24,,1,1,pentecost,24,FALSE
"1 Сол. 268 зач.; 3, 9-13.",1 Сол.,ap,268,,Вівторок 24-го тижня після 50-ці,,,pentecost,24,,2,2,pentecost,24,FALSE
"1 Сол. 269 зач.; 4, 1-12.",1 Сол.,ap,269,,Середа 24-го тижня після 50-ці,,,pentecost,24,,3,3,pentecost,24,FALSE
"1 Сол. 270 зач.; 4, 13-17.",1 Сол.,ap,270,,Померлим,,*,,,,,,,,FALSE
"1 Сол. 271 зач.; 5, 1-8.",1 Сол.,ap,271,,Четвер 24-го тижня після 50-ці,,,pentecost,24,,4,4,pentecost,24,FALSE
"1 Сол. 272 зач.; 5, 9-13; 24-28.",1 Сол.,ap,272,,П'ятниця 24-го тижня після 50-ці,,,pentecost,24,,5,5,pentecost,24,FALSE
"1 Сол. 273 зач.; 5, 14-23.",1 Сол.,ap,273,,Субота 32-га після 50-ці,,,pentecost,32,,6,6,pentecost,32,FALSE
"2 Сол. 274 зач.; 1, 1-10.",2 Сол.,ap,274,a,Понеділок 25-го тижня після 50-ці,,,pentecost,25,,1,1,pentecost,25,FALSE
"2 Сол. 274 зач.; 1, 10 – 2, 2.",2 Сол.,ap,274,b,Вівторок 25-го тижня після 50-ці,,,pentecost,25,,2,2,pentecost,25,FALSE
"2 Сол. 275 зач.; 2, 1-12.",2 Сол.,ap,275,,Середа 25-го тижня після 50-ці,,,pentecost,25,,3,3,pentecost,25,FALSE
"2 Сол. 276 зач.; 2, 13 – 3, 5.",2 Сол.,ap,276,,Четвер 25-го тижня після 50-ці,,,pentecost,25,,4,4,pentecost,25,FALSE
"2 Сол. 277 зач.; 3, 6-18.",2 Сол.,ap,277,,П'ятниця 25-го тижня після 50-ці,,,pentecost,25,,5,5,pentecost,25,FALSE
"1 Тим. 278 зач.; 1, 1-7.",1 Тим.,ap,278,,Понеділок 26-го тижня після 50-ці,,,pentecost,26,,1,1,pentecost,26,FALSE
"1 Тим. 279 зач.; 1, 8-14.",1 Тим.,ap,279,,Вівторок 26-го тижня після 50-ці,,,pentecost,26,,2,2,pentecost,26,FALSE
"1 Тим. 280 зач.; 1, 12-17.",1 Тим.,ap,280,a,2-го жовтня,Тимотея?,*,,2,,,,,2,FALSE
"1 Тим. 280 зач.; 1, 15-17.",1 Тим.,ap,280,b,Неділя 31-ша після 50-ці,,,pentecost,31,,7,7,pentecost,31,FALSE
"1 Тим. 281 зач.; 1, 18-20; 2, 8-15.",1 Тим.,ap,281,,Середа 26-го тижня після 50-ці,,,pentecost,26,,3,3,pentecost,26,FALSE
"1 Тим. 282 зач.; 2, 1-7.",1 Тим.,ap,282,,1-го вересня,,*,,1,,,,,1,FALSE
"1 Тим. 283 зач.; 3, 1-13.",1 Тим.,ap,283,,Четвер 26-го тижня після 50-ці,,,pentecost,26,,4,4,pentecost,26,FALSE
"1 Тим. 284 зач.; 3, 14 – 4, 5.",1 Тим.,ap,284,,Субота перед Просвіщенням - Богоявленням,,*,,,,6,6,,,FALSE
"1 Тим. 285 зач.; 4, 4-8; 16.",1 Тим.,ap,285,a,П'ятниця 26-го тижня після 50-ці,,,pentecost,26,,5,5,pentecost,26,FALSE
"1 Тим. 285 зач.; 5, 1-10.",1 Тим.,ap,285,b,Понеділок 27-го тижня після 50-ці,,,pentecost,27,,1,1,pentecost,27,FALSE
"1 Тим. 285 зач.; 4, 9-15.",1 Тим.,ap,285,c,Неділя 32-га після 50-ці,,,pentecost,32,,7,7,pentecost,32,FALSE
"1 Тим. 286 зач.; 5, 11-21.",1 Тим.,ap,286,,Вівторок 27-го тижня після 50-ці,,,pentecost,27,,2,2,pentecost,27,FALSE
"1 Тим. 287 зач.; 5, 22 – 6, 11.",1 Тим.,ap,287,,Середа 27-го тижня після 50-ці,,,pentecost,27,,3,3,pentecost,27,FALSE
"1 Тим. 288 зач.; 6, 11-16.",1 Тим.,ap,288,,Субота після Різдва Христового,,*,,,,6,6,,,FALSE
"1 Тим. 289 зач.; 6, 17-21.",1 Тим.,ap,289,,Четвер 27-го тижня після 50-ці,,,pentecost,27,,4,4,pentecost,27,FALSE
"2 Тим. 290 зач.; 1, 1-2; 8-18.",2 Тим.,ap,290,a,П'ятниця 27-го тижня після 50-ці,чи треба тут букви?,,pentecost,27,,5,5,pentecost,27,FALSE
"2 Тим. 290 зач.; 1, 3-9.",2 Тим.,ap,290,b,Святому апостолові Тимотеєві,,*,,,,,,,,FALSE
"2 Тим. 291 зач.; 1, 8-18.",2 Тим.,ap,291,,28-го листопада і ісповідникам,,*,,28,,,,,28,FALSE
"2 Тим. 292 зач.; 2, 1-10.",2 Тим.,ap,292,,Мученикам,,*,,,,,,,,FALSE
"2 Тим. 293 зач.; 2, 11-19.",2 Тим.,ap,293,,Субота 33-го тижня після 50-ці,,,pentecost,33,4,6,6,pentecost,33,FALSE
"2 Тим. 294 зач.; 2, 20-26.",2 Тим.,ap,294,,Понеділок 28-го тижня після 50-ці,,,pentecost,28,,1,1,pentecost,28,FALSE
"2 Тим. 295 зач.; 3, 1-9.",2 Тим.,ap,295,,Субота 34-го тижня після 50-ці,,,pentecost,34,3,6,6,pentecost,34,FALSE
"2 Тим. 296 зач.; 3, 10-15.",2 Тим.,ap,296,,"Неділя 33-тя, про митаря і фарисея",,,pentecost,33,4,7,7,,33,FALSE
"2 Тим. 297 зач.; 3, 16 - 4, 4.",2 Тим.,ap,297,,Вівторок 28-го тижня після 50-ці,,,pentecost,28,,2,2,pentecost,28,FALSE
"2 Тим. 298 зач.; 4, 5-8.",2 Тим.,ap,298,,Неділя перед Просвіщенням - Богоявленням,,*,,,,7,7,,,FALSE
"2 Тим. 299 зач.; 4, 9-22.",2 Тим.,ap,299,,Середа 28-го тижня після 50-ці,,,pentecost,28,,3,3,pentecost,28,FALSE
"Тит. 300 зач.; 1, 5 – 2, 1.",Тит.,ap,300,a,Четвер 28-го тижня після 50-ці,,,pentecost,28,,4,4,pentecost,28,FALSE
"Тит. 300 зач.; 1, 1-4; 2, 15 - 3, 4; 12-13; 15.",Тит.,ap,300,b,"25-го серпня, Титові",,*,,25,,,,,25,FALSE
"Тит. 301 зач.; 1, 15 – 2, 10.",Тит.,ap,301,,П'ятниця 28-го тижня після 50-ці,,,pentecost,28,,5,5,pentecost,28,FALSE
"Тит. 302 зач.; 2, 11-14; 3, 4-7.",Тит.,ap,302,a,Хрищення Господнє,,*,,,,,,,,FALSE
"Тит. 302 зач.; 3, 8-15.",Тит.,ap,302,b,На згадку 5-го Собору,,*,,5,,,,,5,FALSE
"Фил. 302 зач.; 1, 1-25.",Фил.,ap,302,c,"22-го листопада, у пам'ять святого Апостола Филимона",,*,,22,,,,,22,FALSE
"Євр. 303 зач.; 1, 1-12.",Євр.,ap,303,,Перша субота посту. Цей і в навечір'я Різдва Христового,,,lent,1,,6,,lent,,FALSE
"Євр. 304 зач.; 1, 10 – 2, 3.",Євр.,ap,304,,Друга неділя посту,,,lent,2,,7,,lent,,FALSE
"Євр. 305 зач.; 2, 2-10.",Євр.,ap,305,,8-го листопада і ангелам,,*,,8,,,,,8,FALSE
"Євр. 306 зач.; 2, 11-18.",Євр.,ap,306,,На Благовіщення й на Собор Богородиці. Цей же і в Велику п'ятницю на 6-му Часі,,*,,6,,,,,6,FALSE
"Євр. 307 зач.; 3, 1-4.",Євр.,ap,307,,На освячення церкви,,*,,,,,,,,FALSE
"Євр. 308 зач.; 3, 5-11; 17-19.",Євр.,ap,308,,Понеділок 29-го тижня після 50-ці,,,pentecost,29,,1,1,pentecost,29,FALSE
"Євр. 309 зач.; 3, 12-16.",Євр.,ap,309,,Друга субота посту,,,lent,2,,6,,lent,,FALSE
"Євр. 310 зач.; 4, 1-13.",Євр.,ap,310,,Вівторок 29-го тижня після 50-ці,,,pentecost,29,,2,2,pentecost,29,FALSE
"Євр. 311 зач.; 4, 14 – 5, 6.",Євр.,ap,311,a,Третя неділя посту.,,,lent,3,,7,,lent,,FALSE
"Євр. 311 зач.; 5, 4-10.",Євр.,ap,311,b,Священномученику загально,,*,,,,,,,,FALSE
"Євр. 311 зач.; 4, 14 – 5, 10.",Євр.,ap,311,c,Священномученику Йосафату,створено 2024.11,,,,,,,,,
"Євр. 312 зач.; 5, 11 – 6, 8.",Євр.,ap,312,,Середа 29-го тижня після 50-ці,,,pentecost,29,,3,3,pentecost,29,FALSE
"Євр. 313 зач.; 6, 9-12.",Євр.,ap,313,,Четверта субота посту,,,lent,4,,6,,lent,,FALSE
"Євр. 314 зач.; 6, 13-20.",Євр.,ap,314,,Четверта неділя посту,,,lent,4,,7,,lent,,FALSE
"Євр. 315 зач.; 7, 1-16.",Євр.,ap,315,,Четвер 29-го тижня після 50-ці,,,pentecost,29,,4,4,pentecost,29,FALSE
"Євр. 316 зач.; 7, 7-17.",Євр.,ap,316,,Стрітення Господнє,,*,,,,,,,,FALSE
"Євр. 317 зач.; 7, 18-25.",Євр.,ap,317,,П'ятниця 29-го тижня після 50-ці,,,pentecost,29,,5,5,pentecost,29,FALSE
"Євр. 318 зач.; 7, 26 – 8, 2.",Євр.,ap,318,a,Святителеві,,*,,,,,,,,FALSE
"Євр. 318 зач.; 8, 3-6.",Євр.,ap,318,b,Ісповідникові Павлові й іншим,,*,,,,,,,,FALSE
"Євр. 319 зач.; 8, 7-13.",Євр.,ap,319,,Понеділок 30-го тижня після 50-ці,,,pentecost,30,,1,1,pentecost,30,FALSE
"Євр. 320 зач.; 9, 1-7.",Євр.,ap,320,,Вхід Богородиці,,*,,,,,,,,FALSE
"Євр. 321 зач.; 9, 8-10; 15-23.",Євр.,ap,321,a,Вівторок 30-го тижня після 50-ці,,,pentecost,30,,2,2,pentecost,30,FALSE
"Євр. 321 зач.; 9, 11-14.",Євр.,ap,321,b,П'ята неділя посту. Цей і Симеону Богоприємцеві,,*,lent,5,,7,,lent,,FALSE
"Євр. 322 зач.; 9, 24-28.",Євр.,ap,322,,П'ята субота посту,,,lent,5,,6,,lent,,FALSE
"Євр. 323 зач.; 10, 1-18.",Євр.,ap,323,,Середа 30-го тижня після 50-ці,,,pentecost,30,,3,3,pentecost,30,FALSE
"Євр. 324 зач.; 10, 19-31.",Євр.,ap,324,,Велика п'ятниця на 9-му Часі,,*,,9,,,,,9,FALSE
"Євр. 325 зач.; 10, 32-38.",Євр.,ap,325,,Третя субота посту,,,lent,3,,6,,lent,,FALSE
"Євр. 326 зач.; 10, 35 – 11, 7.",Євр.,ap,326,,Четвер 30-го тижня після 50-ці,,,pentecost,30,,4,4,pentecost,30,FALSE
"Євр. 327 зач.; 11, 8; 11-16.",Євр.,ap,327,,П'ятниця 30-го тижня після 50-ці,,,pentecost,30,,5,5,pentecost,30,FALSE
"Євр. 328 зач.; 11, 9-10; 17-23; 32-40.",Євр.,ap,328,,"Неділя перед Різдвом Христовим, святих отців",,*,,,,7,7,,,FALSE
"Євр. 329 зач.; 11, 17-23; 27-31.",Євр.,ap,329,a,Понеділок 31-го тижня після 50-ці,,,pentecost,31,,1,1,pentecost,31,FALSE
"Євр. 329 зач.; 11, 24-26; 32 – 12, 2.",Євр.,ap,329,b,"Перша неділя посту, православія",,,lent,1,,7,,lent,,FALSE
"Євр. 330 зач.; 11, 33 – 12, 2.",Євр.,ap,330,,Неділя всіх святих,,,pentecost,1,,7,7,,,FALSE
"Євр. 331 зач.; 12, 1-10.",Євр.,ap,331,a,"9-го березня, Сорок святих великомучеників",,*,,9,,,,,9,FALSE
"Євр. 331 зач.; 12, 6-13; 25-27.",Євр.,ap,331,b,В час землетрусу,,*,,,,,,,,FALSE
"Євр. 332 зач.; 12, 14-24.",Євр.,ap,332,,В час пожару,,*,,,,,,,,FALSE
"Євр. 333 зач.; 12, 25-26; 13, 22-25.",Євр.,ap,333,a,Вівторок 31-го тижня після 50-ці,,,pentecost,31,,2,2,pentecost,31,FALSE
"Євр. 333 зач.; 12, 28 – 13, 8.",Євр.,ap,333,b,"Шоста субота посту, квітна",,,lent,6,,6,,lent,,FALSE
"Євр. 334 зач.; 13, 7-16.",Євр.,ap,334,,"Пам'яті соборів. Цей же і священномученикові, трьом святителям, преподобному Теодосію",,*,,,,,,,,FALSE
"Євр. 335 зач.; 13, 17-21.",Євр.,ap,335,,"Святителям, преподобним",,*,,,,,,,,FALSE