0,1,2,3,4,5,6,7,8,9,10,
Місяць,Дата,#wd,"День
тижня",Мінейні Святі,Формулювання для відпусту,"Окремий
святковий
відпуст?","Фаза
свята","Текст 
для 
заміни","Формулю-
вання 
свята","Текст відпусту, Літургія","Текст відпусту, ВУ"
Вересень,01.09,5,пт,"🕂 Начало Індикта, тобто Нового року. Пам'ять прп. Симеона Стовпника і матері його. Собор Пресвятої Богородиці, що в Міясинах.","прп. Симеона Стовпника і матері його,",так,посвяття,"молитвами пречистої своєї Матері,","молитвами пречистої своєї Матері, якої собору в Міясинах сьогодні пам'ять творимо,","Священик: Христос, істинний Бог наш, молитвами пречистої своєї Матері, якої собору в Міясинах сьогодні пам'ять творимо, святих, славних і всехвальних апостолів, святого отця нашого Йоана Золотоустого, архиєпископа Константинограда, святого, якого є храм, прп. Симеона Стовпника і матері його, і всіх святих, помилує і спасе нас, як благий і чоловіколюбець.","Священик: Христос, істинний Бог наш, молитвами пречистої своєї Матері, якої собору в Міясинах сьогодні пам'ять творимо, святих, славних і всехвальних апостолів, святого, якого є храм, прп. Симеона Стовпника і матері його, і всіх святих, помилує і спасе нас, як благий і чоловіколюбець."
Вересень,02.09,6,сб,"Св. мч. Маманта. Прп. Йоана Посника, патр. Царгородського.","св. мч. Маманта, прп. Йоана Посника, патр. Царгородського,",ні,,,,"Священик: Христос, істинний Бог наш, молитвами пречистої своєї Матері, силою чесного і животворного Хреста, заступництвом чесних небесних сил безтілесних, чесного, славного пророка, предтечі і христителя Йоана, святих, славних і всехвальних апостолів, святого отця нашого Миколая, архиєпископа мирлікійського, чудотворця, святих славних і переможних мучеників, преподобних і богоносних отців наших, святого отця нашого Йоана Золотоустого, архиєпископа Константинограда, святих і праведних богоотців Йоакима й Анни, святого, якого є храм, св. мч. Маманта, прп. Йоана Посника, патр. Царгородського, і всіх святих, помилує і спасе нас, як благий і чоловіколюбець.","Священик: Христос, істинний Бог наш, молитвами пречистої своєї Матері, силою чесного і животворного Хреста, заступництвом чесних небесних сил безтілесних, чесного, славного пророка, предтечі і христителя Йоана, святих, славних і всехвальних апостолів, святого отця нашого Миколая, архиєпископа мирлікійського, чудотворця, святих славних і переможних мучеників, преподобних і богоносних отців наших, святих і праведних богоотців Йоакима й Анни, святого, якого є храм, св. мч. Маманта, прп. Йоана Посника, патр. Царгородського, і всіх святих, помилує і спасе нас, як благий і чоловіколюбець."
Вересень,03.09,7,нд,"Неділя 13-та по Зісланні Святого Духа. Св. свщмч. Антима, єп. Нікомидійського. Прп. Теоктиста, спосника великого Євтимія.","св. свщмч. Антима, єп. Нікомидійського, прп. Теоктиста, спосника великого Євтимія,",ні,,,,"Священик: Христос, що воскрес із мертвих, істинний Бог наш, молитвами пречистої своєї Матері, святих, славних і всехвальних апостолів, святого отця нашого Йоана Золотоустого, архиєпископа Константинограда, святого, якого є храм, св. свщмч. Антима, єп. Нікомидійського, прп. Теоктиста, спосника великого Євтимія, і всіх святих, помилує і спасе нас, як благий і чоловіколюбець.","Священик: Христос, що воскрес із мертвих, істинний Бог наш, молитвами пречистої своєї Матері, святих, славних і всехвальних апостолів, святого, якого є храм, св. свщмч. Антима, єп. Нікомидійського, прп. Теоктиста, спосника великого Євтимія, і всіх святих, помилує і спасе нас, як благий і чоловіколюбець."
Вересень,04.09,1,пн,"Св. свщмч. Вавили, єп. Антіохійського. Св. прор. й боговидця Мойсея.","св. свщмч. Вавили, єп. Антіохійського, св. прор. й боговидця Мойсея,",ні,,,,"Священик: Христос, істинний Бог наш, молитвами пречистої своєї Матері, заступництвом чесних небесних сил безтілесних, святих, славних і всехвальних апостолів, святого отця нашого Йоана Золотоустого, архиєпископа Константинограда, святого, якого є храм, св. свщмч. Вавили, єп. Антіохійського, св. прор. й боговидця Мойсея, і всіх святих, помилує і спасе нас, як благий і чоловіколюбець.","Священик: Христос, істинний Бог наш, молитвами пречистої своєї Матері, заступництвом чесних небесних сил безтілесних, святих, славних і всехвальних апостолів, святого, якого є храм, св. свщмч. Вавили, єп. Антіохійського, св. прор. й боговидця Мойсея, і всіх святих, помилує і спасе нас, як благий і чоловіколюбець."
Вересень,05.09,2,вв,"🕃 Св. прор. Захарії, отця Йоана Предтечі.","св. прор. Захарії, отця Йоана Предтечі,",ні,,,,"Священик: Христос, істинний Бог наш, молитвами пречистої своєї Матері, чесного і славного пророка, предтечі і христителя Йоана, святих, славних і всехвальних апостолів, святого отця нашого Йоана Золотоустого, архиєпископа Константинограда, святого, якого є храм, св. прор. Захарії, отця Йоана Предтечі, і всіх святих, помилує і спасе нас, як благий і чоловіколюбець.","Священик: Христос, істинний Бог наш, молитвами пречистої своєї Матері, чесного і славного пророка, предтечі і христителя Йоана, святих, славних і всехвальних апостолів, святого, якого є храм, св. прор. Захарії, отця Йоана Предтечі, і всіх святих, помилує і спасе нас, як благий і чоловіколюбець."
Вересень,06.09,3,ср,"🕃 Спогад про чудо, яке було в Колосах, що в Хонах, від архистратига Михаїла.","заступництвом святого архистратига Михаїла, про чудо від якого в Колосах сьогодні пам'ять звершуємо,",ні,,,,"Священик: Христос, істинний Бог наш, молитвами пречистої своєї Матері, силою чесного і животворного Хреста, святих, славних і всехвальних апостолів, святого отця нашого Йоана Золотоустого, архиєпископа Константинограда, святого, якого є храм, заступництвом святого архистратига Михаїла, про чудо від якого в Колосах сьогодні пам'ять звершуємо, і всіх святих, помилує і спасе нас, як благий і чоловіколюбець.","Священик: Христос, істинний Бог наш, молитвами пречистої своєї Матері, силою чесного і животворного Хреста, святих, славних і всехвальних апостолів, святого, якого є храм, заступництвом святого архистратига Михаїла, про чудо від якого в Колосах сьогодні пам'ять звершуємо, і всіх святих, помилує і спасе нас, як благий і чоловіколюбець."
Вересень,07.09,4,чт,🕃 Передсвяття Різдва Богородиці. Св. мчч. Созонта.,св. мчч. Созонта,ні,,,,"Священик: Христос, істинний Бог наш, молитвами пречистої своєї Матері, святого отця нашого Миколая, архиєпископа, мирлікійського чудотворця, святих, славних і всехвальних апостолів, святого отця нашого Йоана Золотоустого, архиєпископа Константинограда, святого, якого є храм, св. мчч. Созонта і всіх святих, помилує і спасе нас, як благий і чоловіколюбець.","Священик: Христос, істинний Бог наш, молитвами пречистої своєї Матері, святого отця нашого Миколая, архиєпископа, мирлікійського чудотворця, святих, славних і всехвальних апостолів, святого, якого є храм, св. мчч. Созонта і всіх святих, помилує і спасе нас, як благий і чоловіколюбець."
Вересень,08.09,5,пт,🕀 РІЗДВО ПРЕСВЯТОЇ ВЛАДИЧИЦІ НАШОЇ БОГОРОДИЦІ І ПРИСНОДІВИ МАРІЇ.,,так,свято,,,"Священик: Христос, істинний Бог наш, молитвами пречистої своєї Матері, якої Різдва сьогодні торжественний празник світло звершуємо, святих, славних і всехвальних апостолів, святого отця нашого Йоана Золотоустого, архиєпископа Константинограда, і всіх святих, помилує і спасе нас, як благий і чоловіколюбець.","Священик: Христос, істинний Бог наш, молитвами пречистої своєї Матері, якої Різдва сьогодні торжественний празник світло звершуємо, святих, славних і всехвальних апостолів, і всіх святих, помилує і спасе нас, як благий і чоловіколюбець."
Вересень,09.09,6,сб,Субота перед Воздвиженням. 🕃 Свв. і праведних богоотців Йоакима й Анни. Св. мчч. Северіяна.,св. мчч. Северіяна,так,посвяття,"молитвами пречистої своєї Матері,","молитвами пречистої своєї Матері, якої Різдво торжественний празник звершуємо,","Священик: Христос, істинний Бог наш, молитвами пречистої своєї Матері, якої Різдво торжественний празник звершуємо, заступництвом чесних небесних сил безтілесних, чесного, славного пророка, предтечі і христителя Йоана, святих, славних і всехвальних апостолів, святого отця нашого Миколая, архиєпископа мирлікійського, чудотворця, святих славних і переможних мучеників, преподобних і богоносних отців наших, святого отця нашого Йоана Золотоустого, архиєпископа Константинограда, святих і праведних богоотців Йоакима й Анни, святого, якого є храм, св. мчч. Северіяна і всіх святих, помилує і спасе нас, як благий і чоловіколюбець.","Священик: Христос, істинний Бог наш, молитвами пречистої своєї Матері, якої Різдво торжественний празник звершуємо, заступництвом чесних небесних сил безтілесних, чесного, славного пророка, предтечі і христителя Йоана, святих, славних і всехвальних апостолів, святого отця нашого Миколая, архиєпископа мирлікійського, чудотворця, святих славних і переможних мучеників, преподобних і богоносних отців наших, святих і праведних богоотців Йоакима й Анни, святого, якого є храм, св. мчч. Северіяна і всіх святих, помилує і спасе нас, як благий і чоловіколюбець."
Вересень,10.09,7,нд,"Неділя 14-та по Зісланні Святого Духа, перед Воздвиженням. Свв. мчцц. Минодори, Митродори й Німфодори.","свв. мчцц. Минодори, Митродори й Німфодори,",так,посвяття,"молитвами пречистої своєї Матері,","молитвами пречистої своєї Матері, якої Різдво торжественний празник звершуємо,","Священик: Христос, що воскрес із мертвих, істинний Бог наш, молитвами пречистої своєї Матері, святих, славних і всехвальних апостолів, святого отця нашого Йоана Золотоустого, архиєпископа Константинограда, святого, якого є храм, свв. мчцц. Минодори, Митродори й Німфодори, і всіх святих, помилує і спасе нас, як благий і чоловіколюбець.","Священик: Христос, що воскрес із мертвих, істинний Бог наш, молитвами пречистої своєї Матері, святих, славних і всехвальних апостолів, святого, якого є храм, свв. мчцц. Минодори, Митродори й Німфодори, і всіх святих, помилує і спасе нас, як благий і чоловіколюбець."
Вересень,11.09,1,пн,Прп. Теодори Олександрійської.,прп. Теодори Олександрійської,так,посвяття,"молитвами пречистої своєї Матері,","молитвами пречистої своєї Матері, якої Різдво торжественний празник звершуємо,","Священик: Христос, істинний Бог наш, молитвами пречистої своєї Матері, якої Різдво торжественний празник звершуємо, заступництвом чесних небесних сил безтілесних, святих, славних і всехвальних апостолів, святого отця нашого Йоана Золотоустого, архиєпископа Константинограда, святого, якого є храм, прп. Теодори Олександрійської і всіх святих, помилує і спасе нас, як благий і чоловіколюбець.","Священик: Христос, істинний Бог наш, молитвами пречистої своєї Матері, якої Різдво торжественний празник звершуємо, заступництвом чесних небесних сил безтілесних, святих, славних і всехвальних апостолів, святого, якого є храм, прп. Теодори Олександрійської і всіх святих, помилує і спасе нас, як благий і чоловіколюбець."
Вересень,12.09,2,вв,Віддання свята Різдва Богородиці. Св. свщмч. Автонома.,св. свщмч. Автонома,так,віддання,,,"Священик: Христос, істинний Бог наш, молитвами пречистої своєї Матері, якої Різдва празник звершуємо, святих, славних і всехвальних апостолів, святого отця нашого Йоана Золотоустого, архиєпископа Константинограда, св. свщмч. Автонома і всіх святих, помилує і спасе нас, як благий і чоловіколюбець.","Священик: Христос, істинний Бог наш, молитвами пречистої своєї Матері, якої Різдва празник звершуємо, святих, славних і всехвальних апостолів, св. свщмч. Автонома і всіх святих, помилує і спасе нас, як благий і чоловіколюбець."
Вересень,13.09,3,ср,Передсвяття Воздвиження чесного Хреста. 🕃 Пам'ять оновлення храму св. Воскресення Христа і Бога нашого. Св. свщмч. Корнилія сотника.,св. свщмч. Корнилія сотника,так,посвяття,"Христос, істинний Бог наш,","Христос, істинний Бог наш, що задля нас увесь Свій задум сповнив і благозволив, щоб споруджений в Єрусалимі собор освяченно було в ім'я святого Його Воскресіння,","Священик: Христос, істинний Бог наш, що задля нас увесь Свій задум сповнив і благозволив, щоб споруджений в Єрусалимі собор освяченно було в ім'я святого Його Воскресіння, молитвами пречистої своєї Матері, святих, славних і всехвальних апостолів, святого отця нашого Йоана Золотоустого, архиєпископа Константинограда, святого, якого є храм, св. свщмч. Корнилія сотника і всіх святих, помилує і спасе нас, як благий і чоловіколюбець.","Священик: Христос, істинний Бог наш, що задля нас увесь Свій задум сповнив і благозволив, щоб споруджений в Єрусалимі собор освяченно було в ім'я святого Його Воскресіння, молитвами пречистої своєї Матері, святих, славних і всехвальних апостолів, святого, якого є храм, св. свщмч. Корнилія сотника і всіх святих, помилує і спасе нас, як благий і чоловіколюбець."
Вересень,14.09,4,чт,🕀 ВСЕМІРНЕ ВОЗДВИЖЕННЯ ЧЕСНОГО І ЖИВОТВОРЯЩОГО ХРЕСТА ГОСПОДНЬОГО.,,так,свято,,,"Священик: Христос, істинний Бог наш, молитвами пречистої своєї матері, силою чесного і животворного Хреста, якого сьогодні всесвітнє воздвиження світло празнуємо, святого отця нашого Йоана Золотоустого, архиєпископа Константинограда, і всіх святих, помилує і спасе нас, як благий і чоловіколюбець.","Священик: Христос, істинний Бог наш, молитвами пречистої своєї матері, силою чесного і животворного Хреста, якого сьогодні всесвітнє воздвиження світло празнуємо, і всіх святих, помилує і спасе нас, як благий і чоловіколюбець."
Вересень,15.09,5,пт,🕃 Св. влкмч. Микити.,св. влкмч. Микити,так,посвяття,"молитвами пречистої своєї Матері,","молитвами пречистої своєї Матері, силою чесного і животворного Хреста, якого всесвітнє воздвиження празнуємо,","Священик: Христос, істинний Бог наш, молитвами пречистої своєї Матері, силою чесного і животворного Хреста, якого всесвітнє воздвиження празнуємо, святих, славних і всехвальних апостолів, святого отця нашого Йоана Золотоустого, архиєпископа Константинограда, святого, якого є храм, св. влкмч. Микити і всіх святих, помилує і спасе нас, як благий і чоловіколюбець.","Священик: Христос, істинний Бог наш, молитвами пречистої своєї Матері, силою чесного і животворного Хреста, якого всесвітнє воздвиження празнуємо, святих, славних і всехвальних апостолів, святого, якого є храм, св. влкмч. Микити і всіх святих, помилує і спасе нас, як благий і чоловіколюбець."
Вересень,16.09,6,сб,Субота по Воздвиженні. Св. влкмчц. Євфимії всехвальної.,св. влкмчц. Євфимії всехвальної,так,посвяття,"молитвами пречистої своєї Матері,","молитвами пречистої своєї Матері, силою чесного і животворного Хреста, якого всесвітнє воздвиження празнуємо,","Священик: Христос, істинний Бог наш, молитвами пречистої своєї Матері, силою чесного і животворного Хреста, якого всесвітнє воздвиження празнуємо, заступництвом чесних небесних сил безтілесних, чесного, славного пророка, предтечі і христителя Йоана, святих, славних і всехвальних апостолів, святого отця нашого Миколая, архиєпископа мирлікійського, чудотворця, святих славних і переможних мучеників, преподобних і богоносних отців наших, святого отця нашого Йоана Золотоустого, архиєпископа Константинограда, святих і праведних богоотців Йоакима й Анни, святого, якого є храм, св. влкмчц. Євфимії всехвальної і всіх святих, помилує і спасе нас, як благий і чоловіколюбець.","Священик: Христос, істинний Бог наш, молитвами пречистої своєї Матері, силою чесного і животворного Хреста, якого всесвітнє воздвиження празнуємо, заступництвом чесних небесних сил безтілесних, чесного, славного пророка, предтечі і христителя Йоана, святих, славних і всехвальних апостолів, святого отця нашого Миколая, архиєпископа мирлікійського, чудотворця, святих славних і переможних мучеників, преподобних і богоносних отців наших, святих і праведних богоотців Йоакима й Анни, святого, якого є храм, св. влкмчц. Євфимії всехвальної і всіх святих, помилує і спасе нас, як благий і чоловіколюбець."
Вересень,17.09,7,нд,"Неділя 15-та по Зісланні Святого Духа, по Воздвиженні. 🕃 Св. мчц. Софії і трьох її дочок, Віри, Надії й Любови.","св. мчц. Софії і трьох її дочок, Віри, Надії й Любови,",так,посвяття,"молитвами пречистої своєї Матері,","молитвами пречистої своєї Матері, силою чесного і животворного Хреста, якого всесвітнє воздвиження празнуємо,","Священик: Христос, що воскрес із мертвих, істинний Бог наш, молитвами пречистої своєї Матері, святих, славних і всехвальних апостолів, святого отця нашого Йоана Золотоустого, архиєпископа Константинограда, святого, якого є храм, св. мчц. Софії і трьох її дочок, Віри, Надії й Любови, і всіх святих, помилує і спасе нас, як благий і чоловіколюбець.","Священик: Христос, що воскрес із мертвих, істинний Бог наш, молитвами пречистої своєї Матері, святих, славних і всехвальних апостолів, святого, якого є храм, св. мчц. Софії і трьох її дочок, Віри, Надії й Любови, і всіх святих, помилує і спасе нас, як благий і чоловіколюбець."
Вересень,18.09,1,пн,"Прп. Євменія, єп. Гортинського, чудотворця.","прп. Євменія, єп. Гортинського, чудотворця,",так,посвяття,"молитвами пречистої своєї Матері,","молитвами пречистої своєї Матері, силою чесного і животворного Хреста, якого всесвітнє воздвиження празнуємо,","Священик: Христос, істинний Бог наш, молитвами пречистої своєї Матері, силою чесного і животворного Хреста, якого всесвітнє воздвиження празнуємо, заступництвом чесних небесних сил безтілесних, святих, славних і всехвальних апостолів, святого отця нашого Йоана Золотоустого, архиєпископа Константинограда, святого, якого є храм, прп. Євменія, єп. Гортинського, чудотворця, і всіх святих, помилує і спасе нас, як благий і чоловіколюбець.","Священик: Христос, істинний Бог наш, молитвами пречистої своєї Матері, силою чесного і животворного Хреста, якого всесвітнє воздвиження празнуємо, заступництвом чесних небесних сил безтілесних, святих, славних і всехвальних апостолів, святого, якого є храм, прп. Євменія, єп. Гортинського, чудотворця, і всіх святих, помилує і спасе нас, як благий і чоловіколюбець."
Вересень,19.09,2,вв,"Свв. мчч. Трофима, Савватія й Доримедонта.","свв. мчч. Трофима, Савватія й Доримедонта,",так,посвяття,"молитвами пречистої своєї Матері,","молитвами пречистої своєї Матері, силою чесного і животворного Хреста, якого всесвітнє воздвиження празнуємо,","Священик: Христос, істинний Бог наш, молитвами пречистої своєї Матері, силою чесного і животворного Хреста, якого всесвітнє воздвиження празнуємо, чесного і славного пророка, предтечі і христителя Йоана, святих, славних і всехвальних апостолів, святого отця нашого Йоана Золотоустого, архиєпископа Константинограда, святого, якого є храм, свв. мчч. Трофима, Савватія й Доримедонта, і всіх святих, помилує і спасе нас, як благий і чоловіколюбець.","Священик: Христос, істинний Бог наш, молитвами пречистої своєї Матері, силою чесного і животворного Хреста, якого всесвітнє воздвиження празнуємо, чесного і славного пророка, предтечі і христителя Йоана, святих, славних і всехвальних апостолів, святого, якого є храм, свв. мчч. Трофима, Савватія й Доримедонта, і всіх святих, помилує і спасе нас, як благий і чоловіколюбець."
Вересень,20.09,3,ср,"🕃 Свв. мчч. і ісп. – великого князя Михаїла і боярина його Теодора, чернігівських чудотворців. Св. влкмч. Євстратія і тих, що з ним.","свв. мчч. і ісп. великого князя Михаїла і боярина його Теодора, чернігівських чудотворців, св. влкмч. Євстратія і тих, що з ним,",так,посвяття,"молитвами пречистої своєї Матері,","молитвами пречистої своєї Матері, силою чесного і животворного Хреста, якого всесвітнє воздвиження празнуємо,","Священик: Христос, істинний Бог наш, молитвами пречистої своєї Матері, силою чесного і животворного Хреста, якого всесвітнє воздвиження празнуємо, святих, славних і всехвальних апостолів, святого отця нашого Йоана Золотоустого, архиєпископа Константинограда, святого, якого є храм, свв. мчч. і ісп. великого князя Михаїла і боярина його Теодора, чернігівських чудотворців, св. влкмч. Євстратія і тих, що з ним, і всіх святих, помилує і спасе нас, як благий і чоловіколюбець.","Священик: Христос, істинний Бог наш, молитвами пречистої своєї Матері, силою чесного і животворного Хреста, якого всесвітнє воздвиження празнуємо, святих, славних і всехвальних апостолів, святого, якого є храм, свв. мчч. і ісп. великого князя Михаїла і боярина його Теодора, чернігівських чудотворців, св. влкмч. Євстратія і тих, що з ним, і всіх святих, помилує і спасе нас, як благий і чоловіколюбець."
Вересень,21.09,4,чт,"Віддання свята Воздвиження. Св. ап. Кодрата, що в Магнисії.","св. ап. Кодрата, що в Магнисії,",так,віддання,,,"Священик: Христос, істинний Бог наш, молитвами пречистої своєї матері, силою чесного і животворного Хреста, якого сьогодні всесвітнє воздвиження празнуємо, святого отця нашого Йоана Золотоустого, архиєпископа Константинограда, св. ап. Кодрата, що в Магнисії, і всіх святих, помилує і спасе нас, як благий і чоловіколюбець.","Священик: Христос, істинний Бог наш, молитвами пречистої своєї матері, силою чесного і животворного Хреста, якого сьогодні всесвітнє воздвиження празнуємо, св. ап. Кодрата, що в Магнисії, і всіх святих, помилує і спасе нас, як благий і чоловіколюбець."
Вересень,22.09,5,пт,"Св. свщмч. Фоки, єп. Синопійського.","св. свщмч. Фоки, єп. Синопійського,",ні,,,,"Священик: Христос, істинний Бог наш, молитвами пречистої своєї Матері, силою чесного і животворного Хреста, святих, славних і всехвальних апостолів, святого отця нашого Йоана Золотоустого, архиєпископа Константинограда, святого, якого є храм, св. свщмч. Фоки, єп. Синопійського, і всіх святих, помилує і спасе нас, як благий і чоловіколюбець.","Священик: Христос, істинний Бог наш, молитвами пречистої своєї Матері, силою чесного і животворного Хреста, святих, славних і всехвальних апостолів, святого, якого є храм, св. свщмч. Фоки, єп. Синопійського, і всіх святих, помилує і спасе нас, як благий і чоловіколюбець."
Вересень,23.09,6,сб,"🕃 Зачаття чесного славного пророка, Предтечі і Хрестителя Господнього Йоана.",,так,посвяття,"чесного, славного пророка, предтечі і христителя Йоана,","чесного, славного пророка, предтечі і христителя Йоана, якого сьогодні зачаття пам'ять творимо,","Священик: Христос, істинний Бог наш, молитвами пречистої своєї Матері, заступництвом чесних небесних сил безтілесних, чесного, славного пророка, предтечі і христителя Йоана, якого сьогодні зачаття пам'ять творимо, святих, славних і всехвальних апостолів, святого отця нашого Миколая, архиєпископа мирлікійського, чудотворця, святих славних і переможних мучеників, преподобних і богоносних отців наших, святого отця нашого Йоана Золотоустого, архиєпископа Константинограда, святих і праведних богоотців Йоакима й Анни, святого, якого є храм, і всіх святих, помилує і спасе нас, як благий і чоловіколюбець.","Священик: Христос, істинний Бог наш, молитвами пречистої своєї Матері, заступництвом чесних небесних сил безтілесних, чесного, славного пророка, предтечі і христителя Йоана, якого сьогодні зачаття пам'ять творимо, святих, славних і всехвальних апостолів, святого отця нашого Миколая, архиєпископа мирлікійського, чудотворця, святих славних і переможних мучеників, преподобних і богоносних отців наших, святих і праведних богоотців Йоакима й Анни, святого, якого є храм, і всіх святих, помилує і спасе нас, як благий і чоловіколюбець."
Вересень,24.09,7,нд,Неділя 16-та по Зісланні Святого Духа. 🕃 Св. первомчц. й рівноап. Теклі.,"св. первомчц. й рівноап. Теклі,",ні,,,,"Священик: Христос, що воскрес із мертвих, істинний Бог наш, молитвами пречистої своєї Матері, святих, славних і всехвальних апостолів, святого отця нашого Йоана Золотоустого, архиєпископа Константинограда, святого, якого є храм, св. первомчц. й рівноап. Теклі, і всіх святих, помилує і спасе нас, як благий і чоловіколюбець.","Священик: Христос, що воскрес із мертвих, істинний Бог наш, молитвами пречистої своєї Матері, святих, славних і всехвальних апостолів, святого, якого є храм, св. первомчц. й рівноап. Теклі, і всіх святих, помилує і спасе нас, як благий і чоловіколюбець."
Вересень,25.09,1,пн,Прп. Євфросинії.,прп. Євфросинії,ні,,,,"Священик: Христос, істинний Бог наш, молитвами пречистої своєї Матері, заступництвом чесних небесних сил безтілесних, святих, славних і всехвальних апостолів, святого отця нашого Йоана Золотоустого, архиєпископа Константинограда, святого, якого є храм, прп. Євфросинії і всіх святих, помилує і спасе нас, як благий і чоловіколюбець.","Священик: Христос, істинний Бог наш, молитвами пречистої своєї Матері, заступництвом чесних небесних сил безтілесних, святих, славних і всехвальних апостолів, святого, якого є храм, прп. Євфросинії і всіх святих, помилує і спасе нас, як благий і чоловіколюбець."
Вересень,26.09,2,вв,🕁 Переставлення св. ап. і єв. Йоана Богослова.,,так,свято,,,"Священик: Христос, істинний Бог наш, молитвами пречистої своєї Матері, святого, славного і всехвального апостола і євангелиста, дівственника, наперсника і возлюбленого учня Христового Йоана Богослова, якого сьогодні чесного переставлення пам'ять торжественно празнуємо, святого отця нашого Йоана Золотоустого, архиєпископа Константинограда, і всіх святих, помилує і спасе нас, як благий і чоловіколюбець.","Священик: Христос, істинний Бог наш, молитвами пречистої своєї Матері, святого, славного і всехвального апостола і євангелиста, дівственника, наперсника і возлюбленого учня Христового Йоана Богослова, якого сьогодні чесного переставлення пам'ять торжественно празнуємо, і всіх святих, помилує і спасе нас, як благий і чоловіколюбець."
Вересень,27.09,3,ср,"Св. мч. Калістрата і дружини його. Прп. Ніла, основника й ігумена монастиря Криптоферратського.","св. мч. Калістрата і дружини його, прп. Ніла, основника й ігумена монастиря Криптоферратського,",ні,,,,"Священик: Христос, істинний Бог наш, молитвами пречистої своєї Матері, силою чесного і животворного Хреста, святих, славних і всехвальних апостолів, святого отця нашого Йоана Золотоустого, архиєпископа Константинограда, святого, якого є храм, св. мч. Калістрата і дружини його, прп. Ніла, основника й ігумена монастиря Криптоферратського, і всіх святих, помилує і спасе нас, як благий і чоловіколюбець.","Священик: Христос, істинний Бог наш, молитвами пречистої своєї Матері, силою чесного і животворного Хреста, святих, славних і всехвальних апостолів, святого, якого є храм, св. мч. Калістрата і дружини його, прп. Ніла, основника й ігумена монастиря Криптоферратського, і всіх святих, помилує і спасе нас, як благий і чоловіколюбець."
Вересень,28.09,4,чт,"🕂 Прп. ісп. Харитона. Св. В'ячеслава, князя чеського. Собор прпп. отців Печерських, що спочивають у ближніх печерах прп. Антонія.","прп. ісп. Харитона, якого сьогодні пам'ять торжественно звершуємо, св. В'ячеслава, князя чеського, собор прпп. отців Печерських, що спочивають у ближніх печерах, прп. Антонія, свщмч. Никити Будки",ні,,,,"Священик: Христос, істинний Бог наш, молитвами пречистої своєї Матері, святого отця нашого Миколая, архиєпископа, мирлікійського чудотворця, святих, славних і всехвальних апостолів, святого отця нашого Йоана Золотоустого, архиєпископа Константинограда, святого, якого є храм, прп. ісп. Харитона, якого сьогодні пам'ять торжественно звершуємо, св. В'ячеслава, князя чеського, собор прпп. отців Печерських, що спочивають у ближніх печерах, прп. Антонія, свщмч. Никити Будки і всіх святих, помилує і спасе нас, як благий і чоловіколюбець.","Священик: Христос, істинний Бог наш, молитвами пречистої своєї Матері, святого отця нашого Миколая, архиєпископа, мирлікійського чудотворця, святих, славних і всехвальних апостолів, святого, якого є храм, прп. ісп. Харитона, якого сьогодні пам'ять торжественно звершуємо, св. В'ячеслава, князя чеського, собор прпп. отців Печерських, що спочивають у ближніх печерах, прп. Антонія, свщмч. Никити Будки і всіх святих, помилує і спасе нас, як благий і чоловіколюбець."
Вересень,29.09,5,пт,🕃 Прп. Киріяка самітника.,прп. Киріяка самітника,ні,,,,"Священик: Христос, істинний Бог наш, молитвами пречистої своєї Матері, силою чесного і животворного Хреста, святих, славних і всехвальних апостолів, святого отця нашого Йоана Золотоустого, архиєпископа Константинограда, святого, якого є храм, прп. Киріяка самітника і всіх святих, помилує і спасе нас, як благий і чоловіколюбець.","Священик: Христос, істинний Бог наш, молитвами пречистої своєї Матері, силою чесного і животворного Хреста, святих, славних і всехвальних апостолів, святого, якого є храм, прп. Киріяка самітника і всіх святих, помилує і спасе нас, як благий і чоловіколюбець."
Вересень,30.09,6,сб,"🕃 Св. свщмч. Григорія, єпископа Вірменії.","св. свщмч. Григорія, єпископа Вірменії,",ні,,,,"Священик: Христос, істинний Бог наш, молитвами пречистої своєї Матері, силою чесного і животворного Хреста, заступництвом чесних небесних сил безтілесних, чесного, славного пророка, предтечі і христителя Йоана, святих, славних і всехвальних апостолів, святого отця нашого Миколая, архиєпископа мирлікійського, чудотворця, святих славних і переможних мучеників, преподобних і богоносних отців наших, святого отця нашого Йоана Золотоустого, архиєпископа Константинограда, святих і праведних богоотців Йоакима й Анни, святого, якого є храм, св. свщмч. Григорія, єпископа Вірменії, і всіх святих, помилує і спасе нас, як благий і чоловіколюбець.","Священик: Христос, істинний Бог наш, молитвами пречистої своєї Матері, силою чесного і животворного Хреста, заступництвом чесних небесних сил безтілесних, чесного, славного пророка, предтечі і христителя Йоана, святих, славних і всехвальних апостолів, святого отця нашого Миколая, архиєпископа мирлікійського, чудотворця, святих славних і переможних мучеників, преподобних і богоносних отців наших, святих і праведних богоотців Йоакима й Анни, святого, якого є храм, св. свщмч. Григорія, єпископа Вірменії, і всіх святих, помилує і спасе нас, як благий і чоловіколюбець."
Жовтень,01.10,7,нд,"Неділя 17-та по Зісланні Святого Духа. 🕀 Покров Пресвятої Богородиці. Св. ап. Ананії, одного з сімдесятьох. Прп. Романа Сладкопівця.","св. ап. Ананії, одного з сімдесятьох, прп. Романа Сладкопівця",так,свято,,,"Священик: Христос, що воскрес із мертвих, істинний Бог наш, молитвами пречистої своєї Матері, якої Покрову сьогодні торжественний празник світло звершуємо, святих, славних і всехвальних апостолів, святого отця нашого Йоана Золотоустого, архиєпископа Константинограда, і всіх святих, помилує і спасе нас, як благий і чоловіколюбець.","Священик: Христос, що воскрес із мертвих, істинний Бог наш, молитвами пречистої своєї Матері, якої Покрову сьогодні торжественний празник світло звершуємо, святих, славних і всехвальних апостолів, і всіх святих, помилує і спасе нас, як благий і чоловіколюбець."
Жовтень,02.10,1,пн,"🕃 Св. свщмч. Кипріяна. Св. мчц. Юстини. Св. Андрея, Христа ради юродивого.","св. свщмч. Кипріяна, св. мчц. Юстини, св. Андрея, Христа ради юродивого",ні,,,,"Священик: Христос, істинний Бог наш, молитвами пречистої своєї Матері, заступництвом чесних небесних сил безтілесних, святих, славних і всехвальних апостолів, святого отця нашого Йоана Золотоустого, архиєпископа Константинограда, святого, якого є храм, св. свщмч. Кипріяна, св. мчц. Юстини, св. Андрея, Христа ради юродивого і всіх святих, помилує і спасе нас, як благий і чоловіколюбець.","Священик: Христос, істинний Бог наш, молитвами пречистої своєї Матері, заступництвом чесних небесних сил безтілесних, святих, славних і всехвальних апостолів, святого, якого є храм, св. свщмч. Кипріяна, св. мчц. Юстини, св. Андрея, Христа ради юродивого і всіх святих, помилує і спасе нас, як благий і чоловіколюбець."
Жовтень,03.10,2,вв,🕃 Св. свщмч. Діонісія Ареопагіта.,св. свщмч. Діонісія Ареопагіта,ні,,,,"Священик: Христос, істинний Бог наш, молитвами пречистої своєї Матері, чесного і славного пророка, предтечі і христителя Йоана, святих, славних і всехвальних апостолів, святого отця нашого Йоана Золотоустого, архиєпископа Константинограда, святого, якого є храм, св. свщмч. Діонісія Ареопагіта і всіх святих, помилує і спасе нас, як благий і чоловіколюбець.","Священик: Христос, істинний Бог наш, молитвами пречистої своєї Матері, чесного і славного пророка, предтечі і христителя Йоана, святих, славних і всехвальних апостолів, святого, якого є храм, св. свщмч. Діонісія Ареопагіта і всіх святих, помилує і спасе нас, як благий і чоловіколюбець."
Жовтень,04.10,3,ср,"Св. свщмч. Єротея, єп. Атенського. Прп. отця Франциска Асижського.","св. свщмч. Єротея, єп. Атенського, прп. отця Франциска Асижського",ні,,,,"Священик: Христос, істинний Бог наш, молитвами пречистої своєї Матері, силою чесного і животворного Хреста, святих, славних і всехвальних апостолів, святого отця нашого Йоана Золотоустого, архиєпископа Константинограда, святого, якого є храм, св. свщмч. Єротея, єп. Атенського, прп. отця Франциска Асижського і всіх святих, помилує і спасе нас, як благий і чоловіколюбець.","Священик: Христос, істинний Бог наш, молитвами пречистої своєї Матері, силою чесного і животворного Хреста, святих, славних і всехвальних апостолів, святого, якого є храм, св. свщмч. Єротея, єп. Атенського, прп. отця Франциска Асижського і всіх святих, помилує і спасе нас, як благий і чоловіколюбець."
Жовтень,05.10,4,чт,Св. мчц. Харитини.,св. мчц. Харитини,ні,,,,"Священик: Христос, істинний Бог наш, молитвами пречистої своєї Матері, святого отця нашого Миколая, архиєпископа, мирлікійського чудотворця, святих, славних і всехвальних апостолів, святого отця нашого Йоана Золотоустого, архиєпископа Константинограда, святого, якого є храм, св. мчц. Харитини і всіх святих, помилує і спасе нас, як благий і чоловіколюбець.","Священик: Христос, істинний Бог наш, молитвами пречистої своєї Матері, святого отця нашого Миколая, архиєпископа, мирлікійського чудотворця, святих, славних і всехвальних апостолів, святого, якого є храм, св. мчц. Харитини і всіх святих, помилує і спасе нас, як благий і чоловіколюбець."
Жовтень,06.10,5,пт,🕂 Св. ап. Томи.,"св. ап. Томи, якого сьогодні пам'ять торжественно звершуємо,",ні,,,,"Священик: Христос, істинний Бог наш, молитвами пречистої своєї Матері, силою чесного і животворного Хреста, святих, славних і всехвальних апостолів, святого отця нашого Йоана Золотоустого, архиєпископа Константинограда, святого, якого є храм, св. ап. Томи, якого сьогодні пам'ять торжественно звершуємо, і всіх святих, помилує і спасе нас, як благий і чоловіколюбець.","Священик: Христос, істинний Бог наш, молитвами пречистої своєї Матері, силою чесного і животворного Хреста, святих, славних і всехвальних апостолів, святого, якого є храм, св. ап. Томи, якого сьогодні пам'ять торжественно звершуємо, і всіх святих, помилує і спасе нас, як благий і чоловіколюбець."
Жовтень,07.10,6,сб,🕃 Свв. мчч. Сергія і Вакха.,"свв. мчч. Сергія і Вакха,",ні,,,,"Священик: Христос, істинний Бог наш, молитвами пречистої своєї Матері, силою чесного і животворного Хреста, заступництвом чесних небесних сил безтілесних, чесного, славного пророка, предтечі і христителя Йоана, святих, славних і всехвальних апостолів, святого отця нашого Миколая, архиєпископа мирлікійського, чудотворця, святих славних і переможних мучеників, преподобних і богоносних отців наших, святого отця нашого Йоана Золотоустого, архиєпископа Константинограда, святих і праведних богоотців Йоакима й Анни, святого, якого є храм, свв. мчч. Сергія і Вакха, і всіх святих, помилує і спасе нас, як благий і чоловіколюбець.","Священик: Христос, істинний Бог наш, молитвами пречистої своєї Матері, силою чесного і животворного Хреста, заступництвом чесних небесних сил безтілесних, чесного, славного пророка, предтечі і христителя Йоана, святих, славних і всехвальних апостолів, святого отця нашого Миколая, архиєпископа мирлікійського, чудотворця, святих славних і переможних мучеників, преподобних і богоносних отців наших, святих і праведних богоотців Йоакима й Анни, святого, якого є храм, свв. мчч. Сергія і Вакха, і всіх святих, помилує і спасе нас, як благий і чоловіколюбець."
Жовтень,08.10,7,нд,Неділя 18-та по Зісланні Святого Духа. Прп. Пелагії.,прп. Пелагії,ні,,,,"Священик: Христос, що воскрес із мертвих, істинний Бог наш, молитвами пречистої своєї Матері, святих, славних і всехвальних апостолів, святого отця нашого Йоана Золотоустого, архиєпископа Константинограда, святого, якого є храм, прп. Пелагії і всіх святих, помилує і спасе нас, як благий і чоловіколюбець.","Священик: Христос, що воскрес із мертвих, істинний Бог наш, молитвами пречистої своєї Матері, святих, славних і всехвальних апостолів, святого, якого є храм, прп. Пелагії і всіх святих, помилує і спасе нас, як благий і чоловіколюбець."
Жовтень,09.10,1,пн,🕂 Св. ап. Якова Алфеєвого.,"св. ап. Якова Алфеєвого, якого сьогодні пам'ять торжественно звершуємо,",ні,,,,"Священик: Христос, істинний Бог наш, молитвами пречистої своєї Матері, заступництвом чесних небесних сил безтілесних, святих, славних і всехвальних апостолів, святого отця нашого Йоана Золотоустого, архиєпископа Константинограда, святого, якого є храм, св. ап. Якова Алфеєвого, якого сьогодні пам'ять торжественно звершуємо, і всіх святих, помилує і спасе нас, як благий і чоловіколюбець.","Священик: Христос, істинний Бог наш, молитвами пречистої своєї Матері, заступництвом чесних небесних сил безтілесних, святих, славних і всехвальних апостолів, святого, якого є храм, св. ап. Якова Алфеєвого, якого сьогодні пам'ять торжественно звершуємо, і всіх святих, помилує і спасе нас, як благий і чоловіколюбець."
Жовтень,10.10,2,вв,Свв. мчч. Євлампія і Євлампії.,"свв. мчч. Євлампія і Євлампії,",ні,,,,"Священик: Христос, істинний Бог наш, молитвами пречистої своєї Матері, чесного і славного пророка, предтечі і христителя Йоана, святих, славних і всехвальних апостолів, святого отця нашого Йоана Золотоустого, архиєпископа Константинограда, святого, якого є храм, свв. мчч. Євлампія і Євлампії, і всіх святих, помилує і спасе нас, як благий і чоловіколюбець.","Священик: Христос, істинний Бог наш, молитвами пречистої своєї Матері, чесного і славного пророка, предтечі і христителя Йоана, святих, славних і всехвальних апостолів, святого, якого є храм, свв. мчч. Євлампія і Євлампії, і всіх святих, помилує і спасе нас, як благий і чоловіколюбець."
Жовтень,11.10,3,ср,"Св. ап. Филипа, одного з семи дияконів. Прп. Теофана Начертанного, єп. Нікейського і творця канонів.","св. ап. Филипа, одного з семи дияконів, прп. Теофана Начертанного, єп. Нікейського і творця канонів,",ні,,,,"Священик: Христос, істинний Бог наш, молитвами пречистої своєї Матері, силою чесного і животворного Хреста, святих, славних і всехвальних апостолів, святого отця нашого Йоана Золотоустого, архиєпископа Константинограда, святого, якого є храм, св. ап. Филипа, одного з семи дияконів, прп. Теофана Начертанного, єп. Нікейського і творця канонів, і всіх святих, помилує і спасе нас, як благий і чоловіколюбець.","Священик: Христос, істинний Бог наш, молитвами пречистої своєї Матері, силою чесного і животворного Хреста, святих, славних і всехвальних апостолів, святого, якого є храм, св. ап. Филипа, одного з семи дияконів, прп. Теофана Начертанного, єп. Нікейського і творця канонів, і всіх святих, помилує і спасе нас, як благий і чоловіколюбець."
Жовтень,12.10,4,чт,"Свв. мчч. Прова, Тараха й Андроніка. Прп. Косми Святоградця, єп. Маюмського і творця канонів. Пам'ять св. Мартина Милостивого, єп. Туринського.","свв. мчч. Прова, Тараха й Андроніка, прп. Косми Святоградця, єп. Маюмського і творця канонів, св. Мартина Милостивого, єп. Туринського,",ні,,,,"Священик: Христос, істинний Бог наш, молитвами пречистої своєї Матері, святого отця нашого Миколая, архиєпископа, мирлікійського чудотворця, святих, славних і всехвальних апостолів, святого отця нашого Йоана Золотоустого, архиєпископа Константинограда, святого, якого є храм, свв. мчч. Прова, Тараха й Андроніка, прп. Косми Святоградця, єп. Маюмського і творця канонів, св. Мартина Милостивого, єп. Туринського, і всіх святих, помилує і спасе нас, як благий і чоловіколюбець.","Священик: Христос, істинний Бог наш, молитвами пречистої своєї Матері, святого отця нашого Миколая, архиєпископа, мирлікійського чудотворця, святих, славних і всехвальних апостолів, святого, якого є храм, свв. мчч. Прова, Тараха й Андроніка, прп. Косми Святоградця, єп. Маюмського і творця канонів, св. Мартина Милостивого, єп. Туринського, і всіх святих, помилує і спасе нас, як благий і чоловіколюбець."
Жовтень,13.10,5,пт,"Свв. мчч. Карпа, Папили й Агатоніки мч.","свв. мчч. Карпа, Папили й Агатоніки,",ні,,,,"Священик: Христос, істинний Бог наш, молитвами пречистої своєї Матері, силою чесного і животворного Хреста, святих, славних і всехвальних апостолів, святого отця нашого Йоана Золотоустого, архиєпископа Константинограда, святого, якого є храм, свв. мчч. Карпа, Папили й Агатоніки, і всіх святих, помилує і спасе нас, як благий і чоловіколюбець.","Священик: Христос, істинний Бог наш, молитвами пречистої своєї Матері, силою чесного і животворного Хреста, святих, славних і всехвальних апостолів, святого, якого є храм, свв. мчч. Карпа, Папили й Агатоніки, і всіх святих, помилує і спасе нас, як благий і чоловіколюбець."
Жовтень,14.10,6,сб,Свв. мчч. Назарія Гервасія Протасія й Келсія. 🕃 Прп. Параскеви Терновської.,"свв. мчч. Назарія Гервасія Протасія й Келсія, прп. Параскеви Терновської, cвщмч. Романа Лиска, пресв.,",ні,,,,"Священик: Христос, істинний Бог наш, молитвами пречистої своєї Матері, силою чесного і животворного Хреста, заступництвом чесних небесних сил безтілесних, чесного, славного пророка, предтечі і христителя Йоана, святих, славних і всехвальних апостолів, святого отця нашого Миколая, архиєпископа мирлікійського, чудотворця, святих славних і переможних мучеників, преподобних і богоносних отців наших, святого отця нашого Йоана Золотоустого, архиєпископа Константинограда, святих і праведних богоотців Йоакима й Анни, святого, якого є храм, свв. мчч. Назарія Гервасія Протасія й Келсія, прп. Параскеви Терновської, cвщмч. Романа Лиска, пресв., і всіх святих, помилує і спасе нас, як благий і чоловіколюбець.","Священик: Христос, істинний Бог наш, молитвами пречистої своєї Матері, силою чесного і животворного Хреста, заступництвом чесних небесних сил безтілесних, чесного, славного пророка, предтечі і христителя Йоана, святих, славних і всехвальних апостолів, святого отця нашого Миколая, архиєпископа мирлікійського, чудотворця, святих славних і переможних мучеників, преподобних і богоносних отців наших, святих і праведних богоотців Йоакима й Анни, святого, якого є храм, свв. мчч. Назарія Гервасія Протасія й Келсія, прп. Параскеви Терновської, cвщмч. Романа Лиска, пресв., і всіх святих, помилує і спасе нас, як благий і чоловіколюбець."
Жовтень,15.10,7,нд,"Неділя 19-та по Зісланні Святого Духа.</i>Свв. Отців VII Вселенського Собору. Прп. Євтимія Нового. Св. прпмч. Лукіяна, пресвітера Великої Антіохії.","свв. отців VII Вселенського Собору, прп. Євтимія Нового, св. прпмч. Лукіяна, пресвітера Великої Антіохії,",ні,,,,"Священик: Христос, що воскрес із мертвих, істинний Бог наш, молитвами пречистої своєї Матері, святих, славних і всехвальних апостолів, святого отця нашого Йоана Золотоустого, архиєпископа Константинограда, святого, якого є храм, свв. отців VII Вселенського Собору, прп. Євтимія Нового, св. прпмч. Лукіяна, пресвітера Великої Антіохії, і всіх святих, помилує і спасе нас, як благий і чоловіколюбець.","Священик: Христос, що воскрес із мертвих, істинний Бог наш, молитвами пречистої своєї Матері, святих, славних і всехвальних апостолів, святого, якого є храм, свв. отців VII Вселенського Собору, прп. Євтимія Нового, св. прпмч. Лукіяна, пресвітера Великої Антіохії, і всіх святих, помилує і спасе нас, як благий і чоловіколюбець."
Жовтень,16.10,1,пн,Св. мч. Лонгина сотника.,св. мч. Лонгина сотника,ні,,,,"Священик: Христос, істинний Бог наш, молитвами пречистої своєї Матері, заступництвом чесних небесних сил безтілесних, святих, славних і всехвальних апостолів, святого отця нашого Йоана Золотоустого, архиєпископа Константинограда, святого, якого є храм, св. мч. Лонгина сотника і всіх святих, помилує і спасе нас, як благий і чоловіколюбець.","Священик: Христос, істинний Бог наш, молитвами пречистої своєї Матері, заступництвом чесних небесних сил безтілесних, святих, славних і всехвальних апостолів, святого, якого є храм, св. мч. Лонгина сотника і всіх святих, помилує і спасе нас, як благий і чоловіколюбець."
Жовтень,17.10,2,вв,Св. прор. Осії. Св. прпмч. Андрея Критського.,"св. прор. Осії, св. прпмч. Андрея Критського",ні,,,,"Священик: Христос, істинний Бог наш, молитвами пречистої своєї Матері, чесного і славного пророка, предтечі і христителя Йоана, святих, славних і всехвальних апостолів, святого отця нашого Йоана Золотоустого, архиєпископа Константинограда, святого, якого є храм, св. прор. Осії, св. прпмч. Андрея Критського і всіх святих, помилує і спасе нас, як благий і чоловіколюбець.","Священик: Христос, істинний Бог наш, молитвами пречистої своєї Матері, чесного і славного пророка, предтечі і христителя Йоана, святих, славних і всехвальних апостолів, святого, якого є храм, св. прор. Осії, св. прпмч. Андрея Критського і всіх святих, помилує і спасе нас, як благий і чоловіколюбець."
Жовтень,18.10,3,ср,🕂 Св. ап. і єв. Луки.,св. ап. і єв. Луки,ні,,,,"Священик: Христос, істинний Бог наш, молитвами пречистої своєї Матері, силою чесного і животворного Хреста, святих, славних і всехвальних апостолів, святого отця нашого Йоана Золотоустого, архиєпископа Константинограда, святого, якого є храм, св. ап. і єв. Луки і всіх святих, помилує і спасе нас, як благий і чоловіколюбець.","Священик: Христос, істинний Бог наш, молитвами пречистої своєї Матері, силою чесного і животворного Хреста, святих, славних і всехвальних апостолів, святого, якого є храм, св. ап. і єв. Луки і всіх святих, помилує і спасе нас, як благий і чоловіколюбець."
Жовтень,19.10,4,чт,Св. прор. Йоїла. Св. мч. Уара. Прп. Йоана Рильського.,"св. прор. Йоїла, св. мч. Уара, прп. Йоана Рильського",ні,,,,"Священик: Христос, істинний Бог наш, молитвами пречистої своєї Матері, святого отця нашого Миколая, архиєпископа, мирлікійського чудотворця, святих, славних і всехвальних апостолів, святого отця нашого Йоана Золотоустого, архиєпископа Константинограда, святого, якого є храм, св. прор. Йоїла, св. мч. Уара, прп. Йоана Рильського і всіх святих, помилує і спасе нас, як благий і чоловіколюбець.","Священик: Христос, істинний Бог наш, молитвами пречистої своєї Матері, святого отця нашого Миколая, архиєпископа, мирлікійського чудотворця, святих, славних і всехвальних апостолів, святого, якого є храм, св. прор. Йоїла, св. мч. Уара, прп. Йоана Рильського і всіх святих, помилує і спасе нас, як благий і чоловіколюбець."
Жовтень,20.10,5,пт,🕃 Св. влкмч. Артемія.,св. влкмч. Артемія,ні,,,,"Священик: Христос, істинний Бог наш, молитвами пречистої своєї Матері, силою чесного і животворного Хреста, святих, славних і всехвальних апостолів, святого отця нашого Йоана Золотоустого, архиєпископа Константинограда, святого, якого є храм, св. влкмч. Артемія і всіх святих, помилує і спасе нас, як благий і чоловіколюбець.","Священик: Христос, істинний Бог наш, молитвами пречистої своєї Матері, силою чесного і животворного Хреста, святих, славних і всехвальних апостолів, святого, якого є храм, св. влкмч. Артемія і всіх святих, помилує і спасе нас, як благий і чоловіколюбець."
Жовтень,21.10,6,сб,🕃 Прп. Іларіона Великого.,прп. Іларіона Великого,ні,,,,"Священик: Христос, істинний Бог наш, молитвами пречистої своєї Матері, силою чесного і животворного Хреста, заступництвом чесних небесних сил безтілесних, чесного, славного пророка, предтечі і христителя Йоана, святих, славних і всехвальних апостолів, святого отця нашого Миколая, архиєпископа мирлікійського, чудотворця, святих славних і переможних мучеників, преподобних і богоносних отців наших, святого отця нашого Йоана Золотоустого, архиєпископа Константинограда, святих і праведних богоотців Йоакима й Анни, святого, якого є храм, прп. Іларіона Великого і всіх святих, помилує і спасе нас, як благий і чоловіколюбець.","Священик: Христос, істинний Бог наш, молитвами пречистої своєї Матері, силою чесного і животворного Хреста, заступництвом чесних небесних сил безтілесних, чесного, славного пророка, предтечі і христителя Йоана, святих, славних і всехвальних апостолів, святого отця нашого Миколая, архиєпископа мирлікійського, чудотворця, святих славних і переможних мучеників, преподобних і богоносних отців наших, святих і праведних богоотців Йоакима й Анни, святого, якого є храм, прп. Іларіона Великого і всіх святих, помилує і спасе нас, як благий і чоловіколюбець."
Жовтень,22.10,7,нд,"Неділя 20-та по Зісланні Святого Духа. Св. рівноап. Аверкія, єп. Єрапольського, чудотворця. Свв. сімох отроків, що в Ефесі.","св. рівноап. Аверкія, єп. Єрапольського, чудотворця, свв. сімох отроків, що в Ефесі,",ні,,,,"Священик: Христос, що воскрес із мертвих, істинний Бог наш, молитвами пречистої своєї Матері, святих, славних і всехвальних апостолів, святого отця нашого Йоана Золотоустого, архиєпископа Константинограда, святого, якого є храм, св. рівноап. Аверкія, єп. Єрапольського, чудотворця, свв. сімох отроків, що в Ефесі, і всіх святих, помилує і спасе нас, як благий і чоловіколюбець.","Священик: Христос, що воскрес із мертвих, істинний Бог наш, молитвами пречистої своєї Матері, святих, славних і всехвальних апостолів, святого, якого є храм, св. рівноап. Аверкія, єп. Єрапольського, чудотворця, свв. сімох отроків, що в Ефесі, і всіх святих, помилує і спасе нас, як благий і чоловіколюбець."
Жовтень,23.10,1,пн,"🕃 Св. ап. Якова, по плоті брата Господнього.","св. ап. Якова, по плоті брата Господнього,",ні,,,,"Священик: Христос, істинний Бог наш, молитвами пречистої своєї Матері, заступництвом чесних небесних сил безтілесних, святих, славних і всехвальних апостолів, святого отця нашого Йоана Золотоустого, архиєпископа Константинограда, святого, якого є храм, св. ап. Якова, по плоті брата Господнього, і всіх святих, помилує і спасе нас, як благий і чоловіколюбець.","Священик: Христос, істинний Бог наш, молитвами пречистої своєї Матері, заступництвом чесних небесних сил безтілесних, святих, славних і всехвальних апостолів, святого, якого є храм, св. ап. Якова, по плоті брата Господнього, і всіх святих, помилує і спасе нас, як благий і чоловіколюбець."
Жовтень,24.10,2,вв,"Св. мч. Арети і тих, що з ним.","св. мч. Арети і тих, що з ним,",ні,,,,"Священик: Христос, істинний Бог наш, молитвами пречистої своєї Матері, чесного і славного пророка, предтечі і христителя Йоана, святих, славних і всехвальних апостолів, святого отця нашого Йоана Золотоустого, архиєпископа Константинограда, святого, якого є храм, св. мч. Арети і тих, що з ним, і всіх святих, помилує і спасе нас, як благий і чоловіколюбець.","Священик: Христос, істинний Бог наш, молитвами пречистої своєї Матері, чесного і славного пророка, предтечі і христителя Йоана, святих, славних і всехвальних апостолів, святого, якого є храм, св. мч. Арети і тих, що з ним, і всіх святих, помилує і спасе нас, як благий і чоловіколюбець."
Жовтень,25.10,3,ср,Свв. мчч. і нотарів Маркіяна й Мартирія.,"свв. мчч. і нотарів Маркіяна й Мартирія,",ні,,,,"Священик: Христос, істинний Бог наш, молитвами пречистої своєї Матері, силою чесного і животворного Хреста, святих, славних і всехвальних апостолів, святого отця нашого Йоана Золотоустого, архиєпископа Константинограда, святого, якого є храм, свв. мчч. і нотарів Маркіяна й Мартирія, і всіх святих, помилує і спасе нас, як благий і чоловіколюбець.","Священик: Христос, істинний Бог наш, молитвами пречистої своєї Матері, силою чесного і животворного Хреста, святих, славних і всехвальних апостолів, святого, якого є храм, свв. мчч. і нотарів Маркіяна й Мартирія, і всіх святих, помилує і спасе нас, як благий і чоловіколюбець."
Жовтень,26.10,4,чт,🕁 Св. і славного влкмч. Димитрія Мироточця.,"св. і славного влкмч. Димитрія Мироточця, якого сьогодні пам'ять торжественно звершуємо,",ні,,,,"Священик: Христос, істинний Бог наш, молитвами пречистої своєї Матері, святого отця нашого Миколая, архиєпископа, мирлікійського чудотворця, святих, славних і всехвальних апостолів, святого отця нашого Йоана Золотоустого, архиєпископа Константинограда, святого, якого є храм, св. і славного влкмч. Димитрія Мироточця, якого сьогодні пам'ять торжественно звершуємо, і всіх святих, помилує і спасе нас, як благий і чоловіколюбець.","Священик: Христос, істинний Бог наш, молитвами пречистої своєї Матері, святого отця нашого Миколая, архиєпископа, мирлікійського чудотворця, святих, славних і всехвальних апостолів, святого, якого є храм, св. і славного влкмч. Димитрія Мироточця, якого сьогодні пам'ять торжественно звершуємо, і всіх святих, помилує і спасе нас, як благий і чоловіколюбець."
Жовтень,27.10,5,пт,Св. мчч. Нестора. Свв. мчцц. Капетоліни і рабині її Єротиїди.,"св. мчч. Нестора, свв. мчцц. Капетоліни і рабині її Єротиїди,",ні,,,,"Священик: Христос, істинний Бог наш, молитвами пречистої своєї Матері, силою чесного і животворного Хреста, святих, славних і всехвальних апостолів, святого отця нашого Йоана Золотоустого, архиєпископа Константинограда, святого, якого є храм, св. мчч. Нестора, свв. мчцц. Капетоліни і рабині її Єротиїди, і всіх святих, помилує і спасе нас, як благий і чоловіколюбець.","Священик: Христос, істинний Бог наш, молитвами пречистої своєї Матері, силою чесного і животворного Хреста, святих, славних і всехвальних апостолів, святого, якого є храм, св. мчч. Нестора, свв. мчцц. Капетоліни і рабині її Єротиїди, і всіх святих, помилує і спасе нас, як благий і чоловіколюбець."
Жовтень,28.10,6,сб,"🕃 Свв. мчч. Терентія й Неоніли. Прп. Стефана Савваїта, творця канонів. Св. мчц. Параскеви, що в Іконії, названої П'ятниця.","свв. мчч. Терентія й Неоніли, прп. Стефана Савваїта, творця канонів, св. мчц. Параскеви, що в Іконії, названої П'ятниця,",ні,,,,"Священик: Христос, істинний Бог наш, молитвами пречистої своєї Матері, силою чесного і животворного Хреста, заступництвом чесних небесних сил безтілесних, чесного, славного пророка, предтечі і христителя Йоана, святих, славних і всехвальних апостолів, святого отця нашого Миколая, архиєпископа мирлікійського, чудотворця, святих славних і переможних мучеників, преподобних і богоносних отців наших, святого отця нашого Йоана Золотоустого, архиєпископа Константинограда, святих і праведних богоотців Йоакима й Анни, святого, якого є храм, свв. мчч. Терентія й Неоніли, прп. Стефана Савваїта, творця канонів, св. мчц. Параскеви, що в Іконії, названої П'ятниця, і всіх святих, помилує і спасе нас, як благий і чоловіколюбець.","Священик: Христос, істинний Бог наш, молитвами пречистої своєї Матері, силою чесного і животворного Хреста, заступництвом чесних небесних сил безтілесних, чесного, славного пророка, предтечі і христителя Йоана, святих, славних і всехвальних апостолів, святого отця нашого Миколая, архиєпископа мирлікійського, чудотворця, святих славних і переможних мучеників, преподобних і богоносних отців наших, святих і праведних богоотців Йоакима й Анни, святого, якого є храм, свв. мчч. Терентія й Неоніли, прп. Стефана Савваїта, творця канонів, св. мчц. Параскеви, що в Іконії, названої П'ятниця, і всіх святих, помилує і спасе нас, як благий і чоловіколюбець."
Жовтень,29.10,7,нд,"Неділя 21-ша по Зісланні Святого Духа. Св. прпмчц. Анастасії Римлянки. Переставлення прп. Аврамія архимандрита, Ростовського чудотворця.","св. прпмчц. Анастасії Римлянки, прп. Аврамія архимандрита, Ростовського чудотворця,",ні,,,,"Священик: Христос, що воскрес із мертвих, істинний Бог наш, молитвами пречистої своєї Матері, святих, славних і всехвальних апостолів, святого отця нашого Йоана Золотоустого, архиєпископа Константинограда, святого, якого є храм, св. прпмчц. Анастасії Римлянки, прп. Аврамія архимандрита, Ростовського чудотворця, і всіх святих, помилує і спасе нас, як благий і чоловіколюбець.","Священик: Христос, що воскрес із мертвих, істинний Бог наш, молитвами пречистої своєї Матері, святих, славних і всехвальних апостолів, святого, якого є храм, св. прпмчц. Анастасії Римлянки, прп. Аврамія архимандрита, Ростовського чудотворця, і всіх святих, помилує і спасе нас, як благий і чоловіколюбець."
Жовтень,30.10,1,пн,"Св. мчч. Зиновія й Зиновії, сестри його. Свщмч. Олексія Зарицького, пресв.","св. мчч. Зиновія й Зиновії, сестри його, свщмч. Олексія Зарицького, пресв.,",ні,,,,"Священик: Христос, істинний Бог наш, молитвами пречистої своєї Матері, заступництвом чесних небесних сил безтілесних, святих, славних і всехвальних апостолів, святого отця нашого Йоана Золотоустого, архиєпископа Константинограда, святого, якого є храм, св. мчч. Зиновія й Зиновії, сестри його, свщмч. Олексія Зарицького, пресв., і всіх святих, помилує і спасе нас, як благий і чоловіколюбець.","Священик: Христос, істинний Бог наш, молитвами пречистої своєї Матері, заступництвом чесних небесних сил безтілесних, святих, славних і всехвальних апостолів, святого, якого є храм, св. мчч. Зиновія й Зиновії, сестри його, свщмч. Олексія Зарицького, пресв., і всіх святих, помилує і спасе нас, як благий і чоловіколюбець."
Жовтень,31.10,2,вв,"Свв. апп. Стахія, Амплія і тих, що з ними. Св. мч. Єпімаха.","свв. апп. Стахія, Амплія і тих, що з ними, св. мч. Єпімаха, cвщмч. Олексія Зарицького, пресв.,",ні,,,,"Священик: Христос, істинний Бог наш, молитвами пречистої своєї Матері, чесного і славного пророка, предтечі і христителя Йоана, святих, славних і всехвальних апостолів, святого отця нашого Йоана Золотоустого, архиєпископа Константинограда, святого, якого є храм, свв. апп. Стахія, Амплія і тих, що з ними, св. мч. Єпімаха, cвщмч. Олексія Зарицького, пресв., і всіх святих, помилує і спасе нас, як благий і чоловіколюбець.","Священик: Христос, істинний Бог наш, молитвами пречистої своєї Матері, чесного і славного пророка, предтечі і христителя Йоана, святих, славних і всехвальних апостолів, святого, якого є храм, свв. апп. Стахія, Амплія і тих, що з ними, св. мч. Єпімаха, cвщмч. Олексія Зарицького, пресв., і всіх святих, помилує і спасе нас, як благий і чоловіколюбець."
Листопад,01.11,3,ср,Бл. свщмч. єп. Теодора (Ромжі). Свв. чудотворців і безсрібників Косми й Дам'яна,"священномученика Теодора Ромжі, єпископа Мукачівського, якого сьогодні пам'ять торжественно звершуємо, святих чудотворців і безсрібників Косми й Дам'яна, преподобної Теодотії, їхньої матері,",ні,,,,"Священик: Христос, істинний Бог наш, молитвами пречистої своєї Матері, силою чесного і животворного Хреста, святих, славних і всехвальних апостолів, святого отця нашого Йоана Золотоустого, архиєпископа Константинограда, святого, якого є храм, священномученика Теодора Ромжі, єпископа Мукачівського, якого сьогодні пам'ять торжественно звершуємо, святих чудотворців і безсрібників Косми й Дам'яна, преподобної Теодотії, їхньої матері, і всіх святих, помилує і спасе нас, як благий і чоловіколюбець.","Священик: Христос, істинний Бог наш, молитвами пречистої своєї Матері, силою чесного і животворного Хреста, святих, славних і всехвальних апостолів, святого, якого є храм, священномученика Теодора Ромжі, єпископа Мукачівського, якого сьогодні пам'ять торжественно звершуємо, святих чудотворців і безсрібників Косми й Дам'яна, преподобної Теодотії, їхньої матері, і всіх святих, помилує і спасе нас, як благий і чоловіколюбець."
Листопад,02.11,4,чт,"Свв. мчч. Акиндина, Пигасія, Афтонія, Єлпидифора й Анемподиста","святих мучеників Акиндина, Пигасія, Афтонія, Єлпидифора й Анемподиста,",ні,,,,"Священик: Христос, істинний Бог наш, молитвами пречистої своєї Матері, святого отця нашого Миколая, архиєпископа, мирлікійського чудотворця, святих, славних і всехвальних апостолів, святого отця нашого Йоана Золотоустого, архиєпископа Константинограда, святого, якого є храм, святих мучеників Акиндина, Пигасія, Афтонія, Єлпидифора й Анемподиста, і всіх святих, помилує і спасе нас, як благий і чоловіколюбець.","Священик: Христос, істинний Бог наш, молитвами пречистої своєї Матері, святого отця нашого Миколая, архиєпископа, мирлікійського чудотворця, святих, славних і всехвальних апостолів, святого, якого є храм, святих мучеників Акиндина, Пигасія, Афтонія, Єлпидифора й Анемподиста, і всіх святих, помилує і спасе нас, як благий і чоловіколюбець."
Листопад,03.11,5,пт,"Свв. мчч. Акепсими, єп., Йосифа, пресв., і Аїтала, диякона. Оновлення храму св. влкмч. Юрія, що в Лідді","святих мучеників Акепсими, єпископа, Йосифа, пресвітера, і Аїтала, диякона, святого великомученика Юрія",ні,,,,"Священик: Христос, істинний Бог наш, молитвами пречистої своєї Матері, силою чесного і животворного Хреста, святих, славних і всехвальних апостолів, святого отця нашого Йоана Золотоустого, архиєпископа Константинограда, святого, якого є храм, святих мучеників Акепсими, єпископа, Йосифа, пресвітера, і Аїтала, диякона, святого великомученика Юрія і всіх святих, помилує і спасе нас, як благий і чоловіколюбець.","Священик: Христос, істинний Бог наш, молитвами пречистої своєї Матері, силою чесного і животворного Хреста, святих, славних і всехвальних апостолів, святого, якого є храм, святих мучеників Акепсими, єпископа, Йосифа, пресвітера, і Аїтала, диякона, святого великомученика Юрія і всіх святих, помилує і спасе нас, як благий і чоловіколюбець."
Листопад,04.11,6,сб,"Прп. Йоаникія Великого. Св. мч. Никандра, єп. Мирського. Св. Єрмея, пресв. Свщмч. Йосафата Коциловського","преподобного отця нашого Йоанікія Великого, святих мучеників Никандра, єпископа Мирського, святого Єрмея, пресвітера,",ні,,,,"Священик: Христос, істинний Бог наш, молитвами пречистої своєї Матері, силою чесного і животворного Хреста, заступництвом чесних небесних сил безтілесних, чесного, славного пророка, предтечі і христителя Йоана, святих, славних і всехвальних апостолів, святого отця нашого Миколая, архиєпископа мирлікійського, чудотворця, святих славних і переможних мучеників, преподобних і богоносних отців наших, святого отця нашого Йоана Золотоустого, архиєпископа Константинограда, святих і праведних богоотців Йоакима й Анни, святого, якого є храм, преподобного отця нашого Йоанікія Великого, святих мучеників Никандра, єпископа Мирського, святого Єрмея, пресвітера, і всіх святих, помилує і спасе нас, як благий і чоловіколюбець.","Священик: Христос, істинний Бог наш, молитвами пречистої своєї Матері, силою чесного і животворного Хреста, заступництвом чесних небесних сил безтілесних, чесного, славного пророка, предтечі і христителя Йоана, святих, славних і всехвальних апостолів, святого отця нашого Миколая, архиєпископа мирлікійського, чудотворця, святих славних і переможних мучеників, преподобних і богоносних отців наших, святих і праведних богоотців Йоакима й Анни, святого, якого є храм, преподобного отця нашого Йоанікія Великого, святих мучеників Никандра, єпископа Мирського, святого Єрмея, пресвітера, і всіх святих, помилує і спасе нас, як благий і чоловіколюбець."
Листопад,05.11,7,нд,Свв. мчч. Галактіона і Єпістими,"святих мучеників Галактіона і Єпістими,",ні,,,,"Священик: Христос, що воскрес із мертвих, істинний Бог наш, молитвами пречистої своєї Матері, святих, славних і всехвальних апостолів, святого отця нашого Йоана Золотоустого, архиєпископа Константинограда, святого, якого є храм, святих мучеників Галактіона і Єпістими, і всіх святих, помилує і спасе нас, як благий і чоловіколюбець.","Священик: Христос, що воскрес із мертвих, істинний Бог наш, молитвами пречистої своєї Матері, святих, славних і всехвальних апостолів, святого, якого є храм, святих мучеників Галактіона і Єпістими, і всіх святих, помилує і спасе нас, як благий і чоловіколюбець."
Листопад,06.11,1,пн,"Св. Павла, архиєп. Царгородського, ісп.","святого Павла, архиєпископа Царгородського, ісповідника,",ні,,,,"Священик: Христос, істинний Бог наш, молитвами пречистої своєї Матері, заступництвом чесних небесних сил безтілесних, святих, славних і всехвальних апостолів, святого отця нашого Йоана Золотоустого, архиєпископа Константинограда, святого, якого є храм, святого Павла, архиєпископа Царгородського, ісповідника, і всіх святих, помилує і спасе нас, як благий і чоловіколюбець.","Священик: Христос, істинний Бог наш, молитвами пречистої своєї Матері, заступництвом чесних небесних сил безтілесних, святих, славних і всехвальних апостолів, святого, якого є храм, святого Павла, архиєпископа Царгородського, ісповідника, і всіх святих, помилує і спасе нас, як благий і чоловіколюбець."
Листопад,07.11,2,вв,"Свв. 33-х мчч., що в Мелітині. Прп. і чудотв. Лазаря. Прп. Йосафати Гордашевської","святих тридцяти трьої мучеників, що в Мелітині, преподобного отця нашого і чудотворця Лазаря, що постив на Галисійській горі,",ні,,,,"Священик: Христос, істинний Бог наш, молитвами пречистої своєї Матері, чесного і славного пророка, предтечі і христителя Йоана, святих, славних і всехвальних апостолів, святого отця нашого Йоана Золотоустого, архиєпископа Константинограда, святого, якого є храм, святих тридцяти трьої мучеників, що в Мелітині, преподобного отця нашого і чудотворця Лазаря, що постив на Галисійській горі, і всіх святих, помилує і спасе нас, як благий і чоловіколюбець.","Священик: Христос, істинний Бог наш, молитвами пречистої своєї Матері, чесного і славного пророка, предтечі і христителя Йоана, святих, славних і всехвальних апостолів, святого, якого є храм, святих тридцяти трьої мучеників, що в Мелітині, преподобного отця нашого і чудотворця Лазаря, що постив на Галисійській горі, і всіх святих, помилує і спасе нас, як благий і чоловіколюбець."
Листопад,08.11,3,ср,Собор св. архистратига Михаїла та інших безплотних сил,"святого архистратига Михаїла та інших безтілесних сил, що їх собору сьогодні пам'ять торжественно звершуємо",ні,,,,"Священик: Христос, істинний Бог наш, молитвами пречистої своєї Матері, силою чесного і животворного Хреста, святих, славних і всехвальних апостолів, святого отця нашого Йоана Золотоустого, архиєпископа Константинограда, святого, якого є храм, святого архистратига Михаїла та інших безтілесних сил, що їх собору сьогодні пам'ять торжественно звершуємо і всіх святих, помилує і спасе нас, як благий і чоловіколюбець.","Священик: Христос, істинний Бог наш, молитвами пречистої своєї Матері, силою чесного і животворного Хреста, святих, славних і всехвальних апостолів, святого, якого є храм, святого архистратига Михаїла та інших безтілесних сил, що їх собору сьогодні пам'ять торжественно звершуємо і всіх святих, помилує і спасе нас, як благий і чоловіколюбець."
Листопад,09.11,4,чт,"Свв. мчч. Онисифора й Порфирія. Прп. Матрони. Прп. Теоктисти, що з Лезви","святих мучеників Онисифора й Порфирія, преподобної матері нашої Матрони, преподобної Теоктисти, що з Лезви,",ні,,,,"Священик: Христос, істинний Бог наш, молитвами пречистої своєї Матері, святого отця нашого Миколая, архиєпископа, мирлікійського чудотворця, святих, славних і всехвальних апостолів, святого отця нашого Йоана Золотоустого, архиєпископа Константинограда, святого, якого є храм, святих мучеників Онисифора й Порфирія, преподобної матері нашої Матрони, преподобної Теоктисти, що з Лезви, і всіх святих, помилує і спасе нас, як благий і чоловіколюбець.","Священик: Христос, істинний Бог наш, молитвами пречистої своєї Матері, святого отця нашого Миколая, архиєпископа, мирлікійського чудотворця, святих, славних і всехвальних апостолів, святого, якого є храм, святих мучеників Онисифора й Порфирія, преподобної матері нашої Матрони, преподобної Теоктисти, що з Лезви, і всіх святих, помилує і спасе нас, як благий і чоловіколюбець."
Листопад,10.11,5,пт,"Свв. апп. Ераста, Олімпа, Родіона і тих, що з ними","святих апостолів Ераста, Олімпа, Родіона і тих, що з ними,",ні,,,,"Священик: Христос, істинний Бог наш, молитвами пречистої своєї Матері, силою чесного і животворного Хреста, святих, славних і всехвальних апостолів, святого отця нашого Йоана Золотоустого, архиєпископа Константинограда, святого, якого є храм, святих апостолів Ераста, Олімпа, Родіона і тих, що з ними, і всіх святих, помилує і спасе нас, як благий і чоловіколюбець.","Священик: Христос, істинний Бог наш, молитвами пречистої своєї Матері, силою чесного і животворного Хреста, святих, славних і всехвальних апостолів, святого, якого є храм, святих апостолів Ераста, Олімпа, Родіона і тих, що з ними, і всіх святих, помилує і спасе нас, як благий і чоловіколюбець."
Листопад,11.11,6,сб,"Свв. мчч. Мини, Віктора й Вінкентія. Св. мч. Стефаніди. Прп. й ісп. Теодора Студита","святих мучеників Мини, Віктора й Вінкентія, святої мучениці Стефаніди, преподобного отця нашого й ісповідника Теодора Студита",ні,,,,"Священик: Христос, істинний Бог наш, молитвами пречистої своєї Матері, силою чесного і животворного Хреста, заступництвом чесних небесних сил безтілесних, чесного, славного пророка, предтечі і христителя Йоана, святих, славних і всехвальних апостолів, святого отця нашого Миколая, архиєпископа мирлікійського, чудотворця, святих славних і переможних мучеників, преподобних і богоносних отців наших, святого отця нашого Йоана Золотоустого, архиєпископа Константинограда, святих і праведних богоотців Йоакима й Анни, святого, якого є храм, святих мучеників Мини, Віктора й Вінкентія, святої мучениці Стефаніди, преподобного отця нашого й ісповідника Теодора Студита і всіх святих, помилує і спасе нас, як благий і чоловіколюбець.","Священик: Христос, істинний Бог наш, молитвами пречистої своєї Матері, силою чесного і животворного Хреста, заступництвом чесних небесних сил безтілесних, чесного, славного пророка, предтечі і христителя Йоана, святих, славних і всехвальних апостолів, святого отця нашого Миколая, архиєпископа мирлікійського, чудотворця, святих славних і переможних мучеників, преподобних і богоносних отців наших, святих і праведних богоотців Йоакима й Анни, святого, якого є храм, святих мучеників Мини, Віктора й Вінкентія, святої мучениці Стефаніди, преподобного отця нашого й ісповідника Теодора Студита і всіх святих, помилує і спасе нас, як благий і чоловіколюбець."
Листопад,12.11,7,нд,"Св. Йоана Милостивого, патр. Олександрійського. Прп. Ніла. Св. свщмч. Йосафата, архиєп. Полоцького","святого свяшенномученика Йосафата, архиєпископа Полоцького, якого сьогодні пам'ять торжественно звершуємо, святителя Івана Милостивого, патріарха Олександрійського, преподобного отця нашого Ніла, блаженного священномученика Григорія Лакоти, єпископа,",ні,,,,"Священик: Христос, що воскрес із мертвих, істинний Бог наш, молитвами пречистої своєї Матері, святих, славних і всехвальних апостолів, святого отця нашого Йоана Золотоустого, архиєпископа Константинограда, святого, якого є храм, святого свяшенномученика Йосафата, архиєпископа Полоцького, якого сьогодні пам'ять торжественно звершуємо, святителя Івана Милостивого, патріарха Олександрійського, преподобного отця нашого Ніла, блаженного священномученика Григорія Лакоти, єпископа, і всіх святих, помилує і спасе нас, як благий і чоловіколюбець.","Священик: Христос, що воскрес із мертвих, істинний Бог наш, молитвами пречистої своєї Матері, святих, славних і всехвальних апостолів, святого, якого є храм, святого свяшенномученика Йосафата, архиєпископа Полоцького, якого сьогодні пам'ять торжественно звершуємо, святителя Івана Милостивого, патріарха Олександрійського, преподобного отця нашого Ніла, блаженного священномученика Григорія Лакоти, єпископа, і всіх святих, помилує і спасе нас, як благий і чоловіколюбець."
Листопад,13.11,1,пн,"Св. Йоана Золотоустого, архиєп. Царгородського",,так,спеціальний,"святого отця нашого Йоана Золотоустого, архиєпископа Константинограда","святого отця нашого Йоана Золотоустого, архиєпископа Константинограда, якого сьогодні пам'ять торжественно звершуємо","Священик: Христос, істинний Бог наш, молитвами пречистої своєї Матері, заступництвом чесних небесних сил безтілесних, святих, славних і всехвальних апостолів, святого отця нашого Йоана Золотоустого, архиєпископа Константинограда, якого сьогодні пам'ять торжественно звершуємо, святого, якого є храм, і всіх святих, помилує і спасе нас, як благий і чоловіколюбець.","Священик: Христос, істинний Бог наш, молитвами пречистої своєї Матері, заступництвом чесних небесних сил безтілесних, святих, славних і всехвальних апостолів, якого сьогодні пам'ять торжественно звершуємо, святого, якого є храм, і всіх святих, помилує і спасе нас, як благий і чоловіколюбець."
Листопад,14.11,2,вв,Св. і всехв. ап. Филипа,"святого і всехвального апостола Филипа, якого сьогодні пам'ять торжественно звершуємо,",ні,,,,"Священик: Христос, істинний Бог наш, молитвами пречистої своєї Матері, чесного і славного пророка, предтечі і христителя Йоана, святих, славних і всехвальних апостолів, святого отця нашого Йоана Золотоустого, архиєпископа Константинограда, святого, якого є храм, святого і всехвального апостола Филипа, якого сьогодні пам'ять торжественно звершуємо, і всіх святих, помилує і спасе нас, як благий і чоловіколюбець.","Священик: Христос, істинний Бог наш, молитвами пречистої своєї Матері, чесного і славного пророка, предтечі і христителя Йоана, святих, славних і всехвальних апостолів, святого, якого є храм, святого і всехвального апостола Филипа, якого сьогодні пам'ять торжественно звершуємо, і всіх святих, помилує і спасе нас, як благий і чоловіколюбець."
Листопад,15.11,3,ср,"Свв. мчч. й ісповідників Гурія, Самона й Авіва","святих мучеників й ісповідників Гурія, Самона й Авіва,",ні,,,,"Священик: Христос, істинний Бог наш, молитвами пречистої своєї Матері, силою чесного і животворного Хреста, святих, славних і всехвальних апостолів, святого отця нашого Йоана Золотоустого, архиєпископа Константинограда, святого, якого є храм, святих мучеників й ісповідників Гурія, Самона й Авіва, і всіх святих, помилує і спасе нас, як благий і чоловіколюбець.","Священик: Христос, істинний Бог наш, молитвами пречистої своєї Матері, силою чесного і животворного Хреста, святих, славних і всехвальних апостолів, святого, якого є храм, святих мучеників й ісповідників Гурія, Самона й Авіва, і всіх святих, помилує і спасе нас, як благий і чоловіколюбець."
Листопад,16.11,4,чт,Св. ап. і євангелиста Матея,"святого апостола і євангелиста Матея, якого сьогодні пам'ять торжественно звершуємо,",ні,,,,"Священик: Христос, істинний Бог наш, молитвами пречистої своєї Матері, святого отця нашого Миколая, архиєпископа, мирлікійського чудотворця, святих, славних і всехвальних апостолів, святого отця нашого Йоана Золотоустого, архиєпископа Константинограда, святого, якого є храм, святого апостола і євангелиста Матея, якого сьогодні пам'ять торжественно звершуємо, і всіх святих, помилує і спасе нас, як благий і чоловіколюбець.","Священик: Христос, істинний Бог наш, молитвами пречистої своєї Матері, святого отця нашого Миколая, архиєпископа, мирлікійського чудотворця, святих, славних і всехвальних апостолів, святого, якого є храм, святого апостола і євангелиста Матея, якого сьогодні пам'ять торжественно звершуємо, і всіх святих, помилує і спасе нас, як благий і чоловіколюбець."
Листопад,17.11,5,пт,"Св. Григорія, єп. Неокесарійського, чудотворця","во святих отця нашого Григорія, єпископа Неокесарійського, чудотворця,",ні,,,,"Священик: Христос, істинний Бог наш, молитвами пречистої своєї Матері, силою чесного і животворного Хреста, святих, славних і всехвальних апостолів, святого отця нашого Йоана Золотоустого, архиєпископа Константинограда, святого, якого є храм, во святих отця нашого Григорія, єпископа Неокесарійського, чудотворця, і всіх святих, помилує і спасе нас, як благий і чоловіколюбець.","Священик: Христос, істинний Бог наш, молитвами пречистої своєї Матері, силою чесного і животворного Хреста, святих, славних і всехвальних апостолів, святого, якого є храм, во святих отця нашого Григорія, єпископа Неокесарійського, чудотворця, і всіх святих, помилує і спасе нас, як благий і чоловіколюбець."
Листопад,18.11,6,сб,Свв. мчч. Платона й Романа,"святих мучеників Платона й Романа,",ні,,,,"Священик: Христос, істинний Бог наш, молитвами пречистої своєї Матері, силою чесного і животворного Хреста, заступництвом чесних небесних сил безтілесних, чесного, славного пророка, предтечі і христителя Йоана, святих, славних і всехвальних апостолів, святого отця нашого Миколая, архиєпископа мирлікійського, чудотворця, святих славних і переможних мучеників, преподобних і богоносних отців наших, святого отця нашого Йоана Золотоустого, архиєпископа Константинограда, святих і праведних богоотців Йоакима й Анни, святого, якого є храм, святих мучеників Платона й Романа, і всіх святих, помилує і спасе нас, як благий і чоловіколюбець.","Священик: Христос, істинний Бог наш, молитвами пречистої своєї Матері, силою чесного і животворного Хреста, заступництвом чесних небесних сил безтілесних, чесного, славного пророка, предтечі і христителя Йоана, святих, славних і всехвальних апостолів, святого отця нашого Миколая, архиєпископа мирлікійського, чудотворця, святих славних і переможних мучеників, преподобних і богоносних отців наших, святих і праведних богоотців Йоакима й Анни, святого, якого є храм, святих мучеників Платона й Романа, і всіх святих, помилує і спасе нас, як благий і чоловіколюбець."
Листопад,19.11,7,нд,Св. прор. Авдія. Св. мч. Варлаама. {<span>Свщмч. Івана Слезюка},"святого пророка Авдія, святого мученика Варлаама, священномученика Івана Слезюка,",ні,,,,"Священик: Христос, що воскрес із мертвих, істинний Бог наш, молитвами пречистої своєї Матері, святих, славних і всехвальних апостолів, святого отця нашого Йоана Золотоустого, архиєпископа Константинограда, святого, якого є храм, святого пророка Авдія, святого мученика Варлаама, священномученика Івана Слезюка, і всіх святих, помилує і спасе нас, як благий і чоловіколюбець.","Священик: Христос, що воскрес із мертвих, істинний Бог наш, молитвами пречистої своєї Матері, святих, славних і всехвальних апостолів, святого, якого є храм, святого пророка Авдія, святого мученика Варлаама, священномученика Івана Слезюка, і всіх святих, помилує і спасе нас, як благий і чоловіколюбець."
Листопад,20.11,1,пн,"Передсвяття Введення у храм Пресв. Богородиці. Прп. Григорія Декаполіта. Св. Прокла, архиєп. Царгородського","преподобної матері нашої Йосафати Гордашевської, якої сьогодні пам'ять торжественно звершуємо, святого преподобного Григорія Декаполіта, святого отця нашого Прокла, архиєпископа Царгородського, блаженного священномученика Йосафата Коциловського, єпископа Перемишльського,",ні,,,,"Священик: Христос, істинний Бог наш, молитвами пречистої своєї Матері, заступництвом чесних небесних сил безтілесних, святих, славних і всехвальних апостолів, святого отця нашого Йоана Золотоустого, архиєпископа Константинограда, святого, якого є храм, преподобної матері нашої Йосафати Гордашевської, якої сьогодні пам'ять торжественно звершуємо, святого преподобного Григорія Декаполіта, святого отця нашого Прокла, архиєпископа Царгородського, блаженного священномученика Йосафата Коциловського, єпископа Перемишльського, і всіх святих, помилує і спасе нас, як благий і чоловіколюбець.","Священик: Христос, істинний Бог наш, молитвами пречистої своєї Матері, заступництвом чесних небесних сил безтілесних, святих, славних і всехвальних апостолів, святого, якого є храм, преподобної матері нашої Йосафати Гордашевської, якої сьогодні пам'ять торжественно звершуємо, святого преподобного Григорія Декаполіта, святого отця нашого Прокла, архиєпископа Царгородського, блаженного священномученика Йосафата Коциловського, єпископа Перемишльського, і всіх святих, помилує і спасе нас, як благий і чоловіколюбець."
Листопад,21.11,2,вв,Введення у храм Пресвятої Владичиці нашої Богородиці і Приснодіви Марії,Введення у храм Пресвятої Владичиці нашої Богородиці і Приснодіви Марії,так,свято,,,"Священик: Христос, істинний Бог наш, молитвами пречистої своєї Матері, якої Входу в храм сьогодні торжественний празник світло звершуємо, святих, славних і всехвальних апостолів, святого отця нашого Йоана Золотоустого, архиєпископа Константинограда, і всіх святих, помилує і спасе нас, як благий і чоловіколюбець.","Священик: Христос, істинний Бог наш, молитвами пречистої своєї Матері, якої Входу в храм сьогодні торжественний празник світло звершуємо, святих, славних і всехвальних апостолів, і всіх святих, помилує і спасе нас, як благий і чоловіколюбець."
Листопад,22.11,3,ср,"Св. ап. Филимона і тих, що з ним","святого апостола Филимона і тих, що з ним,",так,посвяття,"молитвами пречистої своєї Матері, ","молитвами пречистої своєї Матері, якої Входу в храм сьогодні торжественний празник світло звершуємо, ","Священик: Христос, істинний Бог наш, молитвами пречистої своєї Матері, якої Входу в храм празник звершуємо, святих, славних і всехвальних апостолів, святого отця нашого Йоана Золотоустого, архиєпископа Константинограда, святого, якого є храм, святого апостола Филимона і тих, що з ним, і всіх святих, помилує і спасе нас, як благий і чоловіколюбець.","Священик: Христос, істинний Бог наш, молитвами пречистої своєї Матері, якої Входу в храм празник звершуємо, святих, славних і всехвальних апостолів, святого, якого є храм, святого апостола Филимона і тих, що з ним, і всіх святих, помилує і спасе нас, як благий і чоловіколюбець."
Листопад,23.11,4,чт,"Свв. Амфілохія, єп. Іконійського, і Григорія, єп. Акрагантійського","святителя отця нашого Амфілохія, єпископа Іконійського, святого Григорія, єпископа Акрагантійського,",так,посвяття,"молитвами пречистої своєї Матері, ","молитвами пречистої своєї Матері, якої Входу в храм сьогодні торжественний празник світло звершуємо, ","Священик: Христос, істинний Бог наш, молитвами пречистої своєї Матері, якої Входу в храм празник звершуємо, святого отця нашого Миколая, архиєпископа, мирлікійського чудотворця, святих, славних і всехвальних апостолів, святого отця нашого Йоана Золотоустого, архиєпископа Константинограда, святого, якого є храм, святителя отця нашого Амфілохія, єпископа Іконійського, святого Григорія, єпископа Акрагантійського, і всіх святих, помилує і спасе нас, як благий і чоловіколюбець.","Священик: Христос, істинний Бог наш, молитвами пречистої своєї Матері, якої Входу в храм празник звершуємо, святого отця нашого Миколая, архиєпископа, мирлікійського чудотворця, святих, славних і всехвальних апостолів, святого, якого є храм, святителя отця нашого Амфілохія, єпископа Іконійського, святого Григорія, єпископа Акрагантійського, і всіх святих, помилує і спасе нас, як благий і чоловіколюбець."
Листопад,24.11,5,пт,Св. влкмч. Катерини. Св. влкмч. Меркурія,"святої великомучениці Катерини, святого великомученика Меркурія",так,посвяття,"молитвами пречистої своєї Матері, ","молитвами пречистої своєї Матері, якої Входу в храм сьогодні торжественний празник світло звершуємо, ","Священик: Христос, істинний Бог наш, молитвами пречистої своєї Матері, якої Входу в храм празник звершуємо, святих, славних і всехвальних апостолів, святого отця нашого Йоана Золотоустого, архиєпископа Константинограда, святого, якого є храм, святої великомучениці Катерини, святого великомученика Меркурія і всіх святих, помилує і спасе нас, як благий і чоловіколюбець.","Священик: Христос, істинний Бог наш, молитвами пречистої своєї Матері, якої Входу в храм празник звершуємо, святих, славних і всехвальних апостолів, святого, якого є храм, святої великомучениці Катерини, святого великомученика Меркурія і всіх святих, помилує і спасе нас, як благий і чоловіколюбець."
Листопад,25.11,6,сб,"Відданння свята Введення. Свв. і свщмчч. Климента, папи Римського, і Петра, єп. Олександрійського","святих отців наших і священномучеників Климента, папи Римського, і Петра, єпископа Олександрійського",так,віддання,"молитвами пречистої своєї Матері, ","молитвами пречистої своєї Матері, якої Входу в храм сьогодні торжественний празник світло звершуємо, ","Священик: Христос, істинний Бог наш, молитвами пречистої своєї Матері, якої Входу в храм празник звершуємо, святих, славних і всехвальних апостолів, святого отця нашого Йоана Золотоустого, архиєпископа Константинограда, святих отців наших і священномучеників Климента, папи Римського, і Петра, єпископа Олександрійського і всіх святих, помилує і спасе нас, як благий і чоловіколюбець.","Священик: Христос, істинний Бог наш, молитвами пречистої своєї Матері, якої Входу в храм празник звершуємо, святих, славних і всехвальних апостолів, святих отців наших і священномучеників Климента, папи Римського, і Петра, єпископа Олександрійського і всіх святих, помилує і спасе нас, як благий і чоловіколюбець."
Листопад,26.11,7,нд,"Прп. Аліпія Стовпника. Пам'ять посвячення храму св. влкмч. Юрія, що в Києві перед воротами Св. Софії","святого преподобного Аліпія Стовпника, святого великомученика Юрія,",ні,,,,"Священик: Христос, що воскрес із мертвих, істинний Бог наш, молитвами пречистої своєї Матері, святих, славних і всехвальних апостолів, святого отця нашого Йоана Золотоустого, архиєпископа Константинограда, святого, якого є храм, святого преподобного Аліпія Стовпника, святого великомученика Юрія, і всіх святих, помилує і спасе нас, як благий і чоловіколюбець.","Священик: Христос, що воскрес із мертвих, істинний Бог наш, молитвами пречистої своєї Матері, святих, славних і всехвальних апостолів, святого, якого є храм, святого преподобного Аліпія Стовпника, святого великомученика Юрія, і всіх святих, помилує і спасе нас, як благий і чоловіколюбець."
Листопад,27.11,1,пн,Св. влкмч. Якова Персянина. Прп. Палладія,"святого великомученика Якова Перського, преподобного отця нашого Палладія",ні,,,,"Священик: Христос, істинний Бог наш, молитвами пречистої своєї Матері, заступництвом чесних небесних сил безтілесних, святих, славних і всехвальних апостолів, святого отця нашого Йоана Золотоустого, архиєпископа Константинограда, святого, якого є храм, святого великомученика Якова Перського, преподобного отця нашого Палладія і всіх святих, помилує і спасе нас, як благий і чоловіколюбець.","Священик: Христос, істинний Бог наш, молитвами пречистої своєї Матері, заступництвом чесних небесних сил безтілесних, святих, славних і всехвальних апостолів, святого, якого є храм, святого великомученика Якова Перського, преподобного отця нашого Палладія і всіх святих, помилує і спасе нас, як благий і чоловіколюбець."
Листопад,28.11,2,вв,Прпмч. Стефана Нового. Св. мч. Іринарха,"преподобномученика Стефана Нового, святого мученика Іринарха",ні,,,,"Священик: Христос, істинний Бог наш, молитвами пречистої своєї Матері, чесного і славного пророка, предтечі і христителя Йоана, святих, славних і всехвальних апостолів, святого отця нашого Йоана Золотоустого, архиєпископа Константинограда, святого, якого є храм, преподобномученика Стефана Нового, святого мученика Іринарха і всіх святих, помилує і спасе нас, як благий і чоловіколюбець.","Священик: Христос, істинний Бог наш, молитвами пречистої своєї Матері, чесного і славного пророка, предтечі і христителя Йоана, святих, славних і всехвальних апостолів, святого, якого є храм, преподобномученика Стефана Нового, святого мученика Іринарха і всіх святих, помилує і спасе нас, як благий і чоловіколюбець."
Листопад,29.11,3,ср,"Св. мч. Парамона. Св. мч. Філумена. Прп. Акакія, що згадується в «Ліствиці»","святого мученика Парамона, святого мученика Філумена, преподобного Акакія, що згадується в «Ліствиці»,",ні,,,,"Священик: Христос, істинний Бог наш, молитвами пречистої своєї Матері, силою чесного і животворного Хреста, святих, славних і всехвальних апостолів, святого отця нашого Йоана Золотоустого, архиєпископа Константинограда, святого, якого є храм, святого мученика Парамона, святого мученика Філумена, преподобного Акакія, що згадується в «Ліствиці», і всіх святих, помилує і спасе нас, як благий і чоловіколюбець.","Священик: Христос, істинний Бог наш, молитвами пречистої своєї Матері, силою чесного і животворного Хреста, святих, славних і всехвальних апостолів, святого, якого є храм, святого мученика Парамона, святого мученика Філумена, преподобного Акакія, що згадується в «Ліствиці», і всіх святих, помилує і спасе нас, як благий і чоловіколюбець."
Листопад,30.11,4,чт,Св. всехв. ап. Андрея Первозванного,"святого всехвального апостола Андрея Первозванного, якого сьогодні пам'ять торжественно звершуємо,",ні,,,,"Священик: Христос, істинний Бог наш, молитвами пречистої своєї Матері, святого отця нашого Миколая, архиєпископа, мирлікійського чудотворця, святих, славних і всехвальних апостолів, святого отця нашого Йоана Золотоустого, архиєпископа Константинограда, святого, якого є храм, святого всехвального апостола Андрея Первозванного, якого сьогодні пам'ять торжественно звершуємо, і всіх святих, помилує і спасе нас, як благий і чоловіколюбець.","Священик: Христос, істинний Бог наш, молитвами пречистої своєї Матері, святого отця нашого Миколая, архиєпископа, мирлікійського чудотворця, святих, славних і всехвальних апостолів, святого, якого є храм, святого всехвального апостола Андрея Первозванного, якого сьогодні пам'ять торжественно звершуємо, і всіх святих, помилує і спасе нас, як благий і чоловіколюбець."