month,date,day,custom troparia,1-trop1,1-trop2,1-kond,3-trop1,3-trop2,3-kond,6-trop1,6-trop2,6-kond,9-trop1,9-trop2,9-kond,,
11,2023.11.01,3,y,,saint,saint,,saint,saint,,saint,saint,,saint,saint,,
11,2023.11.02,4,,,,,,,,,,,,,,,
11,2023.11.03,5,,,,,,,,,,,,,,,
11,2023.11.04,6,,,,,,,,,,,,,,,
11,2023.11.05,7,,,resurrection,resurrection,resurrection,saint,saint,,resurrection,resurrection,resurrection,saint,saint,,
11,2023.11.06,1,,,,,,,,,,,,,,,
11,2023.11.07,2,,,,,,,,,,,,,,,
11,2023.11.08,3,y,,saint,saint,,saint,saint,,saint,saint,,saint,saint,,
11,2023.11.09,4,,,,,,,,,,,,,,,
11,2023.11.10,5,,,,,,,,,,,,,,,
11,2023.11.11,6,,,,,,,,,,,,,,,
11,2023.11.12,7,y,resurrection,saint,resurrection,resurrection,saint,saint,resurrection,saint,resurrection,resurrection,saint,saint,,
11,2023.11.13,1,y,,saint,saint,,saint,saint,,saint,saint,,saint,saint,,
11,2023.11.14,2,y,,saint,saint,,saint,saint,,saint,saint,,saint,saint,,
11,2023.11.15,3,,,,,,,,,,,,,,,
11,2023.11.16,4,y,,saint,saint,,saint,saint,,saint,saint,,saint,saint,,
11,2023.11.17,5,,,,,,,,,,,,,,,
11,2023.11.18,6,,,,,,,,,,,,,,,
11,2023.11.19,7,,,resurrection,resurrection,resurrection,saint,saint,,resurrection,resurrection,resurrection,saint,saint,,
11,2023.11.20,1,y,feast,saint,feast,feast,saint,saint,feast,saint,feast,feast,saint,saint,,
11,2023.11.21,2,y,,feast,feast,,feast,feast,,feast,feast,,feast,feast,,
11,2023.11.22,3,y,,feast,feast,feast,saint,saint,,feast,feast,feast,saint,saint,,
11,2023.11.23,4,y,,feast,feast,feast,saint,saint,,feast,feast,feast,saint,saint,,
11,2023.11.24,5,y,,feast,feast,feast,saint,saint,,feast,feast,feast,saint,saint,,
11,2023.11.25,6,y,,feast,feast,,feast,feast,,feast,feast,,feast,feast,,
11,2023.11.26,7,y,,resurrection,resurrection,resurrection,saint,saint,,resurrection,resurrection,resurrection,saint,saint,,
11,2023.11.27,1,,,,,,,,,,,,,,,
11,2023.11.28,2,,,,,,,,,,,,,,,
11,2023.11.29,3,,,,,,,,,,,,,,,
11,2023.11.30,4,y,,saint,saint,,saint,saint,,saint,saint,,saint,saint,,
12,2023.12.01,5,,,,,,,,,,,,,,,
12,2023.12.02,6,,,,,,,,,,,,,,,
12,2023.12.03,7,y,,resurrection,resurrection,resurrection,saint,saint,,resurrection,resurrection,resurrection,saint,saint,,
12,2023.12.04,1,,,,,,,,,,,,,,,
12,2023.12.05,2,y,,saint,saint,,saint,saint,,saint,saint,,saint,saint,,
12,2023.12.06,3,y,,saint,saint,,saint,saint,,saint,saint,,saint,saint,,
12,2023.12.07,4,,,,,,,,,,,,,,,
12,2023.12.08,5,,,,,,,,,,,,,,,
12,2023.12.09,6,y,,saint,saint,,saint,saint,,saint,saint,,saint,saint,,
12,2023.12.10,7,y,,resurrection,resurrection,resurrection,saint,saint,,resurrection,resurrection,resurrection,saint,saint,,
12,2023.12.11,1,,,,,,,,,,,,,,,
12,2023.12.12,2,,,,,,,,,,,,,,,
12,2023.12.13,3,y,,saint,saint,,saint,saint,,saint,saint,,saint,saint,,
12,2023.12.14,4,,,,,,,,,,,,,,,
12,2023.12.15,5,,,,,,,,,,,,,,,
12,2023.12.16,6,,,,,,,,,,,,,,,
12,2023.12.17,7,y,,resurrection,resurrection,resurrection,saint,saint,,resurrection,resurrection,resurrection,saint,saint,,
12,2023.12.18,1,,,,,,,,,,,,,,,
12,2023.12.19,2,y,,feast,feast,feast,saint,saint,,feast,feast,feast,saint,saint,,
12,2023.12.20,3,y,,feast,feast,feast,saint,saint,,feast,feast,feast,saint,saint,,
12,2023.12.21,4,y,,feast,feast,feast,saint,saint,,feast,feast,feast,saint,saint,,
12,2023.12.22,5,y,,feast,feast,,feast,feast,,feast,feast,,feast,feast,,
12,2023.12.23,6,y,,feast,feast,feast,saint,saint,,feast,feast,feast,saint,saint,,
12,2023.12.24,7,y,resurrection,saint,saint,resurrection,saint,feast,resurrection,saint,saint,resurrection,saint,feast,,
12,2023.12.25,1,y,,feast,feast,,feast,feast,,feast,feast,,feast,feast,,
12,2023.12.26,2,y,,feast,saint,,feast,saint,,feast,saint,,feast,saint,,
12,2023.12.27,3,y,,feast,feast,feast,saint,saint,,feast,feast,feast,saint,saint,,
12,2023.12.28,4,y,,feast,feast,feast,saint,saint,,feast,feast,feast,saint,saint,,
12,2023.12.29,5,y,,feast,feast,feast,saint,saint,,feast,feast,feast,saint,saint,,
12,2023.12.30,6,y,,feast,feast,feast,saint,saint,,feast,feast,feast,saint,saint,,
12,2023.12.31,7,y,resurrection,feast,feast,resurrection,saint,saint,resurrection,feast,feast,resurrection,saint,saint,,
1,2024.01.01,1,y,feast,feast,feast,feast,feast,feast,feast,feast,feast,feast,feast,feast,,
1,2024.01.02,2,y,,feast,feast,feast,saint,saint,,feast,feast,feast,saint,saint,,
1,2024.01.03,3,y,,feast,feast,feast,saint,saint,,feast,feast,feast,saint,saint,,
1,2024.01.04,4,y,,feast,feast,feast,saint,saint,,feast,feast,feast,saint,saint,,
1,2024.01.05,5,y,,feast,feast,feast,saint,saint,,feast,feast,feast,saint,saint,,
1,2024.01.06,6,y,,feast,feast,,feast,feast,,feast,feast,,feast,feast,,
1,2024.01.07,7,y,resurrection,feast,feast,resurrection,saint,saint,resurrection,feast,feast,resurrection,saint,saint,,
1,2024.01.08,1,y,,feast,feast,feast,saint,saint,,feast,feast,feast,saint,saint,,
1,2024.01.09,2,y,,feast,feast,feast,saint,saint,,feast,feast,feast,saint,saint,,
1,2024.01.10,3,y,,feast,feast,feast,saint,saint,,feast,feast,feast,saint,saint,,
1,2024.01.11,4,y,feast,saint,feast,feast,saint,saint,feast,saint,feast,feast,saint,saint,,
1,2024.01.12,5,y,,feast,feast,feast,saint,saint,,feast,feast,feast,saint,saint,,
1,2024.01.13,6,y,,feast,feast,feast,saint,saint,,feast,feast,feast,saint,saint,,
1,2024.01.14,7,y,resurrection,feast,resurrection,resurrection,feast,feast,resurrection,feast,resurrection,resurrection,feast,feast,,
1,2024.01.15,1,,,,,,,,,,,,,,,
1,2024.01.16,2,,,,,,,,,,,,,,,
1,2024.01.17,3,y,,saint,saint,,saint,saint,,saint,saint,,saint,saint,,
1,2024.01.18,4,,,,,,,,,,,,,,,
1,2024.01.19,5,,,,,,,,,,,,,,,
1,2024.01.20,6,y,,saint,saint,,saint,saint,,saint,saint,,saint,saint,,
1,2024.01.21,7,y,,resurrection,resurrection,resurrection,saint,saint,,resurrection,resurrection,resurrection,saint,saint,,
1,2024.01.22,1,,,,,,,,,,,,,,,
1,2024.01.23,2,y,,saint,saint,,saint,saint,,saint,saint,,saint,saint,,
1,2024.01.24,3,,,,,,,,,,,,,,,
1,2024.01.25,4,y,,saint,saint,,saint,saint,,saint,saint,,saint,saint,,
1,2024.01.26,5,,,,,,,,,,,,,,,
1,2024.01.27,6,y,,saint,saint,,saint,saint,,saint,saint,,saint,saint,,
1,2024.01.28,7,,,resurrection,resurrection,resurrection,saint,saint,,resurrection,resurrection,resurrection,saint,saint,,
1,2024.01.29,1,,,,,,,,,,,,,,,
1,2024.01.30,2,y,,saint,saint,,saint,saint,,saint,saint,,saint,saint,,
1,2024.01.31,3,,,,,,,,,,,,,,,
2,2024.02.01,4,y,,feast,feast,feast,saint,saint,,feast,feast,feast,saint,saint,,
2,2024.02.02,5,y,,feast,feast,,feast,feast,,feast,feast,,feast,feast,,
2,2024.02.03,6,y,,feast,feast,feast,saint,saint,,feast,feast,feast,saint,saint,,
2,2024.02.04,7,y,resurrection,feast,feast,resurrection,saint,saint,resurrection,feast,feast,resurrection,saint,saint,,
2,2024.02.05,1,y,,feast,feast,feast,saint,saint,,feast,feast,feast,saint,saint,,
2,2024.02.06,2,y,,feast,feast,feast,saint,saint,,feast,feast,feast,saint,saint,,
2,2024.02.07,3,y,,feast,feast,feast,saint,saint,,feast,feast,feast,saint,saint,,
2,2024.02.08,4,y,,feast,feast,feast,saint,saint,,feast,feast,feast,saint,saint,,
2,2024.02.09,5,y,,feast,feast,,feast,feast,,feast,feast,,feast,feast,,
2,2024.02.10,6,,,,,,,,,,,,,,,
2,2024.02.11,7,y,,resurrection,resurrection,resurrection,saint,saint,,resurrection,resurrection,resurrection,saint,saint,,
2,2024.02.12,1,,,,,,,,,,,,,,,
2,2024.02.13,2,,,,,,,,,,,,,,,
2,2024.02.14,3,,,,,,,,,,,,,,,
2,2024.02.15,4,,,,,,,,,,,,,,,
2,2024.02.16,5,,,,,,,,,,,,,,,
2,2024.02.17,6,,,,,,,,,,,,,,,
2,2024.02.18,7,y,,resurrection,resurrection,resurrection,saint,saint,,resurrection,resurrection,resurrection,saint,saint,,
2,2024.02.19,1,,,,,,,,,,,,,,,
2,2024.02.20,2,,,,,,,,,,,,,,,
2,2024.02.21,3,,,,,,,,,,,,,,,
2,2024.02.22,4,,,,,,,,,,,,,,,
2,2024.02.23,5,,,,,,,,,,,,,,,
2,2024.02.24,6,y,,saint,saint,,saint,saint,,saint,saint,,saint,saint,,
2,2024.02.25,7,y,,resurrection,feast,,resurrection,feast,,resurrection,feast,,resurrection,feast,,
2,2024.02.26,1,,,,,,,,,,,,,,,
2,2024.02.27,2,,,,,,,,,,,,,,,
2,2024.02.28,3,,,,,,,,,,,,,,,
2,2024.02.29,4,,,,,,,,,,,,,,,
3,2024.03.01,5,,,,,,,,,,,,,,,
3,2024.03.02,6,,,,,,,,,,,,,,,
3,2024.03.03,7,y,,resurrection,triodion,,resurrection,triodion,,resurrection,triodion,,resurrection,triodion,,
3,2024.03.04,1,,,,,,,,,,,,,,,
3,2024.03.05,2,,,,,,,,,,,,,,,
3,2024.03.06,3,,,,,,,,,,,,,,,
3,2024.03.07,4,,,,,,,,,,,,,,,
3,2024.03.08,5,y,,triodion,triodion,,triodion,triodion,,triodion,triodion,,triodion,triodion,,
3,2024.03.09,6,,,,,,,,,,,,,,,
3,2024.03.10,7,y,,resurrection,triodion,,resurrection,triodion,,resurrection,triodion,,resurrection,triodion,,
3,2024.03.11,1,,,,,,,,,,,,,,,
3,2024.03.12,2,,,,,,,,,,,,,,,
3,2024.03.13,3,y,,,,,,,,,,,,,,
3,2024.03.14,4,,,,,,,,,,,,,,,
3,2024.03.15,5,y,,,,,,,,,,,,,,
3,2024.03.16,6,,,,,,,,,,,,,,,
3,2024.03.17,7,y,,resurrection,triodion,,resurrection,triodion,,resurrection,triodion,,resurrection,triodion,,
3,2024.03.18,1,y,,,,,,,,,,,,,,
3,2024.03.19,2,y,,,,,,,,,,,,,,
3,2024.03.20,3,y,,,,,,,,,,,,,,
3,2024.03.21,4,y,,,,,,,,,,,,,,
3,2024.03.22,5,y,,,,,,,,,,,,,,
3,2024.03.23,6,y,,,,,,,,,,,,,,
3,2024.03.24,7,y,resurrection,triodion,triodion,resurrection,saint,saint,resurrection,triodion,triodion,resurrection,saint,saint,,
3,2024.03.25,1,y,,,,,,,,,,,,,,
3,2024.03.26,2,y,,,,,,,,,,,,,,
3,2024.03.27,3,y,,,,,,,,,,,,,,
3,2024.03.28,4,y,,,,,,,,,,,,,,
3,2024.03.29,5,y,,,,,,,,,,,,,,
3,2024.03.30,6,y,,,,,,,,,,,,,,
3,2024.03.31,7,y,,resurrection,triodion,resurrection,saint,saint,,resurrection,triodion,resurrection,saint,saint,,
4,2024.04.01,1,n,,,,,,,,,,,,,,
4,2024.04.02,2,n,,,,,,,,,,,,,,
4,2024.04.03,3,n,,,,,,,,,,,,,,
4,2024.04.04,4,n,,,,,,,,,,,,,,
4,2024.04.05,5,n,,,,,,,,,,,,,,
4,2024.04.06,6,n,,,,,,,,,,,,,,
4,2024.04.07,7,y,resurrection,triodion,triodion,resurrection,triodion,triodion,resurrection,triodion,triodion,resurrection,triodion,triodion,,
4,2024.04.08,1,n,,,,,,,,,,,,,,
4,2024.04.09,2,n,,,,,,,,,,,,,,
4,2024.04.10,3,n,,,,,,,,,,,,,,
4,2024.04.11,4,n,,,,,,,,,,,,,,
4,2024.04.12,5,n,,,,,,,,,,,,,,
4,2024.04.13,6,n,,,,,,,,,,,,,,
4,2024.04.14,7,y,,resurrection,resurrection,resurrection,triodion,triodion,,resurrection,resurrection,resurrection,triodion,triodion,,
4,2024.04.15,1,n,,,,,,,,,,,,,,
4,2024.04.16,2,n,,,,,,,,,,,,,,
4,2024.04.17,3,n,,,,,,,,,,,,,,
4,2024.04.18,4,n,,,,,,,,,,,,,,
4,2024.04.19,5,n,,,,,,,,,,,,,,
4,2024.04.20,6,n,,,,,,,,,,,,,,
4,2024.04.21,7,y,,resurrection,resurrection,resurrection,triodion,triodion,,resurrection,resurrection,resurrection,triodion,triodion,,
4,2024.04.22,1,n,,,,,,,,,,,,,,
4,2024.04.23,2,n,,,,,,,,,,,,,,додати шаблон для пісних поліелейнх днів
4,2024.04.24,3,n,,,,,,,,,,,,,,
4,2024.04.25,4,n,,,,,,,,,,,,,,
4,2024.04.26,5,n,,,,,,,,,,,,,,
4,2024.04.27,6,n,,,,,,,,,,,,,,
4,2024.04.28,7,n,,triodion,triodion,,triodion,triodion,,triodion,triodion,,triodion,triodion,,
4,2024.04.29,1,n,,,,,,,,,,,,,,
4,2024.04.30,2,n,,,,,,,,,,,,,,
5,2024.05.01,3,n,,,,,,,,,,,,,,
5,2024.05.02,4,n,,,,,,,,,,,,,,
5,2024.05.03,5,n,,,,,,,,,,,,,,
5,2024.05.04,6,n,,,,,,,,,,,,,,
5,2024.05.05,7,n,,,,,,,,,,,,,,
5,2024.05.06,1,n,,,,,,,,,,,,,,
5,2024.05.07,2,n,,,,,,,,,,,,,,
5,2024.05.08,3,n,,,,,,,,,,,,,,
5,2024.05.09,4,n,,,,,,,,,,,,,,
5,2024.05.10,5,n,,,,,,,,,,,,,,
5,2024.05.11,6,n,,,,,,,,,,,,,,
5,2024.05.12,7,n,,,,,,,,,,,,,,
5,2024.05.13,1,y,,triodion,triodion,triodion,saint,saint,,triodion,triodion,triodion,saint,saint,,
5,2024.05.14,2,y,,triodion,triodion,triodion,saint,saint,,triodion,triodion,triodion,saint,saint,,
5,2024.05.15,3,y,,triodion,triodion,triodion,saint,saint,,triodion,triodion,triodion,saint,saint,,
5,2024.05.16,4,y,,triodion,triodion,triodion,saint,saint,,triodion,triodion,triodion,saint,saint,,
5,2024.05.17,5,y,,triodion,triodion,triodion,saint,saint,,triodion,triodion,triodion,saint,saint,,
5,2024.05.18,6,y,,triodion,triodion,triodion,saint,saint,,triodion,triodion,triodion,saint,saint,,
5,2024.05.19,7,n,,,,,,,,,,,,,,
5,2024.05.20,1,y,,triodion,feast,resurrection,saint,saint,,feast,feast,triodion,saint,saint,,
5,2024.05.21,2,y,triodion,saint,feast,resurrection,saint,saint,feast,saint,feast,triodion,saint,saint,,
5,2024.05.22,3,y,,triodion,feast,resurrection,saint,saint,,feast,feast,triodion,saint,saint,,
5,2024.05.23,4,y,,triodion,feast,resurrection,saint,saint,,feast,feast,triodion,saint,saint,,
5,2024.05.24,5,y,,triodion,feast,resurrection,saint,saint,,feast,feast,triodion,saint,saint,,
5,2024.05.25,6,y,triodion,saint,feast,resurrection,saint,saint,feast,saint,feast,triodion,saint,saint,,
5,2024.05.26,7,n,,,,,,,,,,,,,,
5,2024.05.27,1,y,,resurrection,triodion,resurrection,saint,saint,,resurrection,triodion,resurrection,saint,saint,,
5,2024.05.28,2,y,,resurrection,triodion,resurrection,saint,saint,,resurrection,triodion,resurrection,saint,saint,,
5,2024.05.29,3,n,,,,,,,,,,,,,,
5,2024.05.30,4,y,,resurrection,triodion,resurrection,saint,saint,,resurrection,triodion,resurrection,saint,saint,,
5,2024.05.31,5,y,,resurrection,triodion,resurrection,saint,saint,,resurrection,triodion,resurrection,saint,saint,,
6,2024.06.01,6,y,,triodion,triodion,triodion,saint,saint,,triodion,triodion,triodion,saint,saint,,
6,2024.06.02,7,n,resurrection,feast,feast,resurrection,feast,triodion,resurrection,feast,feast,resurrection,feast,triodion,,
6,2024.06.03,1,y,,triodion,triodion,triodion,saint,saint,,triodion,triodion,triodion,saint,saint,,
6,2024.06.04,2,y,,triodion,triodion,triodion,saint,saint,,triodion,triodion,triodion,saint,saint,,
6,2024.06.05,3,n,,triodion,triodion,,triodion,triodion,,triodion,triodion,,triodion,triodion,,
6,2024.06.06,4,y,,resurrection,triodion,resurrection,saint,saint,,resurrection,triodion,resurrection,saint,saint,,
6,2024.06.07,5,y,,resurrection,triodion,resurrection,saint,saint,,resurrection,triodion,resurrection,saint,saint,,
6,2024.06.08,6,y,,resurrection,triodion,resurrection,saint,saint,,resurrection,triodion,resurrection,saint,saint,,
6,2024.06.09,7,y,,resurrection,triodion,,resurrection,triodion,,resurrection,triodion,,resurrection,triodion,,
6,2024.06.10,1,y,,resurrection,triodion,resurrection,saint,saint,,resurrection,triodion,resurrection,saint,saint,,
6,2024.06.11,2,y,resurrection,saint,triodion,resurrection,saint,saint,resurrection,saint,triodion,resurrection,saint,saint,,
6,2024.06.12,3,y,,resurrection,triodion,,resurrection,triodion,,resurrection,triodion,,resurrection,triodion,,
6,2024.06.13,4,n,,triodion,triodion,,triodion,triodion,,triodion,triodion,,triodion,triodion,,
6,2024.06.14,5,y,,triodion,triodion,triodion,saint,saint,,triodion,triodion,triodion,saint,saint,,
6,2024.06.15,6,y,,triodion,triodion,triodion,saint,saint,,triodion,triodion,triodion,saint,saint,,
6,2024.06.16,7,n,resurrection,triodion,triodion,resurrection,triodion,triodion,resurrection,triodion,triodion,resurrection,triodion,triodion,,
6,2024.06.17,1,y,,triodion,triodion,triodion,saint,saint,,triodion,triodion,triodion,saint,saint,,
6,2024.06.18,2,y,,triodion,triodion,triodion,saint,saint,,triodion,triodion,triodion,saint,saint,,
6,2024.06.19,3,y,triodion,saint,triodion,triodion,saint,saint,triodion,saint,triodion,triodion,saint,saint,,
6,2024.06.20,4,y,,triodion,triodion,triodion,saint,saint,,triodion,triodion,triodion,saint,saint,,
6,2024.06.21,5,n,,triodion,triodion,,triodion,triodion,,triodion,triodion,,triodion,triodion,,
6,2024.06.22,6,n,,,,,,,,,,,,,,
6,2024.06.23,7,n,,,,,,,,,,,,,,
6,2024.06.24,1,n,,triodion,triodion,,triodion,triodion,,triodion,triodion,,triodion,triodion,,
6,2024.06.25,2,y,triodion,saint,triodion,triodion,saint,saint,triodion,saint,triodion,triodion,saint,saint,,
6,2024.06.26,3,y,,triodion,triodion,triodion,saint,saint,,triodion,triodion,triodion,saint,saint,,
6,2024.06.27,4,y,triodion,saint,triodion,triodion,saint,saint,triodion,saint,triodion,triodion,saint,saint,,
6,2024.06.28,5,y,,triodion,triodion,triodion,saint,saint,,triodion,triodion,triodion,saint,saint,,
6,2024.06.29,6,y,triodion,saint,triodion,triodion,saint,saint,triodion,saint,triodion,triodion,saint,saint,,
6,2024.06.30,7,n,resurrection,triodion,triodion,resurrection,triodion,triodion,resurrection,triodion,triodion,resurrection,triodion,triodion,,
7,2024.07.01,1,,,,,,,,,,,,,,,
7,2024.07.02,2,y,,saint,saint,,saint,saint,,saint,saint,,saint,saint,,
7,2024.07.03,3,,,,,,,,,,,,,,,
7,2024.07.04,4,n,,,,,,,,,,,,,,
7,2024.07.05,5,y,,saint,saint,,saint,saint,,saint,saint,,saint,saint,,
7,2024.07.06,6,,,,,,,,,,,,,,,
7,2024.07.07,7,y,resurrection,feast,feast,resurrection,feast,feast,resurrection,feast,feast,resurrection,feast,feast,,
7,2024.07.08,1,,,,,,,,,,,,,,,
7,2024.07.09,2,,,,,,,,,,,,,,,
7,2024.07.10,3,y,,saint,saint,,saint,saint,,saint,saint,,saint,saint,,
7,2024.07.11,4,y,,saint,saint,,saint,saint,,saint,saint,,saint,saint,,
7,2024.07.12,5,,,,,,,,,,,,,,,
7,2024.07.13,6,,,,,,,,,,,,,,,
7,2024.07.14,7,y,resurrection,feast,resurrection,resurrection,feast,feast,resurrection,feast,resurrection,resurrection,feast,feast,,
7,2024.07.15,1,y,,saint,saint,,saint,saint,,saint,saint,,saint,saint,,
7,2024.07.16,2,,,,,,,,,,,,,,,
7,2024.07.17,3,,,,,,,,,,,,,,,
7,2024.07.18,4,,,,,,,,,,,,,,,
7,2024.07.19,5,,,,,,,,,,,,,,,
7,2024.07.20,6,y,,saint,saint,,saint,saint,,saint,saint,,saint,saint,,
7,2024.07.21,7,y,,resurrection,resurrection,resurrection,saint,saint,,resurrection,resurrection,resurrection,saint,saint,,
7,2024.07.22,1,,,,,,,,,,,,,,,
7,2024.07.23,2,,,,,,,,,,,,,,,
7,2024.07.24,3,y,,saint,saint,,saint,saint,,saint,saint,,saint,saint,,
7,2024.07.25,4,y,,saint,saint,,saint,saint,,saint,saint,,saint,saint,,
7,2024.07.26,5,,,,,,,,,,,,,,,
7,2024.07.27,6,y,,saint,saint,,saint,saint,,saint,saint,,saint,saint,,
7,2024.07.28,7,y,,resurrection,resurrection,resurrection,saint,saint,,resurrection,resurrection,resurrection,saint,saint,,
7,2024.07.29,1,,,,,,,,,,,,,,,
7,2024.07.30,2,,,,,,,,,,,,,,,
7,2024.07.31,3,y,,feast,feast,feast,saint,saint,,feast,feast,feast,saint,saint,,
8,2024.08.01,4,y,,feast,feast,feast,saint,saint,,feast,feast,feast,saint,saint,,
8,2024.08.02,5,,,,,,,,,,,,,,,
8,2024.08.03,6,,,,,,,,,,,,,,,
8,2024.08.04,7,y,,resurrection,resurrection,resurrection,saint,saint,,resurrection,resurrection,resurrection,saint,saint,,
8,2024.08.05,1,y,,feast,feast,feast,saint,saint,,feast,feast,feast,saint,saint,,
8,2024.08.06,2,y,,feast,feast,,feast,feast,,feast,feast,,feast,feast,,
8,2024.08.07,3,y,,feast,feast,feast,saint,saint,,feast,feast,feast,saint,saint,,
8,2024.08.08,4,y,,feast,feast,feast,saint,saint,,feast,feast,feast,saint,saint,,
8,2024.08.09,5,y,feast,saint,feast,feast,saint,saint,feast,saint,feast,feast,saint,saint,,
8,2024.08.10,6,y,,feast,feast,feast,saint,saint,,feast,feast,feast,saint,saint,,
8,2024.08.11,7,y,resurrection,feast,feast,resurrection,saint,resurrection,resurrection,feast,feast,resurrection,saint,resurrection,,
8,2024.08.12,1,y,,feast,feast,feast,saint,saint,,feast,feast,feast,saint,saint,,
8,2024.08.13,2,y,,feast,feast,,feast,feast,,feast,feast,,feast,feast,,
8,2024.08.14,3,y,feast,saint,feast,feast,saint,saint,feast,saint,feast,feast,saint,saint,,
8,2024.08.15,4,y,,feast,feast,,feast,feast,,feast,feast,,feast,feast,,
8,2024.08.16,5,y,feast,saint,feast,feast,saint,saint,feast,saint,feast,feast,saint,saint,,
8,2024.08.17,6,y,,feast,feast,feast,saint,saint,,feast,feast,feast,saint,saint,,
8,2024.08.18,7,y,resurrection,feast,feast,resurrection,saint,resurrection,resurrection,feast,feast,resurrection,saint,saint,,
8,2024.08.19,1,y,,feast,feast,feast,saint,saint,,feast,feast,feast,saint,saint,,
8,2024.08.20,2,y,,feast,feast,feast,saint,saint,,feast,feast,feast,saint,saint,,
8,2024.08.21,3,y,,feast,feast,feast,saint,saint,,feast,feast,feast,saint,saint,,
8,2024.08.22,4,y,,feast,feast,feast,saint,saint,,feast,feast,feast,saint,saint,,
8,2024.08.23,5,y,,feast,feast,,feast,feast,,feast,feast,,feast,feast,,
8,2024.08.24,6,,,,,,,,,,,,,,,
8,2024.08.25,7,y,,resurrection,resurrection,resurrection,saint,saint,,resurrection,resurrection,resurrection,saint,saint,,
8,2024.08.26,1,,,,,,,,,,,,,,,
8,2024.08.27,2,,,,,,,,,,,,,,,
8,2024.08.28,3,,,,,,,,,,,,,,,
8,2024.08.29,4,y,,saint,saint,,saint,saint,,saint,saint,,saint,saint,,
8,2024.08.30,5,y,,feast,feast,feast,saint,saint,,feast,feast,feast,saint,saint,,
8,2024.08.31,6,y,,saint,saint,,saint,saint,,saint,saint,,saint,saint,,
9,2024.09.01,7,y,resurrection,feast,resurrection,resurrection,saint,saint,resurrection,feast,feast,resurrection,saint,resurrection,,
9,2024.09.02,1,,,,,,,,,,,,,,,
9,2024.09.03,2,,,,,,,,,,,,,,,
9,2024.09.04,3,,,,,,,,,,,,,,,
9,2024.09.05,4,,,,,,,,,,,,,,,
9,2024.09.06,5,,,,,,,,,,,,,,,
9,2024.09.07,6,y,,feast,feast,feast,saint,saint,,feast,feast,feast,saint,saint,,
9,2024.09.08,7,y,resurrection,feast,resurrection,resurrection,feast,feast,resurrection,feast,resurrection,resurrection,feast,feast,,
9,2024.09.09,1,y,,feast,feast,feast,saint,saint,,feast,feast,feast,saint,saint,,
9,2024.09.10,2,y,,feast,feast,feast,saint,saint,,feast,feast,feast,saint,saint,,
9,2024.09.11,3,y,,feast,feast,feast,saint,saint,,feast,feast,feast,saint,saint,,
9,2024.09.12,4,y,,feast,feast,,feast,feast,,feast,feast,,feast,feast,,
9,2024.09.13,5,y,triodion,feast,triodion,triodion,saint,saint,triodion,feast,feast,triodion,saint,triodion,,
9,2024.09.14,6,y,,feast,feast,,feast,feast,,feast,feast,,feast,feast,,
9,2024.09.15,7,y,resurrection,feast,feast,resurrection,saint,resurrection,resurrection,feast,feast,resurrection,saint,resurrection,,
9,2024.09.16,1,y,,feast,feast,feast,saint,saint,,feast,feast,feast,saint,saint,,
9,2024.09.17,2,y,,feast,feast,feast,saint,saint,,feast,feast,feast,saint,saint,,
9,2024.09.18,3,y,,feast,feast,feast,saint,saint,,feast,feast,feast,saint,saint,,
9,2024.09.19,4,y,,feast,feast,feast,saint,saint,,feast,feast,feast,saint,saint,,
9,2024.09.20,5,y,,feast,feast,feast,saint,saint,,feast,feast,feast,saint,saint,,
9,2024.09.21,6,y,,feast,feast,,feast,feast,,feast,feast,,feast,feast,,
9,2024.09.22,7,y,,resurrection,resurrection,resurrection,saint,saint,,resurrection,resurrection,resurrection,saint,saint,,
9,2024.09.23,1,y,,saint,saint,,saint,saint,,saint,saint,,saint,saint,,
9,2024.09.24,2,,,,,,,,,,,,,,,
9,2024.09.25,3,,,,,,,,,,,,,,,
9,2024.09.26,4,y,,saint,saint,,saint,saint,,saint,saint,,saint,saint,,
9,2024.09.27,5,,,,,,,,,,,,,,,
9,2024.09.28,6,y,,saint,saint,,saint,saint,,saint,saint,,saint,saint,,
9,2024.09.29,7,y,,resurrection,resurrection,resurrection,saint,saint,,resurrection,resurrection,resurrection,saint,saint,,
9,2024.09.30,1,,,,,,,,,,,,,,,