Period,WeeksFrom,WeeksToLent,WeekDay,Bold,Italic,Red,I.Symb,I.Code,I.Html,ShortText,FullText,ShorterText
pentecost,32,5,7,,i,r,,,,Неділя про Закхея,Неділя про Закхея,
pentecost,33,4,7,,i,r,,,,Неділя про митаря і фарисея,Неділя про митаря і фарисея,
pentecost,34,3,7,,i,r,,,,Неділя про блудного сина,Неділя блудного сина,
pentecost,35,2,1,,i,,,,,Тиждень м'ясопусний,Тиждень м'ясопусний,
pentecost,35,2,6,,i,,,,,Субота заупокійна,Субота заупокійна,
pentecost,35,2,7,,i,r,,,,"Неділя м'ясопусна, про Сташний суд","Неділя м'ясопусна, про Сташний суд",
pentecost,36,1,1,,i,,,,,Тиждень сиропусний,Тиждень сиропусний,
pentecost,36,1,1,,i,,,,,"Субота сиропусна, всіх преподобних отців, що в подвизі просіяли","Субота сиропусна, всіх преподобних отців, що в подвизі просіяли",
pentecost,36,1,1,,i,r,,,,"Неділя сиропусна, прощення","Неділя сиропусна, прощення",
lent,1,,1,b,,,,,,Початок св. Великого Посту,Початок св. Великого Посту,
lent,1,,6,,i,,,,,Пам'ять великомученика Теодора Тирона,Пам'ять великомученика Теодора Тирона,
lent,1,,7,,i,r,,,,"Неділя 1-ша Великого Посту, Православ'я","Неділя 1-ша Великого Посту, Православ'я",
lent,2,,1,,i,,,,,Тиждень 2-ий Великого посту,Тиждень 2-ий Великого посту,
lent,2,,6,,i,,,,,Субота заупокійна,Субота заупокійна,
lent,2,,7,,i,r,,,,Неділя 2-ша Великого Посту,Неділя 2-ша Великого Посту,
lent,3,,1,,i,,,,,Тиждень 3-ий Великого посту,Тиждень 3-ий Великого посту,
lent,3,,6,,i,,,,,Субота заупокійна,Субота заупокійна,
lent,3,,7,,i,r,,,,"Неділя 3-ша Великого Посту, Хрестопоклонна","Неділя 3-ша Великого Посту, Хрестопоклонна",
lent,4,,1,,i,,,,,Тиждень 4-ий Великого посту,Тиждень 4-ий Великого посту,
lent,4,,6,,i,,,,,Субота заупокійна,Субота заупокійна,
lent,4,,7,,i,r,,,,"Неділя 4-ша Великого Посту, преподобного Івана Ліствичника","Неділя 4-ша Великого Посту, преподобного Івана Ліствичника",
lent,5,,1,,i,,,,,Тиждень 5-ий Великого посту,Тиждень 5-ий Великого посту,
lent,5,,6,,i,,,,,Субота акафістова,Субота акафістова,
lent,5,,7,,i,r,,,,"Неділя 5-ша Великого Посту, преподобної Марії Єгипетської","Неділя 5-ша Великого Посту, преподобної Марії Єгипетської",
lent,6,,1,,i,,,,,Тиждень 6-ий Великого посту,Тиждень 6-ий Великого посту,
lent,6,,6,,i,,,,,Субота Лазарева,Субота Лазарева,
lent,6,,7,,i,r,,,,"Неділя 6-та Великого Посту, Квітна","Неділя 6-та Великого Посту, Квітна",
lent,6,,7,b,,r,🕀,#,&oplus;,🕀 Вхід Господній в Єрусалим,🕀 Вхід Господній в Єрусалим,
lent,7,,1,,i,,,,,Страсний тиждень. Великий понеділок,Страсний тиждень. Великий понеділок,
lent,7,,2,,i,,,,,Великий вівторок,Великий вівторок,
lent,7,,3,,i,,,,,Велика середа,Велика середа,
lent,7,,4,,i,,,,,Великий четвер,Великий четвер,
lent,7,,5,b,i,,,,,Велика п'ятниця,Велика п'ятниця,
lent,7,,6,,i,,,,,Велика субота,Велика субота,
lent,7,,7,b,,r,🕀,#,&oplus;,🕀 Неділя Пасхи. Воскресення Христове. Великдень.,🕀 Неділя Пасхи. Воскресення Христове. Великдень.,
pascha,1,,1,,i,r,,,,Світлий понеділок,Світлий понеділок,
pascha,1,,2,,i,r,,,,Світлий вівторок,Світлий вівторок,
pascha,1,,3,,i,r,,,,Світла середа,Світла середа,
pascha,1,,4,,i,r,,,,Світлий четвер,Світлий четвер,
pascha,1,,5,,i,r,,,,Світла п'ятниця,Світла п'ятниця,
pascha,1,,6,,i,r,,,,Світла субота,Світла субота,
pascha,1,,7,,i,r,,,,Неділя 2-га після Пасхи. Томина. Антипасха,Неділя 2-га після Пасхи. Томина. Антипасха,
pascha,2,,1,,i,,,,,Тиждень 2-ий після Пасхи.,Тиждень 2-ий після Пасхи.,
pascha,2,,7,,i,r,,,,Неділя 3-я після Пасхи. Мироносиць,Неділя 3-я після Пасхи. Мироносиць,
pascha,3,,1,,i,,,,,Тиждень 3-ій після Пасхи,Тиждень 3-ій після Пасхи,
pascha,3,,7,,i,r,,,,"Неділя 4-та після Пасхи, розслабленого","Неділя 4-та після Пасхи, розслабленого",
pascha,4,,1,,i,,,,,Тиждень 4-ий після Пасхи,Тиждень 4-ий після Пасхи,
pascha,4,,3,,i,,,,,Пeреполовення П'ятдесятниці,Пeреполовення П'ятдесятниці,
pascha,4,,7,,i,r,,,,"Неділя 5-та після Пасхи, самарянки","Неділя 5-та після Пасхи, самарянки",
pascha,5,,1,,i,,,,,Тиждень 5-ий після Пасхи,Тиждень 5-ий після Пасхи,
pascha,5,,3,,i,,,,,Віддання свята Пeреполовення,Віддання свята Пeреполовення,
pascha,5,,7,,i,r,,,,"Неділя 6-та після Пасхи, сліпородженого","Неділя 6-та після Пасхи, сліпородженого",
pascha,6,,1,,i,,,,,Тиждень 6-ий після Пасхи,Тиждень 6-ий після Пасхи,
pascha,6,,3,,i,,,,,Віддання Пасхи,Віддання Пасхи,
pascha,6,,4,b,,r,🕀,#,&oplus;,🕀 Вознесення Господнє,🕀 Вознесення Господнє,
pascha,6,,7,,i,r,,,,"Неділя 7-ма після Пасхи, свв. отців I-го Вселенського Собору","Неділя 7-ма після Пасхи, свв. отців I-го Вселенського Собору",
pascha,7,,1,,i,,,,,Тиждень 7-ий після Пасхи,Тиждень 7-ий після Пасхи,
pascha,7,,5,,i,,,,,Віддання Вознесіння,Віддання Вознесіння,
pascha,7,,6,,i,,,,,Субота заупокійна,Субота заупокійна,заупокійна
pascha,7,,7,b,,r,🕀,#,&oplus;,🕀 Зіслання Святого Духа. П’ятдесятниця,🕀 Зіслання Святого Духа. П’ятдесятниця,Зіслання Св. Духа
pentecost,1,,1,b,,r,,,,Понеділок Святого Духа,Понеділок Святого Духа,Святого Духа
pentecost,1,,7,,i,r,,,,Неділя 1-ша по Зісланні Святого Духа. Всіх святих,Неділя 1-ша по Зісланні Святого Духа. Всіх святих,всіх святих
pentecost,2,,4,b,,r,🕀,#,&oplus;,🕀 Торжественне поклоніння пречистим Тайнам Тіла і Крови Господа нашого Ісуса Христа,🕀 Торжественне поклоніння пречистим Тайнам Тіла і Крови Господа нашого Ісуса Христа,Євхаристії
pentecost,2,,7,,i,r,,,,Неділя 2-га по Зісланні Святого Духа. Всіх святих українського народу.,Неділя 2-га по Зісланні Святого Духа. Всіх святих українського народу.,всіх святих укр. народу
pentecost,3,,5,b,,r,🕀,#,&oplus;,🕀 Свято найсолодшого Господа Бога і Спаса нашого Ісуса Христа – Чоловіколюбця,🕀 Свято найсолодшого Господа Бога і Спаса нашого Ісуса Христа – Чоловіколюбця,Найсвятішого Серця
pentecost,3,,6,b,,,,,,Сострадання Пресвятої Богородиці,Сострадання Пресвятої Богородиці,Сострадання Богородиці
pentecost,3,,7,,i,r,,,,Неділя 3-тя по Зісланні Святого Духа. Отців шести вселенських соборів,Неділя 3-тя по Зісланні Святого Духа. Отців шести вселенських соборів,отців 6-ти соборів