Month,Day,Bold,Italic,Red,I.Symb,I.Code,I.Html,ShortText,FullText,ShorterText,,,,,,VLOOKUP,,,Місяць,День,Ім'я
9,1,,,r,🕂,+,&dagger;,"🕂 Початок індикту, нового року","🕂 Початок індикту, нового року",Начало Індикта,,,91,Начало Індикта,,Начало Індикта,,91,9,1,Начало Індикта
9,1,,,,,,,Пам’ять прп. Симеона Стовпника і матері його Марти,Пам’ять преподобного отця нашого Симеона Стовпника і матері його Марти,,,,91,Начало Індикта,,Начало Індикта,,92,9,2,Маманта. Йоана Посника
9,1,,,,,,,"Собор Пресв. Богородиці, що в Міясинах","Собор Пресвятої Богородиці, що в Міясинах",,,,91,Начало Індикта,,Начало Індикта,,93,9,3,Антима
9,2,,,,,,,Св. мч. Маманта,Святого мученика Маманта,Маманта,,,92,Маманта. Йоана Посника,,Маманта. Йоана Посника,,94,9,4,Вавили
9,2,,,,,,,"Прп. Івана Посника, патр. Царгородського","Преподобного отця нашого Івана Посника, патріарха Царгородського",Івана Посника,,,92,Маманта. Йоана Посника,,Маманта. Йоана Посника,,95,9,5,прор. Захарії
9,3,,,,,,,"Св. сщмч. Антима, єп. Нікомидійського","Святого священномученика Антима, єпископа Нікомидійського",Антима,,,93,Антима,,Антима,,96,9,6,чудо арх. Михаїла
9,3,,,,,,,"Прп. Теоктиста, співпосника вел. Євтимія","Преподобного отця нашого Теоктиста, співпосника великого Євтимія",,,,93,Антима,,Антима,,97,9,7,передсв.Різдва. Созонта
9,4,,,,,,,"Св. сщмч. Вавили, єп. Антіохійського","Святого священномученика Вавили, єпископа Антіохійського",Вавили,,,94,Вавили,,Вавили,,98,9,8,Різдво Богородиці
9,4,,,,,,,Св. прор. й боговидця Мойсея,Святого пророка й боговидця Мойсея,,,,94,Вавили,,Вавили,,99,9,9,Йоакима і Анни
9,5,,,,🕃,&,,"🕃 Свв. прор. Захарії та прав. Єлисавети, батьків чесного Івана Предтечі","🕃 Святих пророка Захарії та праведної Єлисавети, батьків чесного Івана Предтечі",прор. Захарії,,,95,прор. Захарії,,прор. Захарії,,910,9,10,"мчц.Минодори, Митродори і Німфодори"
9,5,,,,,,,Прп. Терези з Калькутти,Преподобної матері нашої Терези з Калькутти,,,,95,прор. Захарії,,прор. Захарії,,911,9,11,Теодори
9,6,,,,🕃,&,,"🕃 Спогад про чудо, яке було в Колосах, тобто в Хонах, від архистр. Михаїла","🕃 Спогад про чудо, яке було в Колосах, тобто в Хонах, від архистратига Михаїла",чудо арх. Михаїла,,,96,чудо арх. Михаїла,,чудо арх. Михаїла,,912,9,12,Віддання Різдва Богородиці.
9,6,,,,,,,"Св. мч. Євдоксія і тих, що з ним","Святого мученика Євдоксія і тих, що з ним",,,,96,чудо арх. Михаїла,,чудо арх. Михаїла,,913,9,13,Оновлення-Корнилія
9,6,,,,,,,Прп. Архипа,Преподобного отця нашого Архипа,,,,96,чудо арх. Михаїла,,чудо арх. Михаїла,,914,9,14,Воздвиження Хреста
9,7,,,,🕃,&,,🕃 Передсвяття Різдва Пресвятої Богородиці,🕃 Передсвяття Різдва Пресвятої Богородиці,передсв.Різдва,,,97,передсв.Різдва. Созонта,,передсв.Різдва. Созонта,,915,9,15,Микити
9,7,,,,,,,Св. мч. Созонта,Святого мученика Созонта,Созонта,,,97,передсв.Різдва. Созонта,,передсв.Різдва. Созонта,,916,9,16,Євфимії
9,8,b,,r,🕀,#,&oplus;,🕀 Різдво Пресвятої Владичиці нашої Богородиці і Приснодіви Марії,🕀 Різдво Пресвятої Владичиці нашої Богородиці і Приснодіви Марії,Різдво Богородиці,,,98,Різдво Богородиці,,Різдво Богородиці,,917,9,17,"Софії, Віри, Надії, Любові."
9,9,,,,🕃,&,,🕃 Свв. і правв. богоотців Йоакима й Анни,🕃 Святих і праведних богоотців Йоакима й Анни,Йоакима і Анни,,,99,Йоакима і Анни,,Йоакима і Анни,,918,9,18,Євменія
9,9,,,,,,,Св. мч. Северіана,Святого мученика Северіана,,,,99,Йоакима і Анни,,Йоакима і Анни,,919,9,19,"Трофима, Савватія, Доримедонта"
9,10,,,,,,,"Свв. мцц. Минодори, Митродори й Німфодори","Святих мучениць Минодори, Митродори й Німфодори","мччц.Минодори, Митродори і Німфодори",,,910,"мчц.Минодори, Митродори і Німфодори",,"мчц.Минодори, Митродори і Німфодори",,920,9,20,Теодора Чернігівського
9,11,,,,,,,Прп. Теодори Олександрійської,Преподобної матері нашої Теодори Олександрійської,Теодори,,,911,Теодори,,Теодори,,921,9,21,Віддання Воздвиження
9,12,,,,,,,Св. сщмч. Автонома,Святого священномученика Автонома,,,,912,Віддання Різдва Богородиці.,,Віддання Різдва Богородиці.,,922,9,22,Фоки
9,12,,i,r,,,,Віддання Різдва Пресв. Богородиці,У цей день віддається свято Різдва Пресвятої Богородиці,Віддання Різдва Богородиці,,,912,Віддання Різдва Богородиці.,,Віддання Різдва Богородиці.,,923,9,23,Зачаття Йоана Предтечі
9,13,,,r,🕃,@,,🕃 Пам’ять оновл. храму Св. Воскресіння Христа і Бога нашого,🕃 Пам’ять оновлення храму Святого Воскресіння Христа і Бога нашого,Оновлення,,,913,Оновлення-Корнилія,,Оновлення-Корнилія,,924,9,24,первом. Теклі
9,13,,,,,,,Предсвяття Воздвиження чесного й животворного Хреста,Предсвяття Воздвиження чесного й животворного Хреста,,,,913,Оновлення-Корнилія,,Оновлення-Корнилія,,925,9,25,Євфросинії
9,13,,,,,,,"Св. сщмч. Корнилія, сотника","Святого священномученика Корнилія, сотника",Корнилія,,,913,Оновлення-Корнилія,,Оновлення-Корнилія,,926,9,26,Йоана Богослова
9,14,b,,r,🕀,#,&oplus;,🕀 Всесвітнє Воздвиження чесного й животворчого Хреста,🕀 Всесвітнє Воздвиження чесного й животворчого Хреста,Воздвиження Хреста,,,914,Воздвиження Хреста,,Воздвиження Хреста,,927,9,27,Калістрата
9,15,,,,🕃,&,,🕃 Св. вмч. Микити,🕃 Святого великомученика Микити,Микити,,,915,Микити,,Микити,,928,9,28,Харитона
9,16,,,,🕃,&,,🕃 Св. вмц. Євфимії всехвальної,🕃 Святої великомучениці Євфимії всехвальної,Євфимії,,,916,Євфимії,,Євфимії,,929,9,29,Киріяка
9,17,,,,,,,"Св. мц. Софії і трьох її дочок: Віри, Надії й Любові","Святої мучениці Софії і трьох її дочок: Віри, Надії й Любові","Софії, Віри, Надії, Любові.",,,917,"Софії, Віри, Надії, Любові.",,"Софії, Віри, Надії, Любові.",,930,9,30,"Григорія, просвітителя"
9,18,,,,,,,"Прп. Євменія, єп. Гортинського, чудотв.","Преподобного отця нашого Євменія, єпископа Гортинського, чудотворця",Євменія,,,918,Євменія,,Євменія,,101,10,1,Покров Богородиці
9,19,,,,,,,"Свв. мчч. Трофима, Савватія й Доримедонта","Святих мученків Трофима, Савватія й Доримедонта","Трофима, Савватія, Доримедонта",,,919,"Трофима, Савватія, Доримедонта",,"Трофима, Савватія, Доримедонта",,102,10,2,Кипріяна
9,20,,,,🕃,&,,"🕃 Свв. мчч. та іспп. – вел. князя Михаїла та боярина його Теодора, чернігівських чудотв.","🕃 Святих мучеників та ісповідників – великого князя Михаїла та боярина його Теодора, чернігівських чудотворців","мчч. Михаїла, Теодора Чернігівських",,,920,Теодора Чернігівського,,Теодора Чернігівського,,103,10,3,Діонісія Ареопагіта
9,20,,,,🕃,&,,"🕃 Св. вмч. Євстатія і тих, що з ним","🕃 Святого великомученика Євстатія і тих, що з ним",,,,920,Теодора Чернігівського,,Теодора Чернігівського,,104,10,4,Єротея
9,21,,,,,,,"Св. ап. Кодрата, що в Магнисії","Святого апостола Кодрата, що в Магнисії",,,,921,Віддання Воздвиження,,Віддання Воздвиження,,105,10,5,Харитини
9,21,,i,r,,,,Віддання Воздвиження чесного й животворного Хреста,У цей день віддається свято Воздвиження чесного й животворного Хреста,Віддання Воздвиження,,,921,Віддання Воздвиження,,Віддання Воздвиження,,106,10,6,ап. Томи
9,22,,,,,,,"Св. сщмч. Фоки, єп. Синопійського","Святого священномученика Фоки, єпископа Синопійського",Фоки,,,922,Фоки,,Фоки,,107,10,7,Сергія і Вакха
9,22,,,,,,,Св. прор. Йони,Святого пророка Йони,,,,922,Фоки,,Фоки,,108,10,8,Пелагії
9,22,,,,,,,"Прп. Йони, пресвіт.","Преподобного Йони, пресвітера",,,,922,Фоки,,Фоки,,109,10,9,Свв.Отців-ап. Якова
9,23,,,r,🕃,@,,"🕃 Зачаття чесного славн. прор., предтечі і хрестителя Господнього Івана","🕃 Зачаття чесного славного пророка, предтечі і хрестителя Господнього Івана",Зачаття Івана Предтечі,,,923,Зачаття Йоана Предтечі,,Зачаття Йоана Предтечі,,1010,10,10,Євлампія і Євлампії
9,24,,,,🕃,&,,🕃 Св. первмц. й рівноап. Теклі,🕃 Святої первомучениці й рівноапостольної Теклі,первом. Теклі,,,924,первом. Теклі,,первом. Теклі,,1011,10,11,"Филипа, диякона"
9,25,,,,,,,Прп. Євфросинії,Преподобної матері нашої Євфросинії,Євфросинії,,,925,Євфросинії,,Євфросинії,,1012,10,12,"Прова, Тараха, Андроніка"
9,26,,,r,🕁,*,&dagger;,🕁 Переставл. св. ап. і єв. Івана Богослова,🕁 Переставлення святого апостола і євангелиста Івана Богослова,Івана Богослова,,,926,Йоана Богослова,,Йоана Богослова,,1013,10,13,"мчч.Карпа, Папили, Агатоніки"
9,27,,,,,,,"Св. мч. Калістрата і тих, що з ним","Святого мученика Калістрата і тих, що з ним",Калістрата,,,927,Калістрата,,Калістрата,,1014,10,14,"Назарія, Гервасія"
9,27,,,,,,,"Прп. Ніла, основника й ігум. монастиря Гроттаферратського","Преподобного отця нашого Ніла, основника й ігумена монастиря Гроттаферратського",,,,927,Калістрата,,Калістрата,,1015,10,15,Євтимія Нового
9,28,,,r,🕂,+,&dagger;,🕂 Прп. й ісп. Харитона,🕂 Преподобного отця нашого й ісповідника Харитона,Харитона,,,928,Харитона,,Харитона,,1016,10,16,Лонгина
9,28,,,,,,,"Св. мц. Людмили і св. В’ячеслава, князя чеського","Святої мучениці Людмили і святого В’ячеслава, князя чеського",,,,928,Харитона,,Харитона,,1017,10,17,"Осії, Андрея Критського"
9,28,,,,,,,"Собор прпп. отців Печерських, що споч. у бл. печерах прп. Антонія","Собор преподобних отців Печерських, що спочивають у ближніх печерах преподобного Антонія",,,,928,Харитона,,Харитона,,1018,10,18,ап.єв.Луки
9,28,,,,,,,"Блаж. сщмч. Никити Будки, єп.","Блаженного священномученика Никити Будки, єпископа",,,,928,Харитона,,Харитона,,1019,10,19,прор.Йоіла
9,29,,,,🕃,&,,"🕃 Прп. Киріака, самітника","🕃 Преподобного отця нашого Киріака, самітника",Киріяка,,,929,Киріяка,,Киріяка,,1020,10,20,Артемія
9,30,,,,🕃,&,,"🕃 Св. сщмч. Григорія, єп. Великої Вірменії","🕃 Святого священномученика Григорія, єпископа Великої Вірменії",Григорія,,,930,"Григорія, просвітителя",,"Григорія, просвітителя",,1021,10,21,Іларіона Великого
10,1,b,,r,🕀,#,&oplus;,🕀 Покров Пресвятої Богородиці,🕀 Покров Пресвятої Богородиці,Покров Богородиці,,,101,Покров Богородиці,,Покров Богородиці,,1022,10,22,Аверкія
10,1,,,,,,,"Св. ап. Ананії, одного із сімдесятьох","Святого апостола Ананії, одного із сімдесятьох",,,,101,Покров Богородиці,,Покров Богородиці,,1023,10,23,ап.Якова
10,1,,,,,,,Прп. Романа Сладкопівця,Преподобного отця нашого Романа Сладкопівця,,,,101,Покров Богородиці,,Покров Богородиці,,1024,10,24,Арети
10,2,,,,🕃,&,,🕃 Св. сщмч. Кипріана,🕃 Святого священномученика Кипріана,Кипріяна,,,102,Кипріяна,,Кипріяна,,1025,10,25,Маркіяна і Мартирія
10,2,,,,,,,Св. мц. Юстини,Святої мучениці Юстини,,,,102,Кипріяна,,Кипріяна,,1026,10,26,Димитрія мироточця
10,2,,,,,,,"Св. Андрія, Христа ради юродивого","Святого Андрія, Христа ради юродивого",,,,102,Кипріяна,,Кипріяна,,1027,10,27,мч.Нестора
10,3,,,,🕃,&,,🕃 Св. сщмч. Діонісія Ареопагіта,🕃 Святого священномученика Діонісія Ареопагіта,Діонісія Ареопагіта,,,103,Діонісія Ареопагіта,,Діонісія Ареопагіта,,1028,10,28,Терентія і Неоніли
10,4,,,,,,,"Св. сщмч. Єротея, єп. Атенського","Святого священномученика Єротея, єпископа Атенського",Єротея,,,104,Єротея,,Єротея,,1029,10,29,Анастасії Римлянки
10,4,,,,,,,Прп. Франциска Асизького,Преподобного отця нашого Франциска Асизького,,,,104,Єротея,,Єротея,,1030,10,30,Зиновія і Зиновії
10,5,,,,,,,Св. мц. Харитини,Святої мучениці Харитини,Харитини,,,105,Харитини,,Харитини,,1031,10,31,"апп.Стахія,Амплія"
10,6,,,r,🕂,+,&dagger;,🕂 Св. і славн. ап. Томи,🕂 Святого і славного апостола Томи,ап. Томи,,,106,ап. Томи,,ап. Томи,,111,11,1,свсмч.Теодора Ромжі
10,7,,,,🕃,&,,🕃 Свв. мчч. Сергія і Вакха,🕃 Святих мучеників Сергія і Вакха,Сергія і Вакха,,,107,Сергія і Вакха,,Сергія і Вакха,,112,11,2,мчч. Акиндина та ін.
10,8,,,,,,,Прп. Пелагії,Преподобної матері нашої Пелагії,Пелагії,,,108,Пелагії,,Пелагії,,113,11,3,мчч.Апексими та ін.
10,9,,,r,🕂,+,&dagger;,🕂 Св. ап. Якова Алфеєвого,🕂 Святого апостола Якова Алфеєвого,ап. Якова,,,109,Свв.Отців-ап. Якова,,Свв.Отців-ап. Якова,,114,11,4,прп.Йоаникія Великого
10,9,,,,,,,Прп. Андроніка і дружини його Атанасії,Преподобного отця нашого Андроніка і дружини його Атанасії,,,,109,Свв.Отців-ап. Якова,,Свв.Отців-ап. Якова,,115,11,5,мчч.Галактіона і Епістими
10,10,,,,,,,Свв. мчч. Євлампія і Євлампії,Святих мучеників Євлампія і Євлампії,Євлампія і Євлампії,,,1010,Євлампія і Євлампії,,Євлампія і Євлампії,,116,11,6,св. Павла
10,11,,,,,,,"Св. ап. Филипа, одного із семи дияконів","Святого апостола Филипа, одного із семи дияконів","Филипа, диякона",,,1011,"Филипа, диякона",,"Филипа, диякона",,117,11,7,"мчч., що в Елітині"
10,11,,,,,,,"Прп. Теофана Начертанного, єп. Нікейського і творця канонів","Преподобного Теофана Начертанного, єпископа Нікейського і творця канонів",,,,1011,"Филипа, диякона",,"Филипа, диякона",,118,11,8,арх.Михаїла
10,12,,,,,,,"Свв. мчч. Прова, Тараха й Андроніка","Святих мучеників Прова, Тараха й Андроніка","Прова, Тараха, Андроніка",,,1012,"Прова, Тараха, Андроніка",,"Прова, Тараха, Андроніка",,1110,11,10,"апп.Єраста, Олімпа"
10,12,,,,,,,"Прп. Косми Святоградця, єп. Маюмського і творця канонів","Преподобного отця нашого Косми Святоградця, єпископа Маюмського і творця канонів",,,,1012,"Прова, Тараха, Андроніка",,"Прова, Тараха, Андроніка",,1111,11,11,"мчч.Мини, Віктора"
10,12,,,,,,,"Пам’ять св. Мартина Милостивого, єп. Турського","Пам’ять святого отця нашого Мартина Милостивого, єпископа Турського",,,,1012,"Прова, Тараха, Андроніка",,"Прова, Тараха, Андроніка",,1112,11,12,свщмч.Йосафата
10,13,,,,,,,"Свв. мчч. Карпа, Папили й Агатоніки","Святих мучеників Карпа, Папили й Агатоніки","мчч.Карпа, Папили, Агатоніки",,,1013,"мчч.Карпа, Папили, Агатоніки",,"мчч.Карпа, Папили, Агатоніки",,1113,11,13,свт.Йоана Золотоустого
10,14,,,,,,,"Свв. мчч. Назарія, Гервасія, Протасія й Келсія","Святих мучеників Назарія, Гервасія, Протасія й Келсія","Назарія, Гервасія",,,1014,"Назарія, Гервасія",,"Назарія, Гервасія",,1114,11,14,ап.Филипа
10,14,,,,🕃,&,,🕃 Прп. Параскеви Терновської,🕃 Преподобної матері нашої Параскеви Терновської,,,,1014,"Назарія, Гервасія",,"Назарія, Гервасія",,1115,11,15,"Гурія, Самона, Авіва"
10,14,,,,,,,"Блаж. сщмч. Романа Лиска, пресвіт.","Блаженного священномученика Романа Лиска, пресвітера",,,,1014,"Назарія, Гервасія",,"Назарія, Гервасія",,1116,11,16,ап.Матея
10,15,,,,,,,Прп. Євтимія Нового,Преподобного отця нашого Євтимія Нового,Євтимія Нового,,,1015,Євтимія Нового,,Євтимія Нового,,1117,11,17,Григорія Чудотворця
10,15,,,,,,,"Св. прпмч. Лук’яна, пресвіт. Великої Антіохії","Святого преподобномученика Лук’яна, пресвітера Великої Антіохії",,,,1015,Євтимія Нового,,Євтимія Нового,,1118,11,18,мчч.Платона і Романа
10,16,,,,,,,"Св. мч. Лонгина, сотника","Святого мученика Лонгина, сотника",Лонгина,,,1016,Лонгина,,Лонгина,,1119,11,19,Авдія.Варлаама
10,17,,,,,,,Св. прор. Осії,Святого пророка Осії,Осії,,,1017,"Осії, Андрея Критського",,"Осії, Андрея Критського",,1120,11,20,прп. Йосафати
10,17,,,,,,,Св. прпмч. Андрія Критського,Святого преподобномученика Андрія Критського,Андрея Критського,,,1017,"Осії, Андрея Критського",,"Осії, Андрея Критського",,1121,11,21,Введення в храм
10,18,,,r,🕂,+,&dagger;,🕂 Св. ап. і єв. Луки,🕂 Святого апостола і євангелиста Луки,ап. Луки,,,1018,ап.єв.Луки,,ап.єв.Луки,,1122,11,22,ап.Филимона
10,19,,,,,,,Св. прор. Йоїла,Святого пророка Йоїла,прор.Йоіла,,,1019,прор.Йоіла,,прор.Йоіла,,1123,11,23,Амфілохія
10,19,,,,,,,Св. мч. Уара,Святого мученика Уара,,,,1019,прор.Йоіла,,прор.Йоіла,,1124,11,24,Катерини. Меркурія
10,19,,,,🕃,&,,🕃 Прп. Івана Рильського,🕃 Преподобного отця нашого Івана Рильського,,,,1019,прор.Йоіла,,прор.Йоіла,,1125,11,25,Відання Введення
10,20,,,,🕃,&,,🕃 Св. вмч. Артемія,🕃 Святого великомученика Артемія,Артемія,,,1020,Артемія,,Артемія,,1126,11,26,Аліпія Стовпника
10,21,,,,🕃,&,,🕃 Прп. Іларіона Великого,🕃 Преподобного отця нашого Іларіона Великого,Іларіона Великого,,,1021,Іларіона Великого,,Іларіона Великого,,1127,11,27,Якова Персянина
10,22,,,,,,,"Св. Івана Павла ІІ, папи","Святого отця нашого Івана Павла ІІ, папи",,,,1022,Аверкія,,Аверкія,,1128,11,28,Стефана Нового
10,22,,,,,,,"Св. рівноап. Аверкія, єп. Єрапольського, чудотв.","Святого рівноапостольного Аверкія, єпископа Єрапольського, чудотворця",Аверкія,,,1022,Аверкія,,Аверкія,,1129,11,29,Парамона. Філумена
10,22,,,,,,,"Свв. сімох отроків, що в Ефесі","Святих сімох отроків, що в Ефесі",,,,1022,Аверкія,,Аверкія,,1130,11,30,Андрея Первозванного
10,23,,,r,🕃,@,,"🕃 Св. ап. Якова, брата Господнього","🕃 Святого апостола Якова, брата Господнього",ап.Якова,,,1023,ап.Якова,,ап.Якова,,121,12,1,Наума
10,24,,,,,,,"Св. мч. Арети і тих, що з ним","Святого мученика Арети і тих, що з ним",Арети,,,1024,Арети,,Арети,,122,12,2,Аввакума
10,25,,,,,,,Свв. мчч. і нотарів Маркіяна й Мартирія,Святих мучеників і нотарів Маркіяна й Мартирія,Маркіяна і Мартирія,,,1025,Маркіяна і Мартирія,,Маркіяна і Мартирія,,123,12,3,Софонії
10,26,,i,r,🕁,*,&dagger;,🕁 Св. і славн. вмч. Димитрія Мироточця,🕁 Святого і славного великомученика Димитрія Мироточця,Димитрія мироточця,,,1026,Димитрія мироточця,,Димитрія мироточця,,124,12,4,"Варвари, Дамаскина"
10,27,,,,,,,Св. мч. Нестора,Святого мученика Нестора,мч.Нестора,,,1027,мч.Нестора,,мч.Нестора,,125,12,5,Сави Освященного
10,27,,,,,,,Свв. мцц. Капетоліни і рабині її Єротиїди,Святих мучениць Капетоліни і рабині її Єротиїди,,,,1027,мч.Нестора,,мч.Нестора,,126,12,6,свт. Миколая
10,28,,,r,🕃,@,,"🕃 Св. мц. Параскеви, що в Іконії, названої «П’ятниця»","🕃 Святої мучениці Параскеви, що в Іконії, названої «П’ятниця»",,,,1028,Терентія і Неоніли,,Терентія і Неоніли,,127,12,7,Амвросія Медіолянського
10,28,,,,,,,Свв. мчч. Терентія й Неоніли,Святих мучеників Терентія й Неоніли,Терентія і Неоніли,,,1028,Терентія і Неоніли,,Терентія і Неоніли,,128,12,8,Патапія
10,28,,,,,,,"Прп. Стефана Саваїта, творця канонів","Преподобного отця нашого Стефана Саваїта, творця канонів",,,,1028,Терентія і Неоніли,,Терентія і Неоніли,,129,12,9,Зачаття св. Анни
10,29,,,,,,,"Прп. Аврамія, архим., Ростовського чудотв.","Переставлення преподобного отця нашого Аврамія, архимандрита, Ростовського чудотворця",,,,1029,Анастасії Римлянки,,Анастасії Римлянки,,1210,12,10,"Мини, Єрмогена"
10,29,,,,,,,Св. прпмц. Анастасії Римлянки,Святої преподобномучениці Анастасії Римлянки,Анастасії Римлянки,,,1029,Анастасії Римлянки,,Анастасії Римлянки,,1211,12,11,Праотців
10,29,,,,,,,Прп. Аврамія Затворника,Преподобного отця нашого Аврамія Затворника,,,,1029,Анастасії Римлянки,,Анастасії Римлянки,,1212,12,12,Спиридона
10,30,,,,,,,"Свв. мчч. Зиновія й Зиновії, сестри його","Святих мучеників Зиновія й Зиновії, сестри його",Зиновія і Зиновії,,,1030,Зиновія і Зиновії,,Зиновія і Зиновії,,1213,12,13,"мчч.Євстратія, Авксентія"
10,30,,,,,,,"Блаж. сщмч. Олексія Зарицького, пресвіт.","Блаженного священномученика Олексія Зарицького, пресвітера",,,,1030,Зиновія і Зиновії,,Зиновія і Зиновії,,1214,12,14,"мчч.Тирса, Левкія"
10,31,,,,,,,"Свв. апп. Стахія, Амплія і тих, що з ними","Святих апостолів Стахія, Амплія і тих, що з ними","апп.Стахія,Амплія",,,1031,"апп.Стахія,Амплія",,"апп.Стахія,Амплія",,1215,12,15,Єлевтерія
10,31,,,,,,,Св. мч. Єпімаха,Святого мученика Єпімаха,,,,1031,"апп.Стахія,Амплія",,"апп.Стахія,Амплія",,1216,12,16,Аггея
11,1,,,r,🕂,+,&dagger;,"🕂 Сщмч. Теодора Ромжі, єп. Мукачівського","🕂Священномученика Теодора Ромжі, єпископа Мукачівського",сщмч.Теодора Ромжі,,,111,свсмч.Теодора Ромжі,,свсмч.Теодора Ромжі,,1217,12,17,"Даниїла, трьох отроків"
11,1,,,,🕃,&,,🕃 Свв. чудотв. і безср. Косми й Дам’яна,🕃 Святих чудотворців і безсрібників Косми й Дам’яна,,,,111,свсмч.Теодора Ромжі,,свсмч.Теодора Ромжі,,1218,12,18,свв.Отців
11,2,,,,,,,"Свв. мчч. Акиндина, Пигасія, Афтонія, Єлпидифора й Анемподиста","Святих мучеників Акиндина, Пигасія, Афтонія, Єлпидифора й Анемподиста",мчч. Акиндина та ін.,,,112,мчч. Акиндина та ін.,,мчч. Акиндина та ін.,,1219,12,19,Боніфатія
11,3,,,,,,,"Свв. мчч. Акепсими, єп., Йосифа, пресвіт., і Аїтала, дияк.","Святих мучеників Акепсими, єпископа, Йосифа, пресвітера, і Аїтала, диякона",мчч.Апексими та ін.,,,113,мчч.Апексими та ін.,,мчч.Апексими та ін.,,1220,12,20,Ігнатія Богоносця
11,3,,,,,,,"Оновлення храму св. вмч. Юрія, що в Лідді, де спочиває його чесне тіло","Оновлення храму Святого великомученика Юрія, що в Лідді, де спочиває його чесне тіло",,,,113,мчч.Апексими та ін.,,мчч.Апексими та ін.,,1221,12,21,Юліанії
11,4,,,,,,,Прп. Йоанікія Великого,Преподобного отця нашого Йоанікія Великого,прп.Йоаникія Великого,,,114,,,прп.Йоаникія Великого,,1222,12,22,Анастасії
11,4,,,,,,,"Св. мч. Нікандра, єп. Мирського","Святого мученика Нікандра, єпископа Мирського",,,,114,прп.Йоаникія Великого,,прп.Йоаникія Великого,,1223,12,23,мчч. в Кріті
11,4,,,,,,,"Св. Єрмея, пресвіт.","Святого Єрмея, пресвітера",,,,114,прп.Йоаникія Великого,,прп.Йоаникія Великого,,1224,12,24,Навечіря Різдва-Євгенії
11,5,,,,,,,Свв. мчч. Галактіона і Єпістими,Святих мучеників Галактіона і Єпістими,мчч.Галактіона і Епістими,,,115,мчч.Галактіона і Епістими,,мчч.Галактіона і Епістими,,1225,12,25,РІЗДВО ХРИСТОВЕ
11,6,,,,🕃,&,,"🕃 Св. Павла, архиєп. Царгородського, ісп.","🕃 Святого Павла, архиєпископа Царгородського, ісповідника",св. Павла,,,116,св. Павла,,св. Павла,,1226,12,26,Собор Пресвятої Богородиці
11,7,,,,,,,"Свв. тридцяти трьох мчч., що в Мелітині","Святих тридцяти трьох мучеників, що в Мелітині","мчч., що в Елітині",,,117,"мчч., що в Елітині",,"мчч., що в Елітині",,1227,12,27,первомч.Стефана
11,7,,,,,,,"Прп. і чудотв. Лазаря, що постив на Галисійській горі","Преподобного отця нашого і чудотворця Лазаря, що постив на Галисійській горі",,,,117,"мчч., що в Елітині",,"мчч., що в Елітині",,1228,12,28,20000 мчч.
11,8,,i,r,🕁,*,&dagger;,🕁 Собор св. архистр. Михаїла та інших безтілесних сил,🕁 Собор святого архистратига Михаїла та інших безтілесних сил,арх.Михаїла,,,118,арх.Михаїла,,арх.Михаїла,,1229,12,29,свв.младенців Вифлеємських
11,9,,,,,,,Свв. мчч. Онисифора й Порфирія,Святих мучеників Онисифора й Порфирія,мчч.Онисифора й Порфирія,,,119,мчч.Онисифора й Порфирія,,Макарія Єгипетського,,1230,12,30,Анісії
11,9,,,,,,,Прп. Матрони,Преподобної матері нашої Матрони,,,,119,мчч.Онисифора й Порфирія,,Макарія Єгипетського,,1231,12,31,Меланії Римлянки
11,9,,,,,,,"Прп. Теоктисти, що з Лезви","Преподобної Теоктисти, що з Лезви",,,,119,мчч.Онисифора й Порфирія,,Макарія Єгипетського,,11,1,1,Обрізання-Василія_Великого
11,10,,,,,,,"Свв. апп. Ераста, Олімпа, Родіона і тих, що з ними","Святих апостолів Ераста, Олімпа, Родіона і тих, що з ними","апп.Єраста, Олімпа",,,1110,"апп.Єраста, Олімпа",,"апп.Єраста, Олімпа",,12,1,2,перед_Богоявленням-Сильвестра папи Римського
11,11,,,,,,,"Свв. мчч. Мини, Віктора й Вінкентія","Святих мучеників Мини, Віктора й Вінкентія","мчч.Мини, Віктора",,,1111,"мчч.Мини, Віктора",,"мчч.Мини, Віктора",,13,1,3,перед_Богоявленям-Малахії-Гордія
11,11,,,,,,,Св. мц. Стефаніди,Святої мучениці Стефаніди,,,,1111,"мчч.Мини, Віктора",,"мчч.Мини, Віктора",,14,1,4,70 апостолів_прп. Теоктиста
11,11,,,,,,,Прп. й ісп. Теодора Студійського,Преподобного отця нашого й ісповідника Теодора Студійського,,,,1111,"мчч.Мини, Віктора",,"мчч.Мини, Віктора",,15,1,5,Навечір_я_Богоявлення
11,12,,,r,🕁,*,&dagger;,"🕁 Св. сщмч. Йосафата, архиєп. Полоцького","🕁 Святого священномученика Йосафата, архиєпископа Полоцького",свщмч.Йосафата,,,1112,свщмч.Йосафата,,свщмч.Йосафата,,16,1,6,Богоявлення_ГНІХ
11,12,,,,🕃,&,,"🕃 Св. Івана Милостивого, патр. Олександрійського","🕃 Святого отця нашого Івана Милостивого, патріарха Олександрійського",,,,1112,свщмч.Йосафата,,свщмч.Йосафата,,17,1,7,Собор_Йоана
11,12,,,,,,,Прп. Ніла,Преподобного отця нашого Ніла,,,,1112,свщмч.Йосафата,,свщмч.Йосафата,,18,1,8,Георгія-Домініки
11,12,,,,,,,"Блаж. сщмч. Григорія Лакоти, єп.","Блаженного священномученика Григорія Лакоти, єпископа",,,,1112,свщмч.Йосафата,,свщмч.Йосафата,,19,1,9,По_Богоявленні_мч. Полієвкта
11,13,,,r,🕂,+,&dagger;,"🕂 Св. Івана Золотоустого, архиєп. Царгородського","🕂 Святого отця нашого Івана Золотоустого, архиєпископа Царгородського",свт.Йоана Золотоустого,,,1113,свт.Йоана Золотоустого,,свт.Йоана Золотоустого,,110,1,10,Григорія Ніського_Дометіана
11,14,,,r,🕂,+,&dagger;,🕂 Св. і всехв. ап. Филипа,🕂 Святого і всехвального апостола Филипа,ап.Филипа,,,1114,ап.Филипа,,ап.Филипа,,111,1,11,Теодосія
11,15,,,,,,,"Свв. мчч. та ісп. Гурія, Самона й Авіва","Святих мучеників та ісповідників Гурія, Самона й Авіва","Гурія, Самона, Авіва",,,1115,"Гурія, Самона, Авіва",,"Гурія, Самона, Авіва",,112,1,12,Татіяни
11,15,,i,r,,,,Початок Різдвяного посту,У цей день починається Різдвяний піст,,,,1115,"Гурія, Самона, Авіва",,"Гурія, Самона, Авіва",,113,1,13,Єрміла_Стратоніка
11,16,,,r,🕂,+,&dagger;,🕂 Св. ап. і єв. Матея,🕂 Святого апостола і євангелиста Матея,ап.Матея,,,1116,ап.Матея,,ап.Матея,,114,1,14,віддання_Богоявління
11,17,,,,,,,"Св. Григорія, єп. Неокесарійського, чудотв.","Святого отця нашого Григорія, єпископа Неокесарійського, чудотворця",Григорія Чудотворця,,,1117,Григорія Чудотворця,,Григорія Чудотворця,,115,1,15,Павла
11,18,,,,,,,Свв. мчч. Платона й Романа,Святих мучеників Платона й Романа,мчч.Платона і Романа,,,1118,мчч.Платона і Романа,,мчч.Платона і Романа,,116,1,16,Поклін оковам Петра
11,19,,,,,,,Св. прор. Авдія,Святого пророка Авдія,Авдія,,,1119,Авдія.Варлаама,,Авдія.Варлаама,,117,1,17,Антонія Великого
11,19,,,,,,,Св. мч. Варлаама,Святого мученика Варлаама,Варлаама,,,1119,Авдія.Варлаама,,Авдія.Варлаама,,118,1,18,Атанасія і Кирила
11,20,,,r,🕂,+,&dagger;,🕂 Прп. Йосафати Гордашевської,🕂 Преподобної матері нашої Йосафати Гордашевської,прп. Йосафати,,,1120,прп. Йосафати,,прп. Йосафати,,119,1,19,Макарія Єгипетського
11,20,,,,,,,Передсвяття Введення у храм Пресвятої Богородиці,Передсвяття Введення у храм Пресвятої Богородиці,,,,1120,прп. Йосафати,,прп. Йосафати,,120,1,20,Євтимія Великого
11,20,,,,,,,Прп. Григорія Декаполіта,Преподобного Григорія Декаполіта,,,,1120,прп. Йосафати,,прп. Йосафати,,121,1,21,Максима Ісповідника
11,20,,,,,,,"Св. Прокла, архиєп. Царгородського","Святого отця нашого Прокла, архиєпископа Царгородського",,,,1120,прп. Йосафати,,прп. Йосафати,,122,1,22,Тимотея
11,20,,,,,,,"Блаж. сщмч. Йосафата Коциловського, єп. Перемишльського","Блаженного священномученика Йосафата Коциловського, єпископа Перемишльського",,,,1120,прп. Йосафати,,прп. Йосафати,,123,1,23,Пратулинських мчч.
11,21,b,i,r,🕀,#,&oplus;,🕀 Введення у храм Пресвятої Владичиці нашої Богородиці і Приснодіви Марії,🕀 Введення у храм Пресвятої Владичиці нашої Богородиці і Приснодіви Марії,Введення в храм,,,1121,Введення в храм,,Введення в храм,,124,1,24,Ксенії Римлянки
11,22,,,,,,,"Св. ап. Филимона і тих, що з ним","Святого апостола Филимона і тих, що з ним",ап.Филимона,,,1122,ап.Филимона,,ап.Филимона,,125,1,25,Григорія Богослова
11,23,,,,,,,"Свв. Амфілохія, єп. Іконійського, і Григорія, єп. Акрагантійського","Святих отців наших Амфілохія, єпископа Іконійського, і Григорія, єпископа Акрагантійського",Амфілохія,,,1123,Амфілохія,,Амфілохія,,126,1,26,Ксенофонта
11,24,,,,🕃,&,,🕃 Св. вмц. Катерини,🕃 Святої великомучениці Катерини,Катерини,,,1124,Катерини. Меркурія,,Катерини. Меркурія,,127,1,27,Перенесення мощей Йоана Зол.
11,24,,,,,,,Св. вмч. Меркурія,Святого великомученика Меркурія,Меркурія,,,1124,Катерини. Меркурія,,Катерини. Меркурія,,128,1,28,Єфрема Сирина
11,25,,,,,,,"Свв. сщмчч. Климента, папи Римського, і Петра, єп. Олександрійського","Святих отців наших і священномучеників Климента, папи Римського, і Петра, єпископа Олександрійського",,,,1125,Відання Введення,,Відання Введення,,129,1,29,Ігнатія Богоносця
11,25,,i,r,,,,Віддання Введення у храм Пресв. Богородиці,У цей день віддається свято Введення у храм Пресвятої Богородиці,Відання Введення,,,1125,Відання Введення,,Відання Введення,,130,1,30,Трьох святителів
11,26,,,,,,,Прп. Аліпія Стовпника,Преподобного отця нашого Аліпія Стовпника,Аліпія Стовпника,,,1126,Аліпія Стовпника,,Аліпія Стовпника,,131,1,31,Кира і Йоана
11,26,,,,,,,"Пам’ять посвячення храму Св. вмч. Юрія, що в Києві перед воротами Св. Софії","Пам’ять посвячення храму Святого великомученика Юрія, що в Києві перед воротами Святої Софії",,,,1126,Аліпія Стовпника,,Аліпія Стовпника,,21,2,1,Трифона
11,27,,,,,,,Св. вмч. Якова Перського,Святого великомученика Якова Перського,Якова Персянина,,,1127,Якова Персянина,,Якова Персянина,,22,2,2,Стрітення
11,27,,,,,,,Прп. Палладія,Преподобного отця нашого Палладія,,,,1127,Якова Персянина,,Якова Персянина,,23,2,3,Симеона_Анни
11,28,,,,🕃,&,,🕃  Прпмч. Стефана Нового,🕃 Преподобномученика Стефана Нового,Стефана Нового,,,1128,Стефана Нового,,Стефана Нового,,24,2,4,Ісидора
11,28,,,,,,,Св. мч. Іринарха,Святого мученика Іринарха,,,,1128,Стефана Нового,,Стефана Нового,,25,2,5,Агафії
11,29,,,,,,,Св. мч. Парамона,Святого мученика Парамона,Парамона,,,1129,Парамона. Філумена,,Парамона. Філумена,,26,2,6,Неділя про Митаря і фарисея
11,29,,,,,,,Св. мч. Філумена,Святого мученика Філумена,Філумена,,,1129,Парамона. Філумена,,Парамона. Філумена,,27,2,7,Партенія
11,29,,,,,,,"Прп. Акакія, що згадується в «Ліствиці»","Преподобного Акакія, що згадується в «Ліствиці»",,,,1129,Парамона. Філумена,,Парамона. Філумена,,28,2,8,Теодора Стратилата
11,30,,,r,🕂,+,&dagger;,🕂 Св. всехв. ап. Андрія Первозваного,🕂 Святого всехвального апостола Андрія Первозваного,Андрея Первозванного,,,1130,Андрея Первозванного,,Андрея Первозванного,,29,2,9,Віддання Стрітення
12,1,,,,,,,Св. прор. Наума,Святого пророка Наума,Наума,,,121,Наума,,Наума,,210,2,10,Харлампія
12,2,,,,,,,Св. прор. Аввакума,Святого пророка Аввакума,Аввакума,,,122,Аввакума,,Аввакума,,211,2,11,Власія
12,2,,,,,,,"Блаж. сщмч. Івана Слезюка, єп.","Блаженного священномученика Івана Слезюка, єпископа",,,,122,Аввакума,,Аввакума,,212,2,12,Мелетія
12,3,,,,,,,Св. прор. Софонії,Святого пророка Софонії,Софонії,,,123,Софонії,,Софонії,,213,2,13,Блудного сина
12,4,,,,🕃,&,,🕃 Св. вмц. Варвари,🕃 Святої великомучениці Варвари,Варвари,,,124,"Варвари, Дамаскина",,"Варвари, Дамаскина",,214,2,14,прп. Авксентія
12,4,,,,,,,Прп. Івана Дамаскина,Преподобного отця нашого Івана Дамаскина,Дамаскина,,,124,"Варвари, Дамаскина",,"Варвари, Дамаскина",,215,2,15,ап. Онисима
12,5,,,r,🕂,+,&dagger;,🕂 Прп. й богоносного Сави Освященного,🕂 Преподобного й богоносного отця нашого Сави Освященного,Сави Освященного,,,125,Сави Освященного,,Сави Освященного,,216,2,16,"Памфила, Порфирія"
12,6,,,r,🕁,*,&dagger;,"🕁 Св. Миколая, архиєп. Мир Ликійських, чудотв.","🕁 Святого отця нашого Миколая, архиєпископа Мир Ликійських, чудотворця",свт. Миколая,,,126,свт. Миколая,,свт. Миколая,,217,2,17,Теодора Тирона
12,7,,,,,,,"Св. Амвросія, єп. Медіоланського","Святого отця нашого Амвросія, єпископа Медіоланського",Амвросія Медіолянського,,,127,Амвросія Медіолянського,,Амвросія Медіолянського,,218,2,18,"Льва, папи Римського"
12,8,,,,,,,Прп. Патапія,Преподобного отця нашого Патапія,Патапія,,,128,Патапія,,Патапія,,219,2,19,"Заупокійна, ап. Архипа"
12,9,,,r,🕁,*,&dagger;,🕁 Непорочне Зачаття Пресв. Богородиці св. Анною,🕁 Непорочне Зачаття Пресвятої Богородиці св. Анною,Зачаття св. Анни,,,129,Зачаття св. Анни,,Зачаття св. Анни,,220,2,20,"Мясопусна, прп. Льва"
12,10,,,,,,,"Свв. мчч. Мини, Єрмогена і Євграфа","Святих мучеників Мини, Єрмогена і Євграфа","Мини, Єрмогена",,,1210,"Мини, Єрмогена",,"Мини, Єрмогена",,221,2,21,"Тимотея, Євстатія"
12,11,,,,,,,Прп. Даниїла Стовпника,Преподобного отця нашого Даниїла Стовпника,Даниїла,,,1211,Праотців,,Праотців,,222,2,22,Віднйдення мощей в Євг.
12,12,,,,🕃,&,,"🕃 Прп. Спиридона, чудотв., єп. Трімитійського","🕃 Преподобного отця нашого Спиридона, чудотворця, єпископа Трімитійського",Спиридона,,,1212,Спиридона,,Спиридона,,223,2,23,Полікарпа
12,13,,,r,🕂,+,&dagger;,"🕂 Свв. мчч. Євстратія, Авксентія, Євгенія, Мардарія й Ореста","🕂 Святих мучеників Євстратія, Авксентія, Євгенія, Мардарія й Ореста","мчч.Євстратія, Авксентія",,,1213,"мчч.Євстратія, Авксентія",,"мчч.Євстратія, Авксентія",,224,2,24,Віднайдення голови
12,13,,,,,,,"Св. мц. Лукії, діви","Святої мучениці Лукії, діви",,,,1213,"мчч.Євстратія, Авксентія",,"мчч.Євстратія, Авксентія",,225,2,25,Тарасія
12,14,,,,,,,"Свв. мчч. Тирса, Левкія, Филимона, Аполлонія й Каленика","Святих мучеників Тирса, Левкія, Филимона, Аполлонія й Каленика","мчч.Тирса, Левкія",,,1214,"мчч.Тирса, Левкія",,"мчч.Тирса, Левкія",,226,2,26,Сиропусна
12,15,,,,🕃,&,,"🕃 Св. Стефана ісп., архиєп. Сурозького","🕃 Святого отця нашого Стефана ісповідника, архиєпископа Сурозького",,,,1215,Єлевтерія,,Єлевтерія,,227,2,27,"Сиропусна, Прокопія"
12,15,,,,,,,Св. сщмч. Єлевтерія,Святого священномученика Єлевтерія,Єлевтерія,,,1215,Єлевтерія,,Єлевтерія,,228,2,28,ПочатокПосту-Василія
12,15,,,,,,,"Прп. Павла, що в Латрі","Преподобного отця нашого Павла, що в Латрі",,,,1215,Єлевтерія,,Єлевтерія,,31,3,1,Євдокії
12,16,,,,,,,Св. прор. Аггея,Святого пророка Аггея,Аггея,,,1216,Аггея,,Аггея,,32,3,2,Теодота
12,17,,,,🕃,&,,🕃 Св. прор. Даниїла,🕃 Святого пророка Даниїла,Даниїла,,,1217,"Даниїла, трьох отроків",,"Даниїла, трьох отроків",,33,3,3,мч. Євтропія
12,17,,,,,,,"Свв. трьох отроків: Ананії, Азарії й Мисаїла","Святих трьох отроків: Ананії, Азарії й Мисаїла",трьох отроків,,,1217,"Даниїла, трьох отроків",,"Даниїла, трьох отроків",,34,3,4,прп. Герасима
12,18,,,,,,,"Св. мч. Севастіана і тих, що з ним","Святого мученика Севастіана і тих, що з ним",Севастіана,,,1218,свв.Отців,,свв.Отців,,35,3,5,Теодора Тирона
12,19,,,,,,,Св. мч. Боніфатія,Святого мученика Боніфатія,Боніфатія,,,1219,Боніфатія,,Боніфатія,,36,3,6,Православя-мчч. Аморейських
12,20,,,,🕃,&,,🕃 Передсвяття Різдва Господа Бога і Спаса нашого Ісуса Христа,🕃 Передсвяття Різдва Господа Бога і Спаса нашого Ісуса Христа,,,,1220,Ігнатія Богоносця,,Ігнатія Богоносця,,37,3,7,свщмчч. Херсонських
12,20,,,,,,,Св. сщмч. Ігнатія Богоносця,Святого священномученика Ігнатія Богоносця,Ігнатія Богоносця,,,1220,Ігнатія Богоносця,,Ігнатія Богоносця,,38,3,8,Теофілакта
12,21,,,,,,,Передсвяття Різдва Христового,Передсвяття Різдва Христового,,,,1221,Юліанії,,Юліанії,,39,3,9,Севастійських мчч.
12,21,,,,,,,Св. мц. Юліанії,Святої мучениці Юліанії,Юліанії,,,1221,Юліанії,,Юліанії,,310,3,10,мч. Кондрата
12,22,,,,,,,Передсвяття Різдва Христового,Передсвяття Різдва Христового,,,,1222,Анастасії,,Анастасії,,311,3,11,Софронія
12,22,,,,,,,Св. вмц. Анастасії,Святої великомучениці Анастасії,Анастасії,,,1222,Анастасії,,Анастасії,,312,3,12,"Теофана, Григорія Двоєслова"
12,23,,,,,,,Передсвяття Різдва Христового,Передсвяття Різдва Христового,,,,1223,мчч. в Кріті,,мчч. в Кріті,,313,3,13,Никифора
12,23,,,,,,,"Свв. десятьох мчч., що в Криті","Святих десятьох мучеників, що в Криті",мчч. в Кріті,,,1223,мчч. в Кріті,,мчч. в Кріті,,314,3,14,Венедикта
12,24,,,r,,,,Навечір’я Різдва Христового,Навечір’я Різдва Христового,Навечіря Різдва,,,1224,Навечіря Різдва-Євгенії,,Навечіря Різдва-Євгенії,,315,3,15,мч. Агапія
12,24,,,,,,,Св. прпмц. Євгенії,Святої преподобномучениці Євгенії,Євгенії,,,1224,Навечіря Різдва-Євгенії,,Навечіря Різдва-Євгенії,,316,3,16,Савина й Папи
12,25,b,,r,🕀,#,&oplus;,🕀 Різдво Господа Бога і Спаса нашого Ісуса Христа,🕀 Різдво Господа Бога і Спаса нашого Ісуса Христа,Різдво ГНІХ,,,1225,РІЗДВО ХРИСТОВЕ,,РІЗДВО ХРИСТОВЕ,,317,3,17,"Олексія, чоловіка Божого"
12,26,,,r,🕃,@,,🕃 Собор Пресвятої Богородиці,🕃 Собор Пресвятої Богородиці,Собор Пресвятої Богородиці,,,1226,Собор Пресвятої Богородиці,,Собор Пресвятої Богородиці,,318,3,18,Кирила Єрусалимського
12,26,,,,,,,"Св. сщмч. Євтимія, єп. Сардійського","Святого священномученика Євтимія, єпископа Сардійського",,,,1226,Собор Пресвятої Богородиці,,Собор Пресвятої Богородиці,,319,3,19,Зупокійна-Хризанта і Дарії
12,27,,,,🕃,&,,"🕃 Св. ап., первмч. й архдияк. Стефана","🕃 Святого апостола, первомученика й архидиякона Стефана",первомч.Стефана,,,1227,первомч.Стефана,,первомч.Стефана,,320,3,20,Хрестопоклонна
12,27,,,,,,,"Прп. й ісп. Теодора Начертанного, брата Теофана, творця канонів","Преподобного отця нашого й ісповідника Теодора Начертанного, брата Теофана, творця канонів",,,,1227,первомч.Стефана,,первомч.Стефана,,321,3,21,Якова Катанського
12,28,,,,,,,"Свв. двадцяти тисяч мчч., спалених у Нікомидії","Святих двадцяти тисяч мучеників, спалених у Нікомидії",20000 мчч.,,,1228,20000 мчч.,,20000 мчч.,,322,3,22,Василія Анкирського
12,28,,,,,,,"Блаж. сщмч. Григорія Хомишина, єп. Станіславівського","Блаженного священномученика Григорія Хомишина, єпископа Станіславівського",,,,1228,20000 мчч.,,20000 мчч.,,323,3,23,прпмч. Нікона
12,29,,,,,,,"Свв. немовлят, за Христа вбитих у Вифлеємі","Святих немовлят, за Христа вбитих у Вифлеємі",свв.младенців Вифлеємських,,,1229,свв.младенців Вифлеємських,,свв.младенців Вифлеємських,,324,3,24,передсв. Благовіщення-Захарії
12,29,,,,,,,"Прп. Маркелла, ігум. монастиря невсипущих","Преподобного отця нашого Маркелла, ігумена монастиря невсипущих",,,,1229,свв.младенців Вифлеємських,,свв.младенців Вифлеємських,,325,3,25,Благовіщення Богородиці
12,30,,,,,,,Св. мц. Анісії,Святої мучениці Анісії,Анісії,,,1230,Анісії,,Анісії,,326,3,26,Собор Гавриїла
12,30,,,,,,,"Прп. Зотика, пресвіт. і кормителя сиріт","Преподобного Зотика, пресвітера і кормителя сиріт",,,,1230,Анісії,,Анісії,,327,3,27,Матрони
12,31,,,,,,,Прп. Меланії Римлянки,Преподобної матері нашої Меланії Римлянки,Меланії Римлянки,,,1231,Меланії Римлянки,,Меланії Римлянки,,328,3,28,Іларіона Нового
12,31,,i,r,,,,Віддання Різдва Христового,У цей день віддається свято Різдва Христового,,,,1231,Меланії Римлянки,,Меланії Римлянки,,329,3,29,прп. Марка
1,1,b,,r,🕀,#,&oplus;,🕀 Обрізання Господа Бога і Спаса нашого Ісуса Христа,🕀 Обрізання Господа Бога і Спаса нашого Ісуса Христа,Обрізання,,,11,Обрізання-Василія_Великого,,Обрізання-Василія_Великого,,330,3,30,Йоана Ліствичника
1,1,b,,r,,,,"Св. Василія Великого, архиєп. Кесарії Каппадокійської","Святого отця нашого Василія Великого, архиєпископа Кесарії Каппадокійської",Василія Великого,,,11,Обрізання-Василія_Великого,,Обрізання-Василія_Великого,,331,3,31,Великого канону-Ігнатія
1,2,,,,,,,Передсвяття Богоявлення,Передсвяття Богоявлення,,,,12,перед_Богоявленням,,перед_Богоявленням-Сильвестра папи Римського,,41,4,1,Марії Єгипетської
1,2,,,,,,,"Св. Сильвестра, папи Римського","Святого Сильвестра, папи Римського","Сильвестра, папи Римського",,,12,Сильвестра папи Римського,,перед_Богоявленням-Сильвестра папи Римського,,42,4,2,Акафістова-Тита
1,3,,,,,,,Передсвяття Богоявлення,Передсвяття Богоявлення,,,,,,,,,,,,
1,3,,,,,,,Св. прор. Малахії,Святого пророка Малахії,Малахії,,,13,Малахії,,перед_Богоявленям-Малахії-Гордія,,44,4,4,Йосифа і Юрія
1,3,,,,,,,Св. мч. Гордія,Святого мученика Гордія,Гордія,,,13,Гордія,,перед_Богоявленям-Малахії-Гордія,,45,4,5,Теодула
1,4,,,,,,,Передсвяття Богоявлення,Передсвяття Богоявлення,,,,14,70 апостолів_прп. Теоктиста,,70 апостолів_прп. Теоктиста,,46,4,6,Євтихія
1,4,,,,,,,Собор свв. сімдесяти апп.,Собор святих сімдесяти апостолів,70 апостолів,,,14,70 апостолів_прп. Теоктиста,,70 апостолів_прп. Теоктиста,,47,4,7,Юрія Митилинського
1,4,,,,,,,"Прп. Теоктиста, ігум., що в Кукумі Сікелійській","Преподобного отця нашого Теоктиста, ігумена, що в Кукумі Сікелійській",прп. Теоктиста,,,14,70 апостолів_прп. Теоктиста,,70 апостолів_прп. Теоктиста,,48,4,8,"апп. Іродіона, Агава"
1,5,,,r,,,,Навечір’я Богоявлення,Навечір’я Богоявлення,Навечір'я Богоявлення,,,15,Навечір_я_Богоявлення,,Навечір_я_Богоявлення,,49,4,9,Лазарева-Євпсихія
1,5,,,,,,,Свв. мчч. Теопемпта й Теони,Святих мучеників Теопемпта й Теони,,,,15,Навечір_я_Богоявлення,,Навечір_я_Богоявлення,,410,4,10,Квітна
1,5,,,,,,,Прп. Синклитікії Олександрійської,Преподобної Синклитікії Олександрійської,,,,15,Навечір_я_Богоявлення,,Навечір_я_Богоявлення,,423,4,23,Юрія
1,6,b,,r,🕀,#,&oplus;,🕀 Святе Богоявлення Господа Бога і Спаса нашого Ісуса Христа,🕀 Святе Богоявлення Господа Бога і Спаса нашого Ісуса Христа,Богоявлення ГНІХ,,,16,Богоявлення_ГНІХ,,Богоявлення_ГНІХ,,425,4,25,єв. Марка
1,7,,,r,🕃,@,,"🕃 Собор св. славн. прор., предтечі і хрестителя Господнього Івана","🕃 Собор святого славного пророка, предтечі і хрестителя Господнього Івана",Собор Івана,,,17,Собор_Йоана,,Собор_Йоана,,426,4,26,Василія
1,8,,,,,,,Прп. Юрія Хозевіта,Преподобного отця нашого Юрія Хозевіта,Юрія Хозевіта,,,18,Георгія-Домініки,,Георгія-Домініки,,427,4,27,Симеона
1,8,,,,,,,"Св. Еміліяна, ісп.","Святого Еміліяна, ісповідника",,,,18,Георгія-Домініки,,Георгія-Домініки,,428,4,28,Ясона і Сосіпатра
1,8,,,,,,,Прп. Домніки,Преподобної матері нашої Домніки,Домніки,,,18,Георгія-Домініки,,Георгія-Домініки,,429,4,29,мчч. в Кизиці
1,9,,,,,,,Св. мч. Полієвкта,Святого мученика Полієвкта,мч. Полієвкта,,,19,По_Богоявленні_мч. Полієвкта,,По_Богоявленні_мч. Полієвкта,,430,4,30,ап. Якова
1,10,,,,,,,"Св. Григорія, єп. Ниського","Святого отця нашого Григорія, єпископа Ниського",Григорія Ніського,,,110,Григорія Ніського_Дометіана,,Григорія Ніського_Дометіана,,51,5,1,Мироносиць-прор.Єремії
1,10,,,,,,,"Прп. Дометіяна, єп. Мелітинського","Преподобного Дометіяна, єпископа Мелітинського",Дометіана,,,110,Григорія Ніського_Дометіана,,Григорія Ніського_Дометіана,,52,5,2,Атанасія
1,10,,,,,,,"Прп. Маркіяна, пресвіт. й економа Великої Церкви","Преподобного Маркіяна, пресвітера й економа Великої Церкви",,,,110,Григорія Ніського_Дометіана,,Григорія Ніського_Дометіана,,53,5,3,Теодосія Печерського
1,11,,,r,🕂,+,&dagger;,"🕂 Прп. Теодосія, спільного життя засновника","🕂 Преподобного отця нашого Теодосія, спільного життя засновника",Теодосія,,,111,свсмч.Теодора Ромжі,Теодосія,свсмч.Теодора Ромжі,,54,5,4,Пелагії
1,12,,,,,,,Св. мц. Тетяни,Святої мучениці Тетяни,Татіяни,,,112,мчч. Акиндина та ін.,Татіяни,мчч. Акиндина та ін.,,55,5,5,Ірини
1,13,,,,,,,Свв. мчч. Єрмила і Стратоніка,Святих мучеників Єрмила і Стратоніка,"Єрміла, Стратоніка",,,113,мчч.Апексими та ін.,Єрміла_Стратоніка,мчч.Апексими та ін.,,56,5,6,Іова
1,14,,,,,,,"Прпп., у Синаї і Раїті повбиваних","Преподобних отців наших, у Синаї і Раїті повбиваних",,,,114,прп.Йоаникія Великого,віддання_Богоявління,прп.Йоаникія Великого,,57,5,7,Явління Хреста
1,14,,,,,,,"Пам’ять переставл. св. рівноап. Ніни, просвітительки Грузії","Пам’ять переставлення святої рівноапостольної Ніни, просвітительки Грузії",,,,114,прп.Йоаникія Великого,Павла,прп.Йоаникія Великого,,58,5,8,Розслабленого-Йоана Богослова
1,14,,i,r,,,,Віддання Богоявлення,У цей день віддається свято Богоявлення,віддання_Богоявління,,,114,прп.Йоаникія Великого,Поклін оковам Петра,прп.Йоаникія Великого,,59,5,9,Миколая Чудотворця
1,15,,,,🕃,&,,🕃 Прпп. Павла Тивейського та Івана Кущника,🕃 Преподобних отців наших Павла Тивейського та Івана Кущника,Павла Тивейського,,,115,мчч.Галактіона і Епістими,Антонія Великого,мчч.Галактіона і Епістими,,510,5,10,Симона Зилота
1,16,,,,🕃,&,,🕃 Поклін чесним оковам св. і всехв. ап. Петра,🕃 Поклін чесним оковам святого і всехвального апостола Петра,Поклін оковам Петра,,,116,св. Павла,Атанасія і Кирила,св. Павла,,511,5,11,Переполовення
1,17,,,r,🕂,+,&dagger;,🕂 Прп. й богоносного Антонія Великого,🕂 Преподобного й богоносного отця нашого Антонія Великого,Антонія Великого,,,117,"мчч., що в Елітині",Макарія Єгипетського,"мчч., що в Елітині",,512,5,12,Епіфанія і Германа
1,18,,,,🕃,&,,🕃 Свв. і архиєпп. Олександрійських Атанасія й Кирила,🕃 Святих отців наших і архиєпископів Олександрійських Атанасія й Кирила,Атанасія і Кирила,,,118,арх.Михаїла,Євтимія Великого,арх.Михаїла,,513,5,13,Гликерії
1,19,,,,🕃,&,,🕃 Прп. Макарія Єгипетського,🕃 Преподобного отця нашого Макарія Єгипетського,Макарія Єгипетського,,,119,мчч.Онисифора й Порфирія,Максима Ісповідника,Макарія Єгипетського,,514,5,14,Ісидора
1,20,,,r,🕂,+,&dagger;,🕂 Прп. й богоносного Євтимія Великого,🕂 Прeподобного й богоносного отця нашого Євтимія Великого,Євтимія Великого,,,120,Євтимія Великого,Тимотея,Євтимія Великого,,515,5,15,Самарянки-Пахомія
1,21,,,,,,,Прп. Максима Ісповідника,Преподобного отця нашого Максима Ісповідника,Максима Ісповідника,,,121,Наума,Пратулинських мчч.,Наума,,516,5,16,Теодора Освященного
1,21,,,,,,,Св. мч. Неофіта,Святого мученика Неофіта,,,,121,Наума,Ксенії Римлянки,Наума,,517,5,17,Андроніка
1,21,,,,,,,"Свв. мчч. Євгенія, Кандида, Валеріяна й Акили","Святих мучеників Євгенія, Кандида, Валеріяна й Акили",,,,121,Наума,Григорія Богослова,Наума,,518,5,18,Віддання Переполов.
1,22,,,,,,,Св. ап. Тимотея,Святого апостола Тимотея,Тимотея,,,122,Аввакума,Ксенофонта,Аввакума,,519,5,19,Патрикія
1,22,,,,,,,Св. прпмч. Анастасія Перського,Святого преподобномученика Анастасія Перського,,,,122,Аввакума,Перенесення мощей Йоана Зол.,Аввакума,,520,5,20,Талалея
1,23,,,,,,,Блаж. Пратулинських мчч.,"Блаженних Пратулинських мучеників: Вінкентія, Микити, Івана, Константина, Михаїла, Онуфрія, Филипа, Максима, Даниїла, Константина, Вартоломея, Луки й Ігнатія",Пратулинських мчч.,,,123,Софонії,Єфрема Сирина,Софонії,,521,5,21,Костянтина і Єлени
1,23,,,,,,,"Св. сщмч. Климента, єп. Анкирського","Святого священномученика Климента, єпископа Анкирського",,,,123,Софонії,Ігнатія Богоносця,Софонії,,522,5,22,Сліпородженого-Василіска
1,23,,,,,,,Св. мч. Агатангела,Святого мученика Агатангела,,,,123,Софонії,Трьох святителів,Софонії,,523,5,23,Михаїла
1,24,,,,,,,Прп. Ксенії Римлянки,Преподобної матері нашої Ксенії Римлянки,Ксенії Римлянки,,,124,"Варвари, Дамаскина",Кира і Йоана,"Варвари, Дамаскина",,524,5,24,Симеона
1,25,,,r,🕂,+,&dagger;,"🕂 Св. Григорія Богослова, архиєп. Царгородського","🕂 Святого отця нашого Григорія Богослова, архиєпископа Царгородського",Григорія Богослова,,,125,Сави Освященного,,Сави Освященного,,525,5,25,Віддання Пасхи
1,26,,,,,,,"Прп. Ксенофонта, дружини його Марії","Преподобного отця нашого Ксенофонта, дружини його Марії",Ксенофонта,,,126,свт. Миколая,,свт. Миколая,,526,5,26,Вознесіння
1,27,,,r,🕂,+,&dagger;,🕂 Перенесення чесних мощів св. Івана Золотоустого,🕂 Перенесення чесних мощів святого отця нашого Івана Золотоустого,Перен. мощей Івана Зол.,,,127,Амвросія Медіолянського,,Амвросія Медіолянського,,527,5,27,Терапонта
1,28,,,,🕃,&,,🕃 Прп. Єфрема Сирійця,🕃 Преподобного отця нашого Єфрема Сирійця,Єфрема Сирійця,,,128,Патапія,,Патапія,,528,5,28,Микити
1,29,,,,🕃,&,,🕃 Перенесення мощів св. сщмч. Ігнатія Богоносця,🕃 Перенесення мощів святого священномученика Ігнатія Богоносця,Ігнатія Богоносця,,,129,Зачаття св. Анни,,Зачаття св. Анни,,529,5,29,Свв.Отців
1,30,,,r,🕁,*,&dagger;,"🕁 Свв. трьох святителів, великих архиєреїв: Василія Великого, Григорія Богослова та Івана Золотоустого","🕁 Святих трьох святителів, великих архиєреїв: Василія Великого, Григорія Богослова та Івана Золотоустого",Трьох святителів,,,130,Трьох святителів,,Трьох святителів,,530,5,30,Ісаакія
1,30,,,,,,,Св. сщмч. Іполита,Святого священномученика Іполита,,,,130,Трьох святителів,,Трьох святителів,,531,5,31,Єрмія
1,31,,,,🕃,&,,🕃 Свв. чудотв. і безср. Кира й Івана,🕃 Святих чудотворців і безсрібників Кира й Івана,Кира й Івана,,,131,Кира і Йоана,,Кира і Йоана,,61,6,1,Юстина мч.
1,31,,,,,,,Прп. Івана Боско,Преподобного отця нашого Івана Боско,,,,131,Кира і Йоана,,Кира і Йоана,,62,6,2,Никофора ісп
2,1,,,,🕃,&,,🕃 Передсвяття Стрітення Господа Бога і Спаса нашого Ісуса Христа,🕃 Передсвяття Стрітення Господа Бога і Спаса нашого Ісуса Христа,,,,21,Трифона,,Трифона,,63,6,3,Лукиліяна-Віддання Вознесіння
2,1,,,,,,,Св. мч. Трифона,Святого мученика Трифона,Трифона,,,21,Трифона,,Трифона,,64,6,4,Заупокійна-Митрофана
2,2,b,,r,🕀,#,&oplus;,🕀 Стрітення Господа Бога і Спаса нашого Ісуса Христа,🕀 Стрітення Господа Бога і Спаса нашого Ісуса Христа,Стрітення ГНІХ,,,22,Стрітення,,Стрітення,,65,6,5,Зіслання Св.Духа
2,3,,,,🕃,&,,"🕃 Св. і прав. Симеона Богоприємця і Анни, пророчиці","🕃 Святого і праведного Симеона Богоприємця і Анни, пророчиці","Симеона, Анни",,,23,Симеона_Анни,,Симеона_Анни,,66,6,6,Святого Духа
2,4,,,,,,,Прп. Ісидора Пилусіотського,Преподобного отця нашого Ісидора Пилусіотського,Ісидора,,,24,Ісидора,,Ісидора,,67,6,7,Теодота Анкирського
2,5,,,,,,,Св. мц. Агафії,Святої мучениці Агафії,Агафії,,,25,Агафії,,Агафії,,68,6,8,Теодора Стратилата
2,6,,,,,,,"Прп. Вукола, єп. Смирнського","Преподобного отця нашого Вукола, єпископа Смирнського",Вукола,,,26,Неділя про Митаря і фарисея,,Неділя про Митаря і фарисея,,69,6,9,Кирила Олександр.
2,6,,,,,,,"Св. сщмч. Сілвана, єп. Ємеського, і тих, що з ним","Святого священномученика Сілвана, єпископа Ємеського, і тих, що з ним",,,,26,Неділя про Митаря і фарисея,,Неділя про Митаря і фарисея,,610,6,10,Тимотея Пруського
2,7,,,,,,,"Прп. Партенія, єп. Лампсакійського","Преподобного отця нашого Партенія, єпископа Лампсакійського",Партенія,,,27,Партенія,,Партенія,,611,6,11,Віддання Зіслання-Вартол. і Варнави
2,7,,,,,,,"Блаж. сщмч. Петра Вергуна, пресвіт.","Блаженного священномученика Петра Вергуна, пресвітера",,,,27,Партенія,,Партенія,,612,6,12,Всіх святих-Онуфрія
2,8,,,,🕃,&,,🕃 Св. вмч. Теодора Стратилата,🕃 Святого великомученика Теодора Стратилата,Теодора Стратилата,,,28,Теодора Стратилата,,Теодора Стратилата,,613,6,13,Акилини мчц.
2,8,,,,,,,Св. прор. Захарії Серповидця,Святого пророка Захарії Серповидця,,,,28,Теодора Стратилата,,Теодора Стратилата,,614,6,14,Єлисея прор.
2,9,,,,,,,Св. мч. Никифора,Святого мученика Никифора,Никифора,,,29,Віддання Стрітення,,Віддання Стрітення,,615,6,15,Амоса
2,9,,i,r,,,,Віддання Стрітення,У цей день віддається свято Стрітення,,,,29,Віддання Стрітення,,Віддання Стрітення,,616,6,16,Євхаристії-Тихона
2,10,,,,,,,Св. мч. Харалампія,Святого мученика Харалампія,Харлампія,,,210,Харлампія,,Харлампія,,617,6,17,"Мануїла, Савела"
2,11,,,,,,,"Св. сщмч. Власія, єп. Севастійського","Святого священномученика Власія, єпископа Севастійського",Власія,,,211,Власія,,Власія,,618,6,18,Леонтія
2,12,,,,,,,"Св. Мелетія, архиєп. Антіохійського","Святого отця нашого Мелетія, архиєпископа Антіохійського",Мелетія,,,212,Мелетія,,Мелетія,,619,6,19,2-ап. Юди
2,13,,,,,,,Прп. Мартиніана,Преподобного отця нашого Мартиніана,Мартиніана,,,213,Блудного сина,,Блудного сина,,620,6,20,Методія Патарського
2,13,,,,,,,Свв. жінок Зої і Фотини (Світлани),Святих жінок Зої і Фотини (Світлани),,,,213,Блудного сина,,Блудного сина,,621,6,21,Юліана
2,14,,,r,🕂,+,&dagger;,"🕂 Переставл. прп. Константина, філософа, у монахах Кирила, учителя слов’янського","🕂 Переставлення преподобного отця нашого Константина, філософа, у монахах Кирила, учителя слов’янського",,,,214,прп. Авксентія,,прп. Авксентія,,622,6,22,Євсевія
2,14,,,,,,,Прп. Авксентія,Преподобного отця нашого Авксентія,Авксентія,,,214,прп. Авксентія,,прп. Авксентія,,623,6,23,Агрипіни
2,14,,,,,,,"Прп. Марона, пустинника, чудотв.","Преподобного Марона, пустинника, чудотворця",,,,214,прп. Авксентія,,прп. Авксентія,,624,6,24,Різдво Предтечі-ХС Чоловіколюбця
2,15,,,,,,,Св. ап. Онисима,Святого апостола Онисима,Онисима,,,215,ап. Онисима,,ап. Онисима,,625,6,25,Февронії-Сострадання
2,16,,,,,,,"Свв. мчч. Памфила, єрея, Порфирія і тих, що з ними","Святих мучеників Памфила, єрея, Порфирія і тих, що з ними","Памфила, Порфирія",,,216,"Памфила, Порфирія",,"Памфила, Порфирія",,626,6,26,3-Давида Солунського
2,17,,,,🕃,&,,🕃 Св. вмч. Теодора Тирона,🕃 Святого великомученика Теодора Тирона,Теодора Тирона,,,217,Теодора Тирона,,Теодора Тирона,,627,6,27,Блаж. свщмчч.
2,18,,,,,,,"Св. Лева, папи Римського","Святого отця нашого Лева, папи Римського","Льва, папи Римського",,,218,"Льва, папи Римського",,"Льва, папи Римського",,628,6,28,Кира і Йоана
2,19,,,,,,,Св. ап. Архипа,Святого апостола Архипа,ап. Архипа,,,219,"Заупокійна, ап. Архипа",,"Заупокійна, ап. Архипа",,629,6,29,Петра і Павла
2,20,,,,,,,"Прп. Лева, єп. Катанського","Преподобного отця нашого Лева, єпископа Катанського",прп. Льва,,,220,"Мясопусна, прп. Льва",,"Мясопусна, прп. Льва",,630,6,30,Собор апп.
2,21,,,,,,,"Прп. Тимотея, що в Символах","Преподобного отця нашого Тимотея, що в Символах",Тимотея,,,221,"Тимотея, Євстатія",,"Тимотея, Євстатія",,71,7,1,Косми і Даміана
2,21,,,,,,,"Св. Євстатія, архиєп. Великої Антіохії","Святого отця нашого Євстатія, архиєпископа Великої Антіохії",Євстатія,,,221,"Тимотея, Євстатія",,"Тимотея, Євстатія",,72,7,2,Гл.4.Єв.5.Положення ризи
2,22,,,,,,,"Віднайдення чесних мощів свв. мчч., що в Євгенії","Віднайдення чесних мощів святих мучеників, що в Євгенії",Віднайд. мощей в Євгенії,,,222,Віднйдення мощей в Євг.,,Віднйдення мощей в Євг.,,73,7,3,мч.Якинта
2,23,,,,,,,"Св. сщмч. Полікарпа, єп. Смирнського","Святого священномученика Полікарпа, єпископа Смирнського",Полікарпа,,,223,Полікарпа,,Полікарпа,,74,7,4,Андрея Критського.Марти
2,24,,,r,🕂,+,&dagger;,"🕂 Перше і друге знайдення чесної голови св. славн. прор., предтечі і хрестителя Господнього Івана","🕂 Перше і друге знайдення чесної голови святого славного пророка, предтечі і хрестителя Господнього Івана",1 і 2 знайд. глави Івана Предтечі,,,224,Віднайдення голови,,Віднайдення голови,,75,7,5,Атанасія Атонського
2,25,,,,,,,"Св. Тарасія, архиєп. Царгородського","Святого отця нашого Тарасія, архиєпископа Царгородського",Тарасія,,,225,Тарасія,,Тарасія,,76,7,6,Сісоя Великого
2,26,,,,,,,"Св. Порфирія, єп. Газького","Святого отця нашого Порфирія, єпископа Газького",Порфирія,,,226,Сиропусна,,Сиропусна,,77,7,7,"Томи,що в Малеї"
2,26,,,,,,,Блаж. Едігни,Блаженної Едігни,,,,226,Сиропусна,,Сиропусна,,78,7,8,Прокопія
2,27,,,,,,,Прп. й ісп. Прокопія Декаполіта,Преподобного отця нашого й ісповідника Прокопія Декаполіта,Прокопія,,,227,"Сиропусна, Прокопія",,"Сиропусна, Прокопія",,79,7,9,Гл.5.Єв.6
2,28,,,,,,,"Прп. й ісп. Василія, співпосника Прокопового","Преподобного отця нашого й ісповідника Василія, співпосника Прокопового",Василія,,,228,ПочатокПосту-Василія,,ПочатокПосту-Василія,,710,7,10,Антонія Печерського
2,29,,,,,,,Прп. Касіана,Преподобного отця нашого Касіана,Касіана,,,229,#N/A,,#N/A,,711,7,11,Євфимії.Ольги
3,1,,,,,,,Св. прпмц. Євдокії,Святої преподобномучениці Євдокії,Євдокії,,,31,Євдокії,,Євдокії,,712,7,12,Прокла й Іларія
3,2,,,,,,,"Св. сщмч. Теодота (Богдана), єп. Киринейського","Святого священномученика Теодота (Богдана), єпископа Киринейського",Теодота,,,32,Теодота,,Теодота,,713,7,13,арх.Гавриїла
3,3,,,,,,,"Свв. мчч. Євтропія, Клеоніка й Василиска","Святих мучеників Євтропія, Клеоніка й Василиска",мч. Євтропія,,,33,мч. Євтропія,,мч. Євтропія,,714,7,14,ап.Акили
3,4,,,,,,,"Прп. Герасима, що на Йордані","Преподобного отця нашого Герасима, що на Йордані",прп. Герасима,,,34,прп. Герасима,,прп. Герасима,,715,7,15,Володимира Великого
3,5,,,,,,,Св. мч. Конона,Святого мученика Конона,Теодора Тирона,,,35,Теодора Тирона,,Теодора Тирона,,716,7,16,Гл.6.Єв.7.Отців
3,6,,,,,,,"Свв. сорока двох мчч., що в Аморії","Святих сорока двох мучеників, що в Аморії",мчч. Аморейських,,,36,Православя-мчч. Аморейських,,Православя-мчч. Аморейських,,717,7,17,Марини
3,7,,,,,,,"Свв. сщмчч., що були єпп. в Херсоні: Василія, Єфрема, Капітона, Євгенія, Етерія й інших","Святих священномучеників, що були єпископами в Херсоні: Василія, Єфрема, Капітона, Євгенія, Етерія й інших",сщмчч. Херсонських,,,37,свщмчч. Херсонських,,свщмчч. Херсонських,,718,7,18,Якинта
3,7,,,,,,,Блаж. сщмч. Леоніда-Леонтія Федорова,Блаженного священномученика Леоніда-Леонтія Федорова,,,,37,свщмчч. Херсонських,,свщмчч. Херсонських,,719,7,19,Макрини.Дія
3,8,,,,,,,"Прп. й ісп. Теофілакта, єп. Нікомидійського","Преподобного отця нашого й ісповідника Теофілакта, єпископа Нікомидійського",Теофілакта,,,38,Теофілакта,,Теофілакта,,720,7,20,Іллі
3,9,,,r,🕂,+,&dagger;,"🕂 Свв. сорока мчч., замучених у Севастійському озері","🕂 Святих сорока мучеників, замучених у Севастійському озері",40 Севастійських мчч.,,,39,Севастійських мчч.,,Севастійських мчч.,,721,7,21,Симеона
3,10,,,,,,,"Св. мч. Кодрата і тих, що з ним: Кипріана, Ніки, Галини та інших","Святого мученика Кодрата і тих, що з ним: Кипріана, Ніки, Галини та інших",мч. Кондрата,,,310,мч. Кондрата,,мч. Кондрата,,722,7,22,Марії Магдалини
3,11,,,,,,,"Св. Софронія, патр. Єрусалимського","Святого отця нашого Софронія, патріарха Єрусалимського",Софронія,,,311,Софронія,,Софронія,,724,7,24,Бориса і Гліба
3,12,,,,,,,Прп. й ісп. Теофана Сигріанського,Преподобного отця нашого й ісповідника Теофана Сигріанського,Теофана,,,312,"Теофана, Григорія Двоєслова",,"Теофана, Григорія Двоєслова",,725,7,25,Успення Анни
3,12,,,,,,,"Св. Григорія Двоєслова, папи Римського","Святого отця нашого Григорія Двоєслова, папи Римського",Григорія Двоєслова,,,312,"Теофана, Григорія Двоєслова",,"Теофана, Григорія Двоєслова",,726,7,26,Єрмолая
3,13,,,,,,,"Перенесення мощів св. Никифора, патр. Царгородського","Перенесення мощів святого отця нашого Никифора, патріарха Царгородського",Никифора,,,313,Никифора,,Никифора,,727,7,27,Пантелеймона
3,14,,,,,,,Прп. Венедикта,Преподобного отця нашого Венедикта,Венедикта,,,314,Венедикта,,Венедикта,,728,7,28,"Прохора,Никанора"
3,15,,,,,,,Св. мч. Агапія і з ним шести мчч.,Святого мученика Агапія і з ним шести мучеників,мч. Агапія,,,315,мч. Агапія,,мч. Агапія,,729,7,29,Каліника
3,16,,,,,,,Свв. мчч. Савина й Папи,Святих мучеників Савина й Папи,Савина й Папи,,,316,Савина й Папи,,Савина й Папи,,731,7,31,Передсв.походу_з_Хрестом
3,17,,,,,,,"Прп. Олексія, чоловіка Божого","Преподобного отця нашого Олексія, чоловіка Божого","Олексія, чоловіка Божого",,,317,"Олексія, чоловіка Божого",,"Олексія, чоловіка Божого",,81,8,1,Похід з чесним Древом Хреста
3,18,,,,,,,"Св. Кирила, архиєп. Єрусалимського","Святого отця нашого Кирила, архиєпископа Єрусалимського",Кирила Єрусалимського,,,318,Кирила Єрусалимського,,Кирила Єрусалимського,,82,8,2,Перенесення мощів архид.Стефана
3,19,,,,,,,Свв. мчч. Хризанта й Дарії,Святих мучеників Хризанта й Дарії,Хризанта і Дарії,,,319,Зупокійна-Хризанта і Дарії,,Зупокійна-Хризанта і Дарії,,83,8,3,"Ісаакія, Далмата, Фавста."
3,20,,,,,,,"Прпп. отців, яких убили сарацини в обителі Св. Сави","Преподобних отців наших, яких убили сарацини в обителі Святого Сави",прп отців обителі св. Сави,,,320,Хрестопоклонна,,Хрестопоклонна,,84,8,4,сімох отроків ефеських
3,21,,,,,,,"Прп. й ісп. Якова, єп. Катанського","Преподобного отця нашого й ісповідника Якова, єпископа Катанського",Якова Катанського,,,321,Якова Катанського,,Якова Катанського,,85,8,5,"передсвяття Преображення,Євсигнія"
3,22,,,,,,,"Св. сщмч. Василія, пресвіт. Анкирського","Святого священномученика Василія, пресвітера Анкирського",Василія Анкирського,,,322,Василія Анкирського,,Василія Анкирського,,86,8,6,ПРЕОБРАЖЕННЯ ГОСПОДНЄ
3,23,,,,,,,"Св. прпмч. Нікона і 200 учнів його, з ним замучених","Святого преподобномученика Нікона і двохсот учнів його, з ним замучених",прпмч. Нікона,,,323,прпмч. Нікона,,прпмч. Нікона,,87,8,7,прпмч. Дометія
3,24,,,,🕃,&,,🕃 Передсвяття Благовіщення Пресвятої Богородиці,🕃 Передсвяття Благовіщення Пресвятої Богородиці,передсв. Благовіщення,,,324,передсв. Благовіщення-Захарії,,передсв. Благовіщення-Захарії,,88,8,8,Еміліяна
3,24,,,,,,,Прп. Захарії,Преподобного отця нашого Захарії,Захарії,,,324,передсв. Благовіщення-Захарії,,передсв. Благовіщення-Захарії,,89,8,9,ап. Матія
3,24,,,,,,,"Св. Артемона, єп. Селевкії Пісідійської","Святого отця нашого Артемона, єпископа Селевкії Пісідійської",,,,324,передсв. Благовіщення-Захарії,,передсв. Благовіщення-Захарії,,810,8,10,арх. Лаврентія
3,25,b,,r,🕀,#,&oplus;,🕀 Благовіщення Пресв. Владичиці нашої Богородиці і Приснодіви Марії,🕀 Благовіщення Пресвятої Владичиці нашої Богородиці і Приснодіви Марії,Благовіщення Богородиці,,,325,Благовіщення Богородиці,,Благовіщення Богородиці,,811,8,11,арх. Євпла
3,25,,,,,,,"Блаж. сщмч. Омеляна Ковча, пресвіт.","Блаженного священномученика Омеляна Ковча, пресвітера",,,,325,Благовіщення Богородиці,,Благовіщення Богородиці,,812,8,12,мчч. Фотія і Аникити
3,26,,,r,🕃,@,,🕃 Собор архангела Гавриїла,🕃 Собор архангела Гавриїла,Собор Гавриїла,,,326,Собор Гавриїла,,Собор Гавриїла,,813,8,13,"віддання Преображення, Максима Ісп."
3,26,,i,r,,,,Віддання Благовіщення,У цей день віддається свято Благовіщення,,,,326,Собор Гавриїла,,Собор Гавриїла,,814,8,14,Гл.1. - передсв.Успення
3,27,,,,,,,"Св. Матрони, що в Солуні","Святої матері нашої Матрони, що в Солуні",Матрони,,,327,Матрони,,Матрони,,815,8,15,УСПЕННЯ
3,28,,,,,,,Прп. Іларіона Нового,Преподобного отця нашого Іларіона Нового,Іларіона Нового,,,328,Іларіона Нового,,Іларіона Нового,,816,8,16,"Образу, Діомида"
3,28,,,,,,,"Св. Стефана, чудотв.","Святого Стефана, чудотворця",,,,328,Іларіона Нового,,Іларіона Нового,,817,8,17,Мирона
3,29,,,,,,,"Прп. Марка, єп. Аретусійського, і Кирила дияк., та інших, що з ним постраждали при Юліані, мучителеві","Преподобного отця нашого Марка, єпископа Аретусійського, і Кирила диякона, та інших, що з ним постраждали при Юліані, мучителеві",прп. Марка,,,329,прп. Марка,,прп. Марка,,818,8,18,"Флора і Лавра, Спомин осв. Собору"
3,30,,,,,,,"Прп. Івана, автора «Ліствиці»","Препoдобного отця нашого Івана, автора «Ліствиці»",Йоана Ліствичника,,,330,Йоана Ліствичника,,Йоана Ліствичника,,819,8,19,Андрея Стратопедарха
3,31,,,,,,,"Прп. Іпатія, єп. Гангренського","Преподобного отця нашого Іпатія, єпископа Гангренського",Великого канону-Ігнатія,,,331,Великого канону-Ігнатія,,Великого канону-Ігнатія,,820,8,20,прор. Самуїла
4,1,,,,,,,Прп. Марії Єгипетської,Преподобної матері нашої Марії Єгипетської,Марії Єгипетської,,,41,Марії Єгипетської,,Марії Єгипетської,,821,8,21,"мч.Тадея, мчц. Васси"
4,2,,,,,,,"Прп. Тита, чудотв.","Преподобного отця нашого Тита, чудотворця",Тита,,,42,Акафістова-Тита,,Акафістова-Тита,,822,8,22,Агатоніка
4,3,,,,,,,"Прп. й ісп. Микити, ігум. обителі Мидикійської","Преподобного отця нашого й ісповідника Микити, ігумена обителі Мидикійської",Микити,,,43,Микити,,#N/A,,823,8,23,"віддання Успення, мч. Луппа"
4,4,,,,,,,"Прпп. Йосифа, піснописця, і Юрія, що в Малеї","Преподобних отців наших Йосифа, піснописця, і Юрія, що в Малеї",Йосифа і Юрія,,,44,Йосифа і Юрія,,Йосифа і Юрія,,824,8,24,мч. Євтиха
4,5,,,,,,,"Свв. мчч. Теодула й Агатопода, і тих, що з ними","Святих мучеників Теодула й Агатопода, і тих, що з ними",Теодула,,,45,Теодула,,Теодула,,825,8,25,"Вартоломея, ап. Тита"
4,6,,,r,🕂,+,&dagger;,"🕂 Переставл. св. Методія, учителя слов’янського","🕂 Переставлення святого отця нашого Методія, учителя слов’янського",,,,46,Євтихія,,Євтихія,,826,8,26,Адріана і Наталії
4,6,,,,,,,"Св. Євтихія, архиєп. Царгородського","Святого отця нашого Євтихія, архиєпископа Царгородського",Євтихія,,,46,Євтихія,,Євтихія,,827,8,27,Пімена
4,7,,,,,,,"Прп. Юрія, єп. Мітилинського","Преподобного отця нашого Юрія, єпископа Мітилинського",Юрія Митилинського,,,47,Юрія Митилинського,,Юрія Митилинського,,828,8,28,Мойсея Мурина
4,8,,,,,,,"Свв. апп. Іродіона, Агава, Руфа, Асинкріта, Флегонта і Єрма","Святих апостолів Іродіона, Агава, Руфа, Асинкріта, Флегонта і Єрма","апп. Іродіона, Агава",,,48,"апп. Іродіона, Агава",,"апп. Іродіона, Агава",,829,8,29,УСІКНОВЕННЯ ГЛАВИ ПРЕДТЕЧІ
4,9,,,,,,,Св. мч. Євпсихія,Святого мученика Євпсихія,Євпсихія,,,49,Лазарева-Євпсихія,,Лазарева-Євпсихія,,830,8,30,"Олександра, Йоана, Павла Нового"
4,10,,,,,,,"Свв. мчч. Терентія, Помпія і тих, що з ними","Святих мучеників Терентія, Помпія і тих, що з ними",,,,410,,,Квітна,,831,8,31,Положення Пояса Богородиці
4,11,,,,,,,"Св. сщмч. Антипи, єп. Пергаму Азійського","Святого священномученика Антипи, єпископа Пергаму Азійського",Антипи,,,411,#N/A,,#N/A,,,,,
4,12,,,,,,,"Прп. й ісп. Василія, єп. Парійського","Преподобного отця нашого й ісповідника Василія, єпископа Парійського",Василія Парійського,,,412,#N/A,,#N/A,,,,,
4,13,,,,,,,"Св. сщмч. Артемона і тих, що з ним","Святого священномученика Артемона і тих, що з ним",Артемона,,,413,#N/A,,#N/A,,,,,
4,14,,,,,,,"Св. Мартина Ісповідника, папи Римського","Святого отця нашого Мартина Ісповідника, папи Римського",Мартина Ісповідника,,,414,#N/A,,#N/A,,,,,
4,14,,,,,,,"Свв. мчч. Віленських: Антонія, Івана і Євстатія","Святих мучеників Віленських: Антонія, Івана і Євстатія",,,,414,#N/A,,#N/A,,,,,
4,15,,,,,,,"Свв. апп. Аристарха, Пуда і Трофима","Святих апостолів Аристарха, Пуда і Трофима","Аристарха, Пуда, Трофима",,,415,#N/A,,#N/A,,,,,
4,16,,,,,,,"Свв. мцц.-дів Агапії, Ірини й Хіонії","Святих мучениць-дів Агапії, Ірини й Хіонії","Агапії, Ірини, Хіонії",,,416,#N/A,,#N/A,,,,,
4,17,,,,,,,"Прп. Симеона, що в Персиді","Преподобного отця нашого Симеона, що в Персиді",Симеона в Персиді,,,417,#N/A,,#N/A,,,,,
4,17,,,,,,,"Прп. Акакія, єп. Мелітинського","Преподобного отця нашого Акакія, єпископа Мелітинського",Акакія Мелітинського,,,417,#N/A,,#N/A,,,,,
4,18,,,,,,,"Прп. Івана, учня св. Григорія Декаполіта","Преподобного отця нашого Івана, учня святого Григорія Декаполіта","Івана, учня Григорія Декаполіта",,,418,#N/A,,#N/A,,,,,
4,19,,,,,,,"Прп. Івана, старопечерника","Преподобного отця нашого Івана, старопечерника",Івана старопечерника,,,419,#N/A,,#N/A,,,,,
4,20,,,,,,,Прп. Тедора Трихіни,Преподобного отця нашого Тедора Трихіни,Теодора Трихіни,,,420,#N/A,,#N/A,,,,,
4,21,,,,,,,"Св. сщмч. Януарія і тих, що з ним","Святого священномученика Януарія і тих, що з ним",Януарія,,,421,#N/A,,#N/A,,,,,
4,21,,,,,,,"Св. мч. Теодора, що в Пергії","Святого мученика Теодора, що в Пергії",Теодора в Пергії,,,421,#N/A,,#N/A,,,,,
4,22,,,,,,,Прп. Теодора Сикеота,Преподобного отця нашого Теодора Сикеота,Теодора Сикеот,,,422,#N/A,,#N/A,,,,,
4,23,,,r,🕁,*,&dagger;,"🕁 Св. славн. вмч., переможця й чудотв. Юрія","🕁 Святого славного великомученика, переможця й чудотворця Юрія",Юрія,,,423,Юрія,,Юрія,,,,,
4,24,,,,,,,"Св. мч. Сави Стратилата, воєводи","Святого мученика Сави Стратилата, воєводи",Сави Стратилата,,,424,#N/A,,#N/A,,,,,
4,25,,,r,🕂,+,&dagger;,🕂 Св. ап. і єв. Марка,🕂 Святого апостола і євангелиста Марка,ап. Марка,,,425,єв. Марка,,єв. Марка,,,,,
4,26,,,,,,,"Св. сщмч. Василія, єп. Амасійського","Святого священномученика Василія, єпископа Амасійського",Василія Амасійського,,,426,Василія,,Василія,,,,,
4,27,,,,🕃,&,,"🕃 Св. сщмч. Симеона, родича Господнього","🕃 Святого священномученика Симеона, родича Господнього",Симеона,,,427,Симеона,,Симеона,,,,,
4,27,,,,,,,"Прп. Стефана, єп. Володимирського","Преподобного отця нашого Стефана, єпископа Володимирського",,,,427,Симеона,,Симеона,,,,,
4,28,,,,,,,Свв. апп. Ясона й Сосіпатра,Святих апостолів Ясона й Сосіпатра,Ясона і Сосіпатра,,,428,Ясона і Сосіпатра,,Ясона і Сосіпатра,,,,,
4,28,,,,,,,"Свв. мчч. Дади, Максима й Кинтиліана","Святих мучеників Дади, Максима й Кинтиліана",,,,428,Ясона і Сосіпатра,,Ясона і Сосіпатра,,,,,
4,28,,,,,,,"Св. Кирила, єп. Турівського","Святого отця нашого Кирила, єпископа Турівського",,,,428,Ясона і Сосіпатра,,Ясона і Сосіпатра,,,,,
4,29,,,,,,,"Свв. дев’ятьох мчч., що в Кизиці","Святих дев’ятьох мучеників, що в Кизиці",мчч. в Кизиці,,,429,мчч. в Кизиці,,мчч. в Кизиці,,,,,
4,29,,,,,,,"Прп. Мемнона, чудотв.","Преподобного Мемнона, чудотворця",,,,429,мчч. в Кизиці,,мчч. в Кизиці,,,,,
4,30,,,r,🕂,+,&dagger;,"🕂 Св. ап. Якова, брата св. Івана Богослова","🕂 Святого апостола Якова, брата святого Івана Богослова",ап. Якова,,,430,ап. Якова,,ап. Якова,,,,,
5,1,,,,,,,Св. прор. Єремії,Святого пророка Єремії,прор.Єремії,,,51,Мироносиць-прор.Єремії,,Мироносиць-прор.Єремії,,,,,
5,1,,,,,,,"Блаж. сщмч. Климентія Шептицького, архим. Унівського","Блаженного священномученика Климентія Шептицького, архимандрита Унівського",,,,51,Мироносиць-прор.Єремії,,Мироносиць-прор.Єремії,,,,,
5,2,,,,🕃,&,,"🕃 Св. Атанасія Великого, архиєп. Олександрійського","🕃 Святого отця Атанасія Великого, архиєпископа Олександрійського",Атанасія,,,52,Атанасія,,Атанасія,,,,,
5,3,,,r,🕂,+,&dagger;,"🕂 Переставл. прп. Теодосія, ігум. монастиря Печерського, спільного життя засновника","🕂 Переставлення преподобного отця нашого Теодосія, ігумена монастиря Печерського, спільного життя засновника",Теодосія Печерського,,,53,Теодосія Печерського,,Теодосія Печерського,,,,,
5,3,,,,,,,Свв. мчч. Тимотея й Маври,Святих мучеників Тимотея й Маври,,,,53,Теодосія Печерського,,Теодосія Печерського,,,,,
5,4,,,,,,,Св. мц. Пелагії,Святої мучениці Пелагії,Пелагії,,,54,Пелагії,,Пелагії,,,,,
5,5,,,,,,,Св. і славн. мц. Ірини,Святої і славної мучениці Ірини,Ірини,,,55,Ірини,,Ірини,,,,,
5,5,,,,,,,"Прп. Никифора, ігум. монастиря Мидікійського","Преподобного отця нашого Никифора, ігумена монастиря Мидікійського",,,,55,Ірини,,Ірини,,,,,
5,6,,,,,,,"Св., і прав., і багатостражд. Йова","Святого, і праведного, і багатостраждального Йова",Іова,,,56,Іова,,Іова,,,,,
5,7,,,,🕃,&,,🕃 Спогад про явління на небі знамення чесного Хреста у св. місті Єрусалимі,🕃 Спогад про явління на небі знамення чесного Хреста у святому місті Єрусалимі,Явління Хреста,,,57,Явління Хреста,,Явління Хреста,,,,,
5,7,,,,,,,Св. мч. Акакія,Святого мученика Акакія,,,,57,Явління Хреста,,Явління Хреста,,,,,
5,8,,,r,🕁,*,&dagger;,🕁 Св. ап. і єв. Івана Богослова,🕁 Святого апостола і євангелиста Івана Богослова,Йоана Богослова,,,58,Розслабленого-Йоана Богослова,,Розслабленого-Йоана Богослова,,,,,
5,8,,,,,,,Прп. Арсенія Великого,Преподобного отця нашого Арсенія Великого,,,,58,Розслабленого-Йоана Богослова,,Розслабленого-Йоана Богослова,,,,,
5,9,,,r,🕂,+,&dagger;,🕂 Перенесення чесних мощів св. Миколая Чудотворця з Мир до міста Барі,🕂 Перенесення чесних мощів святого отця нашого Миколая Чудотворця з Мир до міста Барі,Перен. мощей св. Миколая,,,59,Миколая Чудотворця,,Миколая Чудотворця,,,,,
5,9,,,,,,,Св. прор. Ісаї,Святого пророка Ісаї,,,,59,Миколая Чудотворця,,Миколая Чудотворця,,,,,
5,9,,,,,,,Св. мч. Христофора,Святого мученика Христофора,,,,59,Миколая Чудотворця,,Миколая Чудотворця,,,,,
5,10,,,r,🕂,+,&dagger;,🕂 Св. ап. Симона Зилота,🕂 Святого апостола Симона Зилота,Симона Зилота,,,510,Симона Зилота,,Симона Зилота,,,,,
5,11,,,r,🕂,+,&dagger;,"🕂 Свв. рівноапп. Кирила й Методія, учителів слов’янських","🕂 Святих рівноапостольних Кирила й Методія, учителів слов’янських",Кирила і Методія,,,511,Переполовення,,Переполовення,,,,,
5,11,,,,,,,Св. сщмч. Мокія,Святого священномученика Мокія,Мокія,,,511,Переполовення,,Переполовення,,,,,
5,12,,,,,,,"Свв. Епіфанія, єп. Кипрського, і Германа, патр. Царгородського","Святих отців наших Епіфанія, єпископа Кипрського, і Германа, патріарха Царгородського",Епіфанія і Германа,,,512,Епіфанія і Германа,,Епіфанія і Германа,,,,,
5,13,,,,,,,Св. мц. Гликерії,Святої мучениці Гликерії,Гликерії,,,513,Гликерії,,Гликерії,,,,,
5,14,,,,,,,Св. мч. Ісидора,Святого мученика Ісидора,Ісидора,,,514,Ісидора,,Ісидора,,,,,
5,15,,,,🕃,&,,🕃 Прп. Пахомія Великого,🕃 Преподобного отця нашого Пахомія Великого,Пахомія,,,515,Самарянки-Пахомія,,Самарянки-Пахомія,,,,,
5,16,,,,,,,"Прп. Теодора Освященного, учня св. Пахомія","Преподобного отця нашого Теодора Освященного, учня святого Пахомія",Теодора Освященного,,,516,Теодора Освященного,,Теодора Освященного,,,,,
5,16,,,,,,,"Блаж. сщмчч. Северіана Бараника, Якима Сенківського, Віталія Байрака","Блаженних священномучеників Северіана Бараника, Якима Сенківського, Віталія Байрака",,,,516,Теодора Освященного,,Теодора Освященного,,,,,
5,17,,,,,,,"Св. ап. Андроніка і тих, що з ним","Святого апостола Андроніка і тих, що з ним",Андроніка,,,517,Андроніка,,Андроніка,,,,,
5,17,,,,,,,Блаж. сщмч. Івана Зятика,Блаженного священномученика Івана Зятика,,,,517,Андроніка,,Андроніка,,,,,
5,18,,,,,,,"Св. мч. Теодота (Богдана), що в Анкирі","Святого мученика Теодота (Богдана), що в Анкирі",Теодота,,,518,Віддання Переполов.,,Віддання Переполов.,,,,,
5,18,,,,,,,"Свв. мчч. Петра, Діонісія і тих, що з ними","Святих мучеників Петра, Діонісія і тих, що з ними",,,,518,Віддання Переполов.,,Віддання Переполов.,,,,,
5,18,,,,,,,Свв. сімох дів,Святих сімох дів,,,,518,Віддання Переполов.,,Віддання Переполов.,,,,,
5,19,,,,,,,"Св. сщмч. Патрикія, єп. Пруського, і тих, що з ним","Святого священномученика Патрикія, єпископа Пруського, і тих, що з ним",Патрикія,,,519,Патрикія,,Патрикія,,,,,
5,20,,,,,,,Св. мч. Талалея,Святого мученика Талалея,Талалея,,,520,Талалея,,Талалея,,,,,
5,21,,,r,🕂,+,&dagger;,🕂 Свв. великих царів і рівноапп. Константина й Олени,🕂 Святих великих царів і рівноапостольних Константина й Олени,Костянтина і Єлени,,,521,Костянтина і Єлени,,Костянтина і Єлени,,,,,
5,22,,,,,,,Св. мч. Василіска,Святого мученика Василіска,Василіска,,,522,Сліпородженого-Василіска,,Сліпородженого-Василіска,,,,,
5,23,,,,,,,"Прп. Євфросинії Полоцької, ігум. монастиря Св. Спаса","Преподобної Євфросинії Полоцької, ігумені монастиря Святого Спаса",,,,523,Михаїла,,Михаїла,,,,,
5,23,,,,,,,"Прп. й ісп. Михаїла, єп. Синадського","Преподобного отця нашого й ісповідника Михаїла, єпископа Синадського",Михаїла,,,523,Михаїла,,Михаїла,,,,,
5,24,,,,🕃,&,,"🕃 Прп. Микити, стовпника, переяславського чудотв.","🕃 Преподобного отця нашого Микити, стовпника, переяславського чудотворця",,,,524,Симеона,,Симеона,,,,,
5,24,,,,🕃,&,,"🕃 Прп. Симеона, що на Дивній горі","🕃 Преподобного отця нашого Симеона, що на Дивній горі",Симеона,,,524,Симеона,,Симеона,,,,,
5,25,,,r,🕂,+,&dagger;,"🕂 Третє віднайдення чесної голови св. і славн. прор., предтечі і хрестителя Господнього Івана","🕂 Третє віднайдення чесної голови святого і славного пророка, предтечі і хрестителя Господнього Івана",3 віднайд. голови Івана Предтечі,,,525,Віддання Пасхи,,Віддання Пасхи,,,,,
5,25,,,,,,,"Блаж. сщмч. Миколи Цегельського, пресвіт.","Блаженного священномученика Миколи Цегельського, пресвітера",,,,525,Віддання Пасхи,,Віддання Пасхи,,,,,
5,26,,,,,,,"Св. ап. Карпа, одного із сімдесятьох","Святого апостола Карпа, одного із сімдесятьох",Карпа,,,526,Вознесіння,,Вознесіння,,,,,
5,27,,,,,,,Св. сщмч. Терапонта,Святого священномученика Терапонта,Тепапонта,,,527,Терапонта,,Терапонта,,,,,
5,28,,,,,,,"Прп. Микити, єп. Халкедонського","Преподобного отця нашого Микити, єпископа Халкедонського",Микити Халкедонського,,,528,Микити,,Микити,,,,,
5,29,,,,,,,"Св. прпмц. Теодосії, діви","Святої преподобномучениці Теодосії, діви",Теодосії,,,529,Свв.Отців,,Свв.Отців,,,,,
5,30,,,,,,,"Прп. Ісаакія, ігум. обителі Далматської","Преподобного отця нашого Ісаакія, ігумена обителі Далматської",Ісаакія,,,530,Ісаакія,,Ісаакія,,,,,
5,31,,,,,,,Св. ап. Єрмія,Святого апостола Єрмія,Єрмія,,,531,Єрмія,,Єрмія,,,,,
5,31,,,,,,,Св. мч. Єрмея,Святого мученика Єрмея,,,,531,Єрмія,,Єрмія,,,,,
6,1,,,,,,,"Св. мч. Юстина, філософа, і тих, що з ним","Святого мученика Юстина, філософа, і тих, що з ним",Юстина,,,61,Юстина мч.,,Юстина мч.,,,,,
6,2,,,,,,,"Св. Никифора, ісп.","Святого отця нашого Никифора, ісповідника",Никофора,,,62,Никофора ісп,,Никофора ісп,,,,,
6,3,,,,,,,"Св. мч. Лукиліяна і тих, що з ним","Святого мученика Лукиліяна і тих, що з ним",Лукиліяна,,,63,Лукиліяна-Віддання Вознесіння,,Лукиліяна-Віддання Вознесіння,,,,,
6,4,,,,,,,"Св. Митрофана, патр. Царгородського","Святого отця нашого Митрофана, патріарха Царгородського",Митрофана,,,64,Заупокійна-Митрофана,,Заупокійна-Митрофана,,,,,
6,5,,,,,,,"Св. сщмч. Доротея, єп. Тирського","Святого священномученика Доротея, єпископа Тирського",Доротея,,,65,Зіслання Св.Духа,,Зіслання Св.Духа,,,,,
6,5,,,,,,,"Св. мч. Косми, пресвіт. вірменського","Святого мученика Косми, пресвітера вірменського",,,,65,Зіслання Св.Духа,,Зіслання Св.Духа,,,,,
6,6,,,,,,,"Прп. Висаріона, чудотв.","Преподобного отця нашого Висаріона, чудотворця",Висаріона,,,66,Святого Духа,,Святого Духа,,,,,
6,6,,,,,,,"Прп. Іларіона Нового, ігум. Далматської обителі, ісп.","Преподобного Іларіона Нового, ігумена Далматської обителі, ісповідника",Іларіона Нового,,,66,Святого Духа,,Святого Духа,,,,,
6,7,,,,,,,"Св. сщмч. Теодота (Богдана), єп. Анкирського","Святого священномученика Теодота (Богдана), єпископа Анкирського",Теодота Анкирського,,,67,Теодота Анкирського,,Теодота Анкирського,,,,,
6,8,,,,🕃,&,,🕃 Перенесення мощів св. вмч. Теодора Тирона,🕃 Перенесення мощів святого великомученика Теодора Тирона,Перен. мощей Теодора Тирона,,,68,Теодора Стратилата,,Теодора Стратилата,,,,,
6,9,,,,🕃,&,,"🕃 Св. Кирила, архиєп. Олександрійського","🕃 Святого отця нашого Кирила, архиєпископа Олександрійського",Кирила Олександр.,,,69,Кирила Олександр.,,Кирила Олександр.,,,,,
6,10,,,,,,,"Св. сщмч. Тимотея, єп. Пруського","Святого священномученика Тимотея, єпископа Пруського",Тимотея Пруського,,,610,Тимотея Пруського,,Тимотея Пруського,,,,,
6,11,,,r,🕂,+,&dagger;,🕂 Свв. апп. Вартоломея й Варнави,🕂 Святих апостолів Вартоломея й Варнави,Вартоломея і Варнави,,,611,Віддання Зіслання-Вартол. і Варнави,,Віддання Зіслання-Вартол. і Варнави,,,,,
6,12,,,,🕃,&,,🕃 Прп. Онуфрія Великого,🕃 Преподобного отця нашого Онуфрія Великого,Онуфрія,,,612,Всіх святих-Онуфрія,,Всіх святих-Онуфрія,,,,,
6,12,,,,,,,Прп. Петра Афонського,Преподобного отця нашого Петра Афонського,,,,612,Всіх святих-Онуфрія,,Всіх святих-Онуфрія,,,,,
6,13,,,,,,,Св. мц. Акилини,Святої мучениці Акилини,Акилини,,,613,Акилини мчц.,,Акилини мчц.,,,,,
6,13,,,,,,,"Св. Трифилія, єп. Левкусії Кипрської","Святого Трифилія, єпископа Левкусії Кипрської",,,,613,Акилини мчц.,,Акилини мчц.,,,,,
6,13,,,,,,,Прп. Антонія Падуанського,Преподобного отця нашого Антонія Падуанського,,,,613,Акилини мчц.,,Акилини мчц.,,,,,
6,14,,,,,,,Св. прор. Єлисея,Святого пророка Єлисея,Єлисея,,,614,Єлисея прор.,,Єлисея прор.,,,,,
6,14,,,,,,,"Св. Методія, патр. Царгородського","Святого отця нашого Методія, патріарха Царгородського",,,,614,Єлисея прор.,,Єлисея прор.,,,,,
6,15,,,,,,,Св. прор. Амоса,Святого пророка Амоса,Амоса,,,615,Амоса,,Амоса,,,,,
6,15,,,,,,,"Прп. Єроніма, пресвіт. Стридонського","Преподобного Єроніма, пресвітера Стридонського",,,,615,Амоса,,Амоса,,,,,
6,16,,,,,,,Св. і чудотв. Тихона Аматунтського,Святого отця нашого і чудотворця Тихона Аматунтського,Тихона,,,616,Євхаристії-Тихона,,Євхаристії-Тихона,,,,,
6,17,,,,,,,"Свв. мчч. Мануїла, Савела й Ісмаїла","Святих мучеників Мануїла, Савела й Ісмаїла","Мануїла, Савела",,,617,"Мануїла, Савела",,"Мануїла, Савела",,,,,
6,17,,,,,,,"Прп. Іпатія, ігум. Руфеніанського","Преподобного отця нашого Іпатія, ігумена Руфеніанського",,,,617,"Мануїла, Савела",,"Мануїла, Савела",,,,,
6,18,,,,,,,Св. мч. Леонтія,Святого мученика Леонтія,Леонтія,,,618,Леонтія,,Леонтія,,,,,
6,19,,,r,🕂,+,&dagger;,"🕂 Св. ап. Юди, брата Господнього","🕂 Святого апостола Юди, брата Господнього",ап. Юди,,,619,2-ап. Юди,,2-ап. Юди,,,,,
6,20,,,,,,,"Св. сщмч. Методія, єп. Патарського","Святого священномученика Методія, єпископа Патарського",Методія Патарського,,,620,Методія Патарського,,Методія Патарського,,,,,
6,21,,,,,,,Св. мч. Юліана Тарсійського,Святого мученика Юліана Тарсійського,Юліана,,,621,Юліана,,Юліана,,,,,
6,22,,,,,,,"Св. сщмч. Євсевія, єп. Самосатського","Святого священномученика Євсевія, єпископа Самосатського",Євсевія,,,622,Євсевія,,Євсевія,,,,,
6,23,,,,,,,Св. мц. Агрипіни,Святої мучениці Агрипіни,Агрипіни,,,623,Агрипіни,,Агрипіни,,,,,
6,24,b,,r,🕀,#,&oplus;,"🕀 Різдво чесного і славн. прор., предтечі і хрестителя Господнього Івана","🕀 Різдво чесного і славного пророка, предтечі і хрестителя Господнього Івана",Різдво Предтечі,,,624,Різдво Предтечі-ХС Чоловіколюбця,,Різдво Предтечі-ХС Чоловіколюбця,,,,,
6,25,,,,,,,Св. прпмц. Февронії,Святої преподобномучениці Февронії,Февронії,,,625,Февронії-Сострадання,,Февронії-Сострадання,,,,,
6,26,,,,,,,"Прп. Давида, що в Солуні","Преподобного отця нашого Давида, що в Солуні",Давида Солунського,,,626,3-Давида Солунського,,3-Давида Солунського,,,,,
6,26,,,,,,,"Блаж. сщмч. Андрія Іщака, пресвіт.","Блаженного священномученика Андрія Іщака, пресвітера",,,,626,3-Давида Солунського,,3-Давида Солунського,,,,,
6,26,,,,,,,"Блаж. сщмч. Миколи Конрада, пресвіт., і мч. Володимира Прийми, співця","Блаженних священномученика Миколи Конрада, пресвітера, і мученика Володимира Прийми, співця",,,,626,3-Давида Солунського,,3-Давида Солунського,,,,,
6,27,,,r,🕁,*,&dagger;,🕁 Блаж. сщмч. Миколая Чарнецького і двадцяти чотирьох співмучеників; блаженного сщмч. Омеляна Ковча,🕁 Блаженного священномученика Миколая Чарнецького і двадцяти чотирьох співмучеників; блаженного священномученика Омеляна Ковча,Миколая Чарнецького і 20 мчч,,,627,Блаж. свщмчч.,,Блаж. свщмчч.,,,,,
6,27,,,,,,,"Прп. Сампсона, приятеля подорожніх й убогих","Преподобного отця нашого Сампсона, приятеля подорожніх й убогих",,,,627,Блаж. свщмчч.,,Блаж. свщмчч.,,,,,
6,28,,,,🕃,&,,🕃 Перенесення мощів свв. безср. Кира і Івана,🕃 Перенесення мощів святих безсрібників Кира і Івана,Кира і Йоана,,,628,Кира і Йоана,,Кира і Йоана,,,,,
6,29,b,,r,🕀,#,&oplus;,🕀 Свв. славних і всехвальних первоверховних апп. Петра й Павла,🕀 Святих славних і всехвальних первоверховних апостолів Петра й Павла,Петра і Павла,,,629,Петра і Павла,,Петра і Павла,,,,,
6,30,,,r,🕂,+,&dagger;,🕂 Собор свв. славних і всехвальних дванадцяти апп.,🕂 Собор святих славних і всехвальних дванадцяти апостолів,Собор апп.,,,630,Собор апп.,,Собор апп.,,,,,
6,30,,,,,,,Блаж. сщмч. Василія Величковського,Блаженного священномученика Василія Величковського,,,,630,Собор апп.,,Собор апп.,,,,,
7,1,,,,🕃,&,,🕃 Свв. безср. і чудотв. Косми й Дам’яна,🕃 Святих безсрібників і чудотворців Косми й Дам’яна,Косми і Даміана,,,71,Косми і Даміана,,Косми і Даміана,,,,,
7,2,,,r,🕂,+,&dagger;,🕂 Положення чесної ризи Пресвятої Владичиці нашої Богородиці у Влахерні,🕂 Положення чесної ризи Пресвятої Владичиці нашої Богородиці у Влахерні,положення ризи,,,72,Гл.4.Єв.5.Положення ризи,,Гл.4.Єв.5.Положення ризи,,,,,
7,3,,,,,,,Св. мч. Якинта,Святого мученика Якинта,Якинта,мч,,73,мч.Якинта,,мч.Якинта,,,,,
7,4,,,,,,,"Св. Андрія, архиєп. Критського, єрусалимлянина","Святого отця нашого Андрія, архиєпископа Критського, єрусалимлянина",Андрея Критського,,,74,Андрея Критського.Марти,,Андрея Критського.Марти,,,,,
7,4,,,,,,,"Прп. Марти, матері св. Симеона Дивногорця","Преподобної Марти, матері святого Симеона Дивногорця",Марти,,,74,Андрея Критського.Марти,,Андрея Критського.Марти,,,,,
7,5,,,r,🕂,+,&dagger;,🕂 Прп. Атанасія Афонського,🕂 Преподобного отця нашого Атанасія Афонського,Атанасія Афонського,,,75,Атанасія Атонського,,Атанасія Атонського,,,,,
7,6,,,,,,,Прп. Сисоя Великого,Преподобного отця нашого Сисоя Великого,Сісоя Великого,,,76,,,Сісоя Великого,,,,,
7,7,,,,,,,"Прпп. Томи, що в Малеї, і Акакія, про якого згадує «Ліствиця»","Преподобних отців наших Томи, що в Малеї, і Акакія, про якого згадує «Ліствиця»","Томи,що в Малеї",,,77,,,"Томи,що в Малеї",,,,,
7,8,,,,🕃,&,,🕃 Св. вмч. Прокопія,🕃 Святого великомученика Прокопія,Прокопія,,,78,,,Прокопія,,,,,
7,9,,,,,,,"Св. сщмч. Панкратія, єп. Тавроменійського","Святого священномученика Панкратія, єпископа Тавроменійського",Панкратія,,,79,Гл.5.Єв.6,,Гл.5.Єв.6,,,,,
7,10,,,r,🕂,+,&dagger;,"🕂 Прп. Антонія Печерського, Київського","🕂 Преподобного отця нашого Антонія Печерського, Київського",Антонія Печерського,,,710,Антонія Печерського,,Антонія Печерського,,,,,
7,10,,,,,,,"Свв. сорока п’ятьох мчч., що в Нікополі Вірменському","Святих сорока п’ятьох мучеників, що в Нікополі Вірменському",,,,710,Антонія Печерського,,Антонія Печерського,,,,,
7,10,,,,,,,"Свв. братів-мчч. Франциска, Мутія і Рафаїла і тих, що з ними вбиті в Дамаску","Святих братів-мучеників Франциска, Мутія і Рафаїла і тих, що з ними вбиті в Дамаску",,,,710,Антонія Печерського,,Антонія Печерського,,,,,
7,11,,,r,🕂,+,&dagger;,"🕂 Переставл. блаж. Ольги, княгині Київської, у хрещенні названої Оленою","🕂 Переставлення блаженної Ольги, княгині Київської, у хрещенні названої Оленою",бл.кн.Ольги,,,711,Євфимії.Ольги,,Євфимії.Ольги,,,,,
7,11,,,,🕃,&,,🕃 Св. мц. і прехвальної Євфимії,🕃 Святої мучениці і прехвальної Євфимії,Євфимії,,,711,Євфимії.Ольги,,Євфимії.Ольги,,,,,
7,12,,,,,,,Свв. мчч. Прокла й Іларія,Святих мучеників Прокла й Іларія,Прокла й Іларія,,,712,Прокла й Іларія,,Прокла й Іларія,,,,,
7,12,,,,,,,Прп. Михаїла Малеїна,Преподобного отця нашого Михаїла Малеїна,,,,712,Прокла й Іларія,,Прокла й Іларія,,,,,
7,13,,,,🕃,&,,🕃 Собор св. архангела Гавриїла,🕃 Собор святого архангела Гавриїла,арх. Гавриїла,,,713,арх.Гавриїла,,арх.Гавриїла,,,,,
7,13,,,,,,,Прп. Стефана Савваїта,Преподобного отця нашого Стефана Савваїта,,,,713,арх.Гавриїла,,арх.Гавриїла,,,,,
7,13,,,,,,,"Св. Юліана, єп. Кеноманійського","Святого отця нашого Юліана, єпископа Кеноманійського",,,,713,арх.Гавриїла,,арх.Гавриїла,,,,,
7,14,,,,🕃,&,,🕃 Св. ап. Акили,🕃 Святого апостола Акили,ап.Акили,,,714,ап.Акили,,ап.Акили,,,,,
7,15,,,r,🕁,*,&dagger;,"🕁 Св. рівноап., вел. князя Володимира, у святому хрещенні названого Василієм","🕁 Святого рівноапостольного, великого князя Володимира, у святому хрещенні названого Василієм",Володимира Великого,,,715,Володимира Великого,,Володимира Великого,,,,,
7,15,,,,,,,Свв. мчч. Кирика і Юліти,Святих мучеників Кирика і Юліти,,,,715,Володимира Великого,,Володимира Великого,,,,,
7,16,,,,,,,Св. сщмч. Атеногена і десятьох учнів його,Святого священномученика Атеногена і десятьох учнів його,Атеногена,,,716,Гл.6.Єв.7.Отців,,Гл.6.Єв.7.Отців,,,,,
7,17,,,,🕃,&,,🕃 Св. вмц. Марини,🕃 Святої великомучениці Марини,Марини,мчц,,717,Марини,,Марини,,,,,
7,17,,,,,,,"Блаж. сщмч. Павла Гойдича, єп. Пряшівського","Блаженного священномученика Павла Гойдича, єпископа Пряшівського",,,,717,Марини,,Марини,,,,,
7,18,,,,,,,"Св. мч. Якинта, що в Амастриді","Святого мученика Якинта, що в Амастриді",Якинта в Амастриді,мч,,718,Якинта,,Якинта,,,,,
7,18,,,,,,,Св. мч. Еміліяна,Святого мученика Еміліяна,,,,718,Якинта,,Якинта,,,,,
7,18,,,,,,,Блаж. прпмц. Тарсикії Мацьків,Блаженної преподобномучениці Тарсикії Мацьків,,,,718,Якинта,,Якинта,,,,,
7,19,,,,,,,"Прп. Макрини, сестри св. Василія Великого","Преподобної матері нашої Макрини, сестри святого Василія Великого",Макрини,,,719,Макрини.Дія,,Макрини.Дія,,,,,
7,19,,,,,,,Прп. Дія,Преподобного отця нашого Дія,,,,719,Макрини.Дія,,Макрини.Дія,,,,,
7,20,,,r,🕁,*,&dagger;,🕁 Св. славн. прор. Іллі,🕁 Святого славного пророка Іллі,прор.Іллі,,,720,Іллі,,Іллі,,,,,
7,21,,,,,,,"Прпп. Симеона, Христа ради юродивого, та Івана, співпосника його","Преподобних отців наших Симеона, Христа ради юродивого, та Івана, співпосника його",Симеона та Івана,,,721,Симеона,,Симеона,,,,,
7,21,,,,,,,Св. прор. Єзекиїла,Святого пророка Єзекиїла,,,,721,Симеона,,Симеона,,,,,
7,22,,,,🕃,&,,🕃 Св. мироносиці й рівноап. Марії Магдалини,🕃 Святої мироносиці й рівноапостольної Марії Магдалини,Марії Магдалини,,,722,Марії Магдалини,,Марії Магдалини,,,,,
7,22,,,,,,,Повернення мощів св. сщмч. Фоки,Повернення мощів святого священномученика Фоки,,,,722,Марії Магдалини,,Марії Магдалини,,,,,
7,23,,,,,,,"Свв. мчч. Трофима, Теофіла і тих, що з ними","Святих мучеників Трофима, Теофіла і тих, що з ними","Трофима, Теофіла",мчч,,723,#N/A,,#N/A,,,,,
7,23,,,,,,,"Блаж. сщмч. Василія Гопка, єп.","Блаженного священномученика Василія Гопка, єпископа",,,,723,#N/A,,#N/A,,,,,
7,24,,,r,🕂,+,&dagger;,"🕂 Свв. мчч. Бориса і Гліба, у хрещенні названих Романом і Давидом","🕂 Святих мучеників Бориса і Гліба, у святому хрещенні названих Романом і Давидом",Бориса і Гліба,,,724,Бориса і Гліба,,Бориса і Гліба,,,,,
7,24,,,,🕃,&,,🕃 Св. вмц. Христини,🕃 Святої великомучениці Христини,,,,724,Бориса і Гліба,,Бориса і Гліба,,,,,
7,24,,,,,,,Прп. Шарбеля,Преподобного отця нашого Шарбеля,,,,724,Бориса і Гліба,,Бориса і Гліба,,,,,
7,25,,,r,🕂,+,&dagger;,"🕂 Успіння св. Анни, матері Пресвятої Богородиці","🕂 Успіння святої Анни, матері Пресвятої Богородиці",успення Анни,,,725,Успення Анни,,Успення Анни,,,,,
7,25,,,,,,,Пам’ять свв. жінок Олімпіади і Євпраксії,Пам’ять святих жінок Олімпіади і Євпраксії,,,,725,Успення Анни,,Успення Анни,,,,,
7,26,,,,,,,"Св. сщмч. Єрмолая і тих, що з ним","Святого священномученика Єрмолая і тих, що з ним",Єрмолая,,,726,Єрмолая,,Єрмолая,,,,,
7,26,,,,,,,Св. прпмц. Параскеви,Святої преподобномучениці Параскеви,,,,726,Єрмолая,,Єрмолая,,,,,
7,27,,,r,🕂,+,&dagger;,🕂 Св. вмч. й цілителя Пантелеймона,🕂 Святого великомученика й цілителя Пантелеймона,Пантелеймона,,,727,Пантелеймона,,Пантелеймона,,,,,
7,27,,,,,,,"Св. Климента, архиєп. Охридського, чудотв.","Святого отця нашого Климента, архиєпископа Охридського, чудотворця",,,,727,Пантелеймона,,Пантелеймона,,,,,
7,28,,,,,,,"Свв. апп. і дияконів Прохора, Никанора, Тимона й Пармена","Святих апостолів і дияконів Прохора, Никанора, Тимона й Пармена","Прохора,Никанора",,,728,"Прохора,Никанора",,"Прохора,Никанора",,,,,
7,29,,,,,,,Св. мч. Каленика,Святого мученика Каленика,Каліника,,,729,Каліника,,Каліника,,,,,
7,30,,,,,,,"Свв. апп. Сили й Силуана і тих, що з ними","Святих апостолів Сили й Силуана і тих, що з ними",Сила й Силуана,,,730,#N/A,,#N/A,,,,,
7,31,,,,🕃,&,,🕃 Передсвяття походу з чесним і животворним Хрестом Господнім,🕃 Передсвяття походу з чесним і животворним Хрестом Господнім,передсв. походу з Хрестом,,,731,Передсв.походу_з_Хрестом,,Передсв.походу_з_Хрестом,,,,,
7,31,,,,,,,Св. і прав. Євдокима,Святого і праведного Євдокима,,прп,,731,Передсв.походу_з_Хрестом,,Передсв.походу_з_Хрестом,,,,,
8,1,,,r,🕃,@,,🕃 Похід із чесним Деревом чесного і животворного Хреста,🕃 Похід із чесним Деревом чесного і животворного Хреста,Похід з чесним Древом Хреста,,,81,Похід з чесним Древом Хреста,,Похід з чесним Древом Хреста,,,,,
8,1,,,,,,,"Свв. сімох мчч. Макавеїв, і матері їх Соломії, і старця Єлеазара","Святих сімох мучеників Макавеїв, і матері їх Соломії, і старця Єлеазара",,,,81,Похід з чесним Древом Хреста,,Похід з чесним Древом Хреста,,,,,
8,1,,,,,,,Прп. Альфонса Лігуорі,Преподобного отця нашого Альфонса Лігуорі,,,,81,Похід з чесним Древом Хреста,,Похід з чесним Древом Хреста,,,,,
8,1,,i,r,,,,Початок Успенського посту,У цей день починається Успенський піст,,,,81,Похід з чесним Древом Хреста,,Похід з чесним Древом Хреста,,,,,
8,2,,,,🕃,&,,🕃 Перенесення мощів св. первмч. й архдияк. Стефана,🕃 Перенесення мощів святого первомученика й архидиякона Стефана,Перенесення мощів архид.Стефана,,,82,Перенесення мощів архид.Стефана,,Перенесення мощів архид.Стефана,,,,,
8,3,,,,,,,"Прпп. Ісаакія, Далмата й Фавста","Преподобних отців наших Ісаакія, Далмата й Фавста","Ісаакія, Далмата, Фавста.",,,83,"Ісаакія, Далмата, Фавста.",,"Ісаакія, Далмата, Фавста.",,,,,
8,4,,,,,,,"Свв. сімох отроків, що в Ефесі","Святих сімох отроків, що в Ефесі",сімох отроків ефеських,,,84,сімох отроків ефеських,,сімох отроків ефеських,,,,,
8,4,,,,,,,Св. прпмц. Євдокії,Святої преподобномучениці Євдокії,,,,84,сімох отроків ефеських,,сімох отроків ефеських,,,,,
8,5,,,,🕃,&,,🕃 Передсвяття Переображення Господа нашого Ісуса Христа,🕃 Передсвяття Переображення Господа нашого Ісуса Христа,передсвяття Преображення,,,85,"передсвяття Преображення,Євсигнія",,"передсвяття Преображення,Євсигнія",,,,,
8,5,,,,,,,Св. мч. Євсигнія,Святого мученика Євсигнія,Євсигнія,,,85,"передсвяття Преображення,Євсигнія",,"передсвяття Преображення,Євсигнія",,,,,
8,6,b,,r,🕀,#,&oplus;,🕀 Святе Переображення Господа Бога і Спаса нашого Ісуса Христа,🕀 Святе Переображення Господа Бога і Спаса нашого Ісуса Христа,Преображення ГНІХ,,,86,ПРЕОБРАЖЕННЯ ГОСПОДНЄ,,ПРЕОБРАЖЕННЯ ГОСПОДНЄ,,,,,
8,7,,,,,,,Св. прпмч. Дометія,Святого преподобномученика Дометія,прпмч. Дометія,,,87,прпмч. Дометія,,прпмч. Дометія,,,,,
8,8,,,,,,,"Св. Еміліяна, ісп., єп. Кизицького","Святого Еміліяна, ісповідника, єпископа Кизицького",Еміліяна,,,88,Еміліяна,,Еміліяна,,,,,
8,9,,,r,🕂,+,&dagger;,🕂 Св. ап. Матія,🕂 Святого апостола Матія,ап. Матія,,,89,ап. Матія,,ап. Матія,,,,,
8,10,,,,,,,Св. мч. й архдияк. Лаврентія,Святого мученика й архидиякона Лаврентія,арх. Лаврентія,,,810,арх. Лаврентія,,арх. Лаврентія,,,,,
8,11,,,,,,,Св. мч. й архдияк. Євпла,Святого мученика й архидиякона Євпла,арх. Євпла,,,811,арх. Євпла,,арх. Євпла,,,,,
8,12,,,,,,,Свв. мчч. Фотія й Аникити,Святих мучеників Фотія й Аникити,мчч. Фотія і Аникити,,,812,мчч. Фотія і Аникити,,мчч. Фотія і Аникити,,,,,
8,13,,,,,,,Прп. Максима Ісповідника,Преподобного отця нашого Максима Ісповідника,,,,813,"віддання Преображення, Максима Ісп.",,"віддання Преображення, Максима Ісп.",,,,,
8,13,,i,r,,,,Віддання Переображення,У цей день віддається свято Переображення,віддання Преображення,,,813,"віддання Преображення, Максима Ісп.",,"віддання Преображення, Максима Ісп.",,,,,
8,14,,,r,🕂,+,&dagger;,"🕂 Перенесення чесних мощів прп. Теодосія, ігум. Печерського","🕂 Перенесення чесних мощів преподобного Теодосія, ігумена Печерського",Теодосія Печерського,,,814,Гл.1. - передсв.Успення,,Гл.1. - передсв.Успення,,,,,
8,14,,,,🕃,&,,🕃 Передсвяття Успіння Пресвятої Богородиці,🕃 Передсвяття Успіння Пресвятої Богородиці,передсв.Успіння,,,814,Гл.1. - передсв.Успення,,Гл.1. - передсв.Успення,,,,,
8,14,,,,,,,Св. прор. Міхея,Святого пророка Міхея,,,,814,Гл.1. - передсв.Успення,,Гл.1. - передсв.Успення,,,,,
8,15,b,,r,🕀,#,&oplus;,🕀 Успіння Пресвятої Владичиці нашої Богородиці і Приснодіви Марії,🕀 Успіння Пресвятої Владичиці нашої Богородиці і Приснодіви Марії,Успіння Богородиці,,,815,УСПЕННЯ,,УСПЕННЯ,,,,,
8,16,,,r,🕃,@,,"🕃 Перенесення з Едеси до Царгороду нерукотв. образа Господа Бога і Спаса нашого Ісуса Христа, названого святим обрусом","🕃 Перенесення з Едеси до Царгороду нерукотворного образа Господа Бога і Спаса нашого Ісуса Христа, названого святим обрусом",Образу,,,816,"Образу, Діомида",,"Образу, Діомида",,,,,
8,16,,,,,,,Св. мч. Діомида,Святого мученика Діомида,Діомида,,,816,"Образу, Діомида",,"Образу, Діомида",,,,,
8,17,,,,,,,Св. мч. Мирона,Святого мученика Мирона,Мирона,,,817,Мирона,,Мирона,,,,,
8,18,,,r,🕂,+,&dagger;,🕂 Спомин освяч. Патріаршого собору Воскресіння Христового в Києві,🕂 Спомин освячення Патріаршого собору Воскресіння Христового в Києві,Спомин осв. Собору,,,818,"Флора і Лавра, Спомин осв. Собору",,"Флора і Лавра, Спомин осв. Собору",,,,,
8,18,,,,,,,Свв. мчч. Флора й Лавра,Святих мучеників Флора й Лавра,Флора і Лавра,,,818,"Флора і Лавра, Спомин осв. Собору",,"Флора і Лавра, Спомин осв. Собору",,,,,
8,19,,,,,,,"Св. мч. Андрія Стратопедарха – сотника, і тих, що з ним","Святого мученика Андрія Стратопедарха – сотника, і тих, що з ним",Андрея Стратопедарха,,,819,Андрея Стратопедарха,,Андрея Стратопедарха,,,,,
8,20,,,,,,,Св. прор. Самуїла,Святого пророка Самуїла,прор. Самуїла,,,820,прор. Самуїла,,прор. Самуїла,,,,,
8,21,,,,,,,Св. ап. Тадея,Святого апостола Тадея,мч.Тадея,,,821,"мч.Тадея, мчц. Васси",,"мч.Тадея, мчц. Васси",,,,,
8,21,,,,,,,Св. мц. Васси,Святої мучениці Васси,мчц. Васси,,,821,"мч.Тадея, мчц. Васси",,"мч.Тадея, мчц. Васси",,,,,
8,22,,,,,,,"Св. мч. Агатоніка і тих, що з ним","Святого мученика Агатоніка і тих, що з ним",Агатоніка,,,822,Агатоніка,,Агатоніка,,,,,
8,22,,,,,,,Блаж. сщмч. Симеона Лукача,Блаженного священномученика Симеона Лукача,,,,822,Агатоніка,,Агатоніка,,,,,
8,23,,,,,,,Св. мч. Луппа,Святого мученика Луппа,мч. Луппа,,,823,"віддання Успення, мч. Луппа",,"віддання Успення, мч. Луппа",,,,,
8,23,,,,,,,"Св. сщмч. Іринея, єп. Ліонського","Святого священномученика Іринея, єпископа Ліонського",,,,823,"віддання Успення, мч. Луппа",,"віддання Успення, мч. Луппа",,,,,
8,23,,i,r,,,,Віддання Успіння Пресв. Богородиці,У цей день віддається свято Успіння Пресвятої Богородиці,віддання Успення,,,823,"віддання Успення, мч. Луппа",,"віддання Успення, мч. Луппа",,,,,
8,24,,,,,,,Св. сщмч. Євтиха,Святого священномученика Євтиха,мч. Євтиха,,,824,мч. Євтиха,,мч. Євтиха,,,,,
8,25,,,,🕃,&,,🕃 Повернення мощів св. ап. Вартоломея,🕃 Повернення мощів святого апостола Вартоломея,Вартоломея,,,825,"Вартоломея, ап. Тита",,"Вартоломея, ап. Тита",,,,,
8,25,,,,,,,Св. ап. Тита,Святого апостола Тита,ап. Тита,,,825,"Вартоломея, ап. Тита",,"Вартоломея, ап. Тита",,,,,
8,26,,,,,,,Свв. мчч. Адріана й Наталії,Святих мучеників Адріана й Наталії,Адріана і Наталії,,,826,Адріана і Наталії,,Адріана і Наталії,,,,,
8,27,,,,,,,Прп. Пімена,Преподобного отця нашого Пімена,Пімена,,,827,Пімена,,Пімена,,,,,
8,27,,,,,,,Блаж. прпмцц. Лаврентії Герасимів і Олімпії Біди,Блаженних преподобномучениць Лаврентії Герасимів і Олімпії Біди,,,,827,Пімена,,Пімена,,,,,
8,28,,,,,,,"Собор прпп. отців Печерських, що споч. у дальніх печерах","Собор преподобних отців Печерських, що спочивають у дальніх печерах",,,,828,Мойсея Мурина,,Мойсея Мурина,,,,,
8,28,,,,,,,Прп. Мойсея Мурина,Преподобного Мойсея Мурина,Мойсея Мурина,,,828,Мойсея Мурина,,Мойсея Мурина,,,,,
8,28,,,,,,,"Св. Августина, єп. Іппонського","Святого отця нашого Августина, єпископа Іппонського",,,,828,Мойсея Мурина,,Мойсея Мурина,,,,,
8,28,,,,,,,"Св. мч. Гебре Михаїла, пресвіт. ефіопського","Святого мученика Гебре Михаїла, пресвітера ефіопського",,,,828,Мойсея Мурина,,Мойсея Мурина,,,,,
8,29,b,,r,🕀,#,&oplus;,"🕀 Усікновення чесної голови чесного і славн. прор., предтечі і хрестителя Івана","🕀 Усікновення чесної голови чесного і славного пророка, предтечі і хрестителя Івана",Усікновення голови Предтечі,,,829,УСІКНОВЕННЯ ГЛАВИ ПРЕДТЕЧІ,,УСІКНОВЕННЯ ГЛАВИ ПРЕДТЕЧІ,,,,,
8,30,,,,,,,"Свв. патр. Царгородських: Олександра, Івана й Павла Нового","Святих отців наших патріархів Царгородських: Олександра, Івана й Павла Нового","Олександра, Йоана, Павла Нового",,,830,"Олександра, Йоана, Павла Нового",,"Олександра, Йоана, Павла Нового",,,,,
8,31,,,r,🕂,+,&dagger;,🕂 Положення чесного пояса Пресвятої Владичиці нашої Богородиці,🕂 Положення чесного пояса Пресвятої Владичиці нашої Богородиці,положення пояса,,,831,Положення Пояса Богородиці,,Положення Пояса Богородиці,,,,,