Читання,Книга,# зач.,,перевірка,Присвята,Примітка
"Йо. 1 зач.; 1, 1-17.",Йо.,1,,,В святу й велику неділю Пасхи на Літургії,
"Йо. 2 зач.; 1, 18-28.",Йо.,2,,,Понеділок світлого тижня,
"Йо. 3 зач.; 1, 29-34.",Йо.,3,,,Другого дня Богоявлення на Літургії,
"Йо. 4 зач.; 1, 35-51.",Йо.,4,,,Середа світлого тижня. Це і апостолові Андрієві,
"Йо. 5 зач.; 1, 43-51.",Йо.,5,,,Неділя 1-ша посту. Це ж і святому апостолові Филипові,
"Йо. 6 зач.; 2, 1-11.",Йо.,6,,,Понеділок 2-го тижня,
"Йо. 7 зач.; 2, 12-22.",Йо.,7,,,П'ятниця світлого тижня,
"Йо. 8 зач.; 3, 1-15.",Йо.,8,,,Четвер світлого тижня,
"Йо. 9 зач.; 3, 13-17.",Йо.,9,,,Неділя перед Воздвиженням,
"Йо. 10 зач.; 3, 16-21.",Йо.,10,,,Вівторок 2-го тижня,
"Йо. 11 зач.; 3, 22-33.",Йо.,11,,,Субота світлого тижня,
"Йо. 12 зач.; 4, 5-42.",Йо.,12,,,"Неділя 5-та після Пасхи, про самарянку",
"Йо. 13 зач.; 4, 46-54.",Йо.,13,,,Понеділок 3-го тижня,
"Йо. 14 зач.; 5, 1-15.",Йо.,14,,?,"Неділя 4-та, про розслабленого",
"Йо. 14 зач.; 5, 1-4.",Йо.,14,,?,На освячення води,
"Йо. 15 зач.; 5, 17-24.",Йо.,15,,,Середа 2-го тижня. Це ж і мертвим в понеділок,
"Йо. 16 зач.; 5, 24-30.",Йо.,16,,,Четвер 2-го тижня. Це ж і мертвим у вівторок і в суботу.,
"Йо. 17 зач.; 5, 30 – 6, 2.",Йо.,17,,,П'ятниця 2-го тижня,
"Йо. 18 зач.; 6, 5-14.",Йо.,18,,,Середа 5-го тижня,
"Йо. 19 зач.; 6, 14-27.",Йо.,19,,,Субота 2-га після Пасхи,
"Йо. 20 зач.; 6, 27-33.",Йо.,20,,,Вівторок 3-го тижня,
"Йо. 21 зач.; 6, 35-39.",Йо.,21,,,Середа 3-го тижня. Це і мертвим у середу,
"Йо. 22 зач.; 6, 40-44.",Йо.,22,,,Четвер 3-го тижня,
"Йо. 23 зач.; 6, 48-54.",Йо.,23,,?,П'ятниця 3-го тижня,нема abc
"Йо. 23 зач.; 6, 55-58.",Йо.,23,,?,Понеділок 4-го тижня,нема abc
"Йо. 24 зач.; 6, 56-69.",Йо.,24,,,Вівторок 4-го тижня,
"Йо. 25 зач.; 7, 1-13.",Йо.,25,,,Середа 4-го тижня,
"Йо. 26 зач.; 7, 14-30.",Йо.,26,,,"Неділя 8-ма, П'ятдесятниця",
"Йо. 27 зач.; 7, 37-52; 8, 12.",Йо.,27,,,П'ятниця 3-го тижня,
"Йо. 28 зач.; 8, 3-11.",Йо.,28,,,Святим жінкам,
"Йо. 29 зач.; 8, 12-20.",Йо.,29,,,Четвер 4-го тижня,
"Йо. 30 зач.; 8, 21-30.",Йо.,30,,,П'ятниця 4-го тижня. Це ж і в суботу після Воздвиження,
"Йо. 31 зач.; 8, 31-42.",Йо.,31,,,Субота 4-го тижня,
"Йо. 32 зач.; 8, 42-51.",Йо.,32,,,Понеділок 5-го тижня,
"Йо. 33 зач.; 8, 51-59.",Йо.,33,,,Вівторок 5-го тижня,
"Йо. 34 зач.; 9, 1-38.",Йо.,34,,,Неділя про сліпородженого,
"Йо. 35 зач.; 10, 1-9.",Йо.,35,b,,Святителям на Утрені,
"Йо. 35 зач.; 9, 39 – 10, 9.",Йо.,35,a,,Четвер 5-го тижня,
"Йо. 36 зач.; 10, 9-16.",Йо.,36,,,Святителям на Літургії,
"Йо. 37 зач.; 10, 22-28.",Йо.,37,,?,П'ятниця 5-го тижня,
"Йо. 37 зач.; 10, 17-28.",Йо.,37,,?,На посвячення церкви,
"Йо. 38 зач.; 10, 27-38.",Йо.,38,,,Субота 5-го тижня,Вже є субота 5-го тижня з іншого Єв.
"Йо. 39 зач.; 11, 1-45.",Йо.,39,,,Лазарева субота,
"Йо. 40 зач.; 11, 47-57.",Йо.,40,,,Понеділок 6-го тижня,
"Йо. 41 зач.; 12, 1-18.",Йо.,41,,?,В квітну неділю на Літургії,
"Йо. 41 зач.; 12, 17-50.",Йо.,41,,?,В святу й велику середу на Утрені,
"Йо. 42 зач.; 12, 19-36.",Йо.,42,,?,Вівторок 6-го тижня,
"Йо. 42 зач.; 12, 28-36.",Йо.,42,,?,"На Воздвиження Хреста, на Утрені",
"Йо. 43 зач.; 12, 36-47.",Йо.,43,,,Середа 6-го тижня,
"Йо. 44 зач.; 13, 1-11.",Йо.,44,,,"У великий четвер, Євангеліє 1-ше на умивання ніг",
"Йо. 45 зач.; 13, 12-17.",Йо.,45,,,"Євангеліє 2-ге, після умивання ніг",
"Йо. 46 зач.; 13, 32 - 18, 1.",Йо.,46,,,Євангеліє 1-ше святих страстей,
"Йо. 47 зач.; 14, 1-11.",Йо.,47,,,П'ятниця 6-го тижня,
"Йо. 48 зач.; 14, 10-21.",Йо.,48,a,,Субота 6-го тижня,
"Йо. 48 зач.; 14, 21-24",Йо.,48,b,,Святому апостолі Юді,
"Йо. 49 зач.; 14, 27 – 15, 7.",Йо.,49,,,Понеділок 7-го тижня,"Мт 56, теж пн 7-го тижня"
"Йо. 50 зач.; 15, 1-7.",Йо.,50,,,"2-го вересня, Мамантові",
"Йо. 51 зач.; 15, 9-16.",Йо.,51,,,"11 травня, Мокієві",
"Йо. 52 зач.; 15, 17 – 16, 2.",Йо.,52,,,Субота 30-го тижня. Це ж і мученикам.,
"Йо. 53 зач.; 16, 2-13.",Йо.,53,,,Вівторок 7-го тижня.,Див Мт. 57
"Йо. 54 зач.; 16, 15-23.",Йо.,54,,,Середа 7-го тижня,
"Йо. 55 зач.; 16, 23-33.",Йо.,55,,,Четвер 7-го тижня,
"Йо. 56 зач.; 17, 1-13.",Йо.,56,,,"Неділя 7-ма, святих отців, що в Нікеї",
"Йо. 57 зач.; 17, 18-26.",Йо.,57,,,П'ятниця 7-го тижня,
"Йо. 58 зач.; 18, 1-28.",Йо.,58,,,Євангеліє 2-ге святих страстей,
"Йо. 59 зач.; 18, 29 - 19, 16.",Йо.,59,,,"Євангеліє 4-те святих страстей. Це і на 9-му Часі у велику п'ятницю, не переступаючи",
"Йо. 59 зач.; 18, 28 – 19, 37.",,,,,,
"Йо. 60 зач.; 19, 6-11; 13-20; 25-28; 30-35.",Йо.,60,,?,"14 вересня, на Воздвиження Чесного Хреста на Літургії",
"Йо. 60 зач.; 9, 6-11; 13-20; 25-28; 30-35.",Йо.,60,,?,,неправильний розділ!!!
"Йо. 61 зач.; 19, 25-27; 21, 24-25.",Йо.,61,b,,"26 вересня, і 8 травня, Іванові Богословові на Літургії",2 дні святого?
"Йо. 61 зач.; 19, 25-37.",Йо.,61,a,,Євангеліє 9-те святих страстей. ,
"Йо. 62 зач.; 19, 38-42.",Йо.,62,,,Євангеліє 11-те святих страстей.,
"Йо. 63 зач.; 20, 1-10.",Йо.,63,,,Євангеліє воскресне 7-ме,
"Йо. 64 зач.; 20, 11-18.",Йо.,64,,,Євангеліє воскресне 8-ме,
"Йо. 65 зач.; 20, 19-31.",Йо.,65,,?,Євангеліє воскресне 9-те. Святому апостолові Томі. В неділю антипасхи.,
"Йо. 65 зач.; 20, 19-25.",Йо.,65,,?,В світлу неділю ввечорі.,
"Йо. 65 зач.; 20, 19-23.",Йо.,65,,?,На Утрені в неділю 8-му після Великодня.,
"Йо. 66 зач.; 21, 1-14.",Йо.,66,,,Євангеліє воскресне 10-те,
"Йо. 67 зач.; 21, 15-25.",Йо.,67,,,"Євангеліє воскресне 11-те, і в суботу 7-му на Літургії, на празник Богослова на Утрені, і 17 січня.",17 січня???
"Йо. 86 зач.; 17, 1-13.",Йо.,86,,,,Неправильне зачало
"Лк. 1 зач.; 1, 1-25; 57-68; 76; 80.",Лк.,1,,,"Різдво святого пророк предтечі і Хрестителя Івана, на Літургії",
"Лк. 2 зач.; 1, 5-25.",Лк.,2,,,"23 вересня, на зачаття Івана Хрестителя",
"Лк. 3 зач.; 1, 24-38.",Лк.,3,a,,"Благовіщення Пресвятої Богородиці, на Літургії",
"Лк. 3 зач.; 1, 24-25; 57-68; 76; 80.",Лк.,3,b,,"На різдво Івана Предтечі, на Утрені",
"Лк. 4 зач.; 1, 39-49; 56.",Лк.,4,,,"Благовіщення, на Утрені. Це й на інші свята Пресвятої Богородиці.",
"Лк. 5 зач.; 2, 1-20.",Лк.,5,,,"В навечір'я Різдва Христового, і на 3-му часі",
"Лк. 6 зач.; 2, 20-21; 40-52.",Лк.,6,,,"Обрізання Господнє, на Літургії",
"Лк. 7 зач.; 2, 22-40.",Лк.,7,,,Стрітення Господнє на Літургії,
"Лк. 8 зач.; 2, 25-32.",Лк.,8,,?,"Стрітення Господнє, на Утрені",
"Лк. 8 зач.; 2, 25-38.",Лк.,8,,?,В день пам'яті Симеона богоприїмця,нема в календарі
"Лк. 9 зач.; 3, 1-18.",Лк.,9,,,Навечір'я Богоявлення,
"Лк. 10 зач.; 3, 19-22.",Лк.,10,,,Понеділок 18-го тижня,
"Лк. 11 зач.; 3, 23 – 4, 1.",Лк.,11,,,Вівторок 18-го тижня,
"Лк. 12 зач.; 4, 1-15.",Лк.,12,,,Середа 18-го тижня,
"Лк. 13 зач.; 4, 16-22.",Лк.,13,,,"Четвер 18-го тижня. Це й 1 вересня, на Новий рік",
"Лк. 14 зач.; 4, 22-30.",Лк.,14,,,П'ятниця 18-го тижня. Це й пророкові Іллі,
"Лк. 15 зач.; 4, 31-36.",Лк.,15,,,Субота 18-го тижня,
"Лк. 16 зач.; 4, 37-44.",Лк.,16,,,Понеділок 19-го тижня,
"Лк. 17 зач.; 5, 1-11.",Лк.,17,,,Неділя 18-та,
"Лк. 18 зач.; 5, 12-16.",Лк.,18,,,Вівторок 19-го тижня,
"Лк. 19 зач.; 5, 17-26.",Лк.,19,,,Субота 19-го тижня,
"Лк. 20 зач.; 5, 27-32.",Лк.,20,,,Субота 20-го тижня,
"Лк. 21 зач.; 5, 33-39.",Лк.,21,,,Середа 19-го тижня,
"Лк. 22 зач.; 6, 1-10.",Лк.,22,,,Субота 21-го тижня,
"Лк. 23 зач.; 6, 12-19.",Лк.,23,,,Четвер 19-го тижня,
"Лк. 24 зач.; 6, 17-23.",Лк.,24,,,П'ятниця 19-го тижня. Це ж і преподобним,
"Лк. 25 зач.; 6, 24-30.",Лк.,25,,,Понеділок 20-го тижня,
"Лк. 26 зач.; 6, 31-36.",Лк.,26,,,Неділя 19-та,
"Лк. 27 зач.; 6, 37-45.",Лк.,27,,,Вівторок 20-го тижня,
"Лк. 28 зач.; 6, 46 – 7, 1.",Лк.,28,,,Середа 20-го тижня,
"Лк. 29 зач.; 7, 1-10.",Лк.,29,,,Субота 22-го тижня,
"Лк. 30 зач.; 7, 11-16.",Лк.,30,,,Неділя 20-та,
"Лк. 31 зач.; 7, 17-30.",Лк.,31,,,"Четвер 20-го тижня. Це ж і на знайдення голови Івана Предтечі, на Утрені",
"Лк. 32 зач.; 7, 31-35.",Лк.,32,,,П'ятниця 20-го тижня,
"Лк. 33 зач.; 7, 36-50.",Лк.,33,,,Понеділок 21-го тижня. Це ж і преподобним жінкам,
"Лк. 34 зач.; 8, 1-3.",Лк.,34,,,Вівторок 21-го тижня,
"Лк. 35 зач.; 8, 5-15.",Лк.,35,,,Неділя 21-ша,
"Лк. 36 зач.; 8, 16-21.",Лк.,36,,,Субота 23-го тижня. Це і святій Анні,
"Лк. 37 зач.; 8, 22-25.",Лк.,37,,,Середа 21-го тижня,
"Лк. 38 зач.; 8, 26-39.",Лк.,38,,,Неділя 23-тя,
"Лк. 39 зач.; 8, 41-56.",Лк.,39,,,Неділя 24-та,
"Лк. 40 зач.; 9, 1-6.",Лк.,40,,,Субота 24-го тижня,
"Лк. 41 зач.; 9, 7-11.",Лк.,41,,,Четвер 21-го тижя,
"Лк. 42 зач.; 9, 12-17.",Лк.,42,,,П'ятниця 21-го тижя,
"Лк. 43 зач.; 9, 18-22.",Лк.,43,,,Понеділок 22-го тижня,
"Лк. 44 зач.; 9, 23-27.",Лк.,44,,,Вівторок 22-го тижня,
"Лк. 45 зач.; 9, 28-36.",Лк.,45,,,"Переображення, на Утрені",див Мр. 38 зач.
"Лк. 46 зач.; 9, 37-43.",Лк.,46,,,Субота 25-го тижня,
"Лк. 47 зач.; 9, 44-50.",Лк.,47,,,Середа 22-го тижня,
"Лк. 48 зач.; 9, 49-56.",Лк.,48,a,,Четвер 22-го тижня,
"Лк. 48 зач. (від половини); 9, 51-56; 10, 22-24.",Лк.,48,b,,Святому Обрусові,
"Лк. 49 зач.; 9, 57-62.",Лк.,49,,,Субота 26-го тижня,
"Лк. 50 зач.; 10, 1-15.",Лк.,50,,,П'ятниця 22-го тижня. Це й апостолам,
"Лк. 51 зач.; 10, 16-21.",Лк.,51,b,,Загальне апостолам і ангелам,
"Лк. 51 зач.; 10, 19-21.",Лк.,51,a,,Субота 27-го тижня,
"Лк. 52 зач.; 10, 22-24.",Лк.,52,,,Понеділок 23-го тижня,
"Лк. 53 зач.; 10, 25-37.",Лк.,53,,,Неділя 25-та,
"Лк. 54 зач.; 10, 38-42; 11, 27-28.",Лк.,54,,,На всі празники Богородиці,
"Лк. 54 зач.; 10, 32-42; 11, 27-28.",,,,?,,потребує виправлення
"Лк. 55 зач.; 11, 1-10.",Лк.,55,,,Вівторок 23-го тижня,
"Лк. 56 зач.; 11, 9-13.",Лк.,56,,,Середа 23-го тижня,
"Лк. 57 зач.; 11, 14-23.",Лк.,57,,,Четвер 23-го тижня,
"Лк. 58 зач.; 11, 23-26.",Лк.,58,,,П'ятниця 23-го тижня,
"Лк. 59 зач.; 11, 29-33.",Лк.,59,,,Понеділок 24-го тижня,
"Лк. 60 зач.; 11, 34-41.",Лк.,60,,,Вівторок 24-го тижня,
"Лк. 61 зач.; 11, 42-46.",Лк.,61,,,Середа 24-го тижня,
"Лк. 62 зач.; 11, 47 – 12, 1.",Лк.,62,,,Четвер 24-го тижня,
"Лк. 63 зач.; 12, 2-12.",Лк.,63,,?,П'ятниця 24-го тижня,
"Лк. 63 зач.; 12, 2-7.",Лк.,63,,?,"Святому Юрієві, на Утрені",
"Лк. 64 зач.; 12, 8-12.",Лк.,64,,,"6 листопада, святому ісповідникові Павлові",
"Лк. 65 зач.; 12, 13-15; 22-31.",Лк.,65,,,Понеділок 25-го тижня,
"Лк. 66 зач.; 12, 16-21.",Лк.,66,,,Неділя 26-та,
"Лк. 67 зач.; 12, 32-40.",Лк.,67,,,Субота 28-го тижня,
"Лк. 68 зач.; 12, 42-48.",Лк.,68,,,Вівторок 25-го тижня,
"Лк. 69 зач.; 12, 48-59.",Лк.,69,,,Середа 25-го тижня,
"Лк. 70 зач.; 13, 1-9.",Лк.,70,,,Четвер 25-го тижня,
"Лк. 71 зач.; 13, 10-17.",Лк.,71,,,Неділя 27-ма,
"Лк. 72 зач.; 13, 18-29.",Лк.,72,,,Субота 29-го тижня. Це й перед Різдвом Христовим у суботу,
"Лк. 73 зач.; 13, 31-35.",Лк.,73,,,П'ятниця 25-го тижня,
"Лк. 74 зач.; 14, 1-11.",Лк.,74,,,Субота 30-го тижня,
"Лк. 75 зач.; 14, 12-15.",Лк.,75,,,Понеділок 26-го тижня,
"Лк. 76 зач.; 14, 16-24.",Лк.,76,,,Неділя 28-ма. Це і в неділю праотців,
"Лк. 77 зач.; 14, 25-35.",Лк.,77,,,Вівторок 26-го тижня,
"Лк. 78 зач.; 15, 1-10.",Лк.,78,,,Середа 26-го тижня,
"Лк. 79 зач.; 15, 11-32.",Лк.,79,,,Неділя 34-та про блудного сина,
"Лк. 80 зач.; 16, 1-9.",Лк.,80,,,Четвер 26-го тижня,
"Лк. 81 зач.; 16, 10-15.",Лк.,81,,?,Субота 31-го тижня,
"Лк. 81 зач.; 16, 10-15.<sup>⁎</sup>",Лк.,81,,?,,
"Лк. 82 зач.; 16, 15-18; 17, 1-4.",Лк.,82,,,П'ятниця 26-го тижня,
"Лк. 83 зач.; 16, 19-31.",Лк.,83,,,Неділя 22-га,
"Лк. 84 зач.; 17, 3-10.",Лк.,84,,,Субота 32-го тижня,
"Лк. 85 зач.; 17, 12-19.",Лк.,85,,,Неділя 29-та,
"Лк. 86 зач.; 17, 20-25.",Лк.,86,,,Понеділок 27-го тижня,
"Лк. 87 зач.; 17, 26-37.",Лк.,87,,,Вівторок 27-го тижня,
"Лк. 88 зач.; 18, 2-8.",Лк.,88,,,Субота 33-го тижня,
"Лк. 89 зач.; 18, 10-14.",Лк.,89,,,"Неділя 33-тя, про митаря і фарисея",
"Лк. 90 зач.; 18, 15-17; 26-30.",Лк.,90,,,Середа 27-го тижня,
"Лк. 91 зач.; 18, 18-27.",Лк.,91,,,Неділя 30-та,
"Лк. 92 зач.; 18, 31-34.",Лк.,92,,,Четвер 27-го тижня,
"Лк. 93 зач.; 18, 35-43.",Лк.,93,,?,Неділя 31-ша,
"Лк. 93 зач.; 18, 35-43.<sup>⁎</sup>",Лк.,93,,?,,
"Лк. 94 зач.; 19, 1-10.",Лк.,94,,,Неділя 32-га,
"Лк. 95 зач.; 19, 12-28.",Лк.,95,,,П'ятниця 27-го тижня,
"Лк. 96 зач.; 19, 29-40; 22, 7-39.",Лк.,96,,,Понеділок сирного тижня,
"Лк. 97 зач.; 19, 37-44.",Лк.,97,,,Понеділок 28-го тижня,
"Лк. 98 зач.; 19, 45-48.",Лк.,98,,,Вівторок 28-го тижня,
"Лк. 99 зач.; 20, 1-8.",Лк.,99,,,Середа 28-го тидня,
"Лк. 100 зач.; 20, 9-18.",Лк.,100,,,Четвер 28-го тижня,
"Лк. 101 зач.; 20, 19-26.",Лк.,101,,,П'ятниця 28-го тижня,
"Лк. 102 зач.; 20, 27-44.",Лк.,102,,,Понеділок 29-го тижня,
"Лк. 103 зач.; 20, 45 – 21, 4.",Лк.,103,,,Субота 34-го тижня,
"Лк. 104 зач.; 21, 5-7; 10-11; 20-24.",Лк.,104,,,Середа 29-го тижня,
"Лк. 105 зач.; 21, 8-9; 25-27; 33-36.",Лк.,105,,,Субота м'ясопусна,
"Лк. 106 зач.; 21, 12-19.",Лк.,106,,,Вівторок 29-го тижня,
"Лк. 107 зач.; 21, 28-33.",Лк.,107,,,Четвер 29-го тижня,
"Лк. 108 зач.; 22, 1-39.",Лк.,108,a,,"В святий і великий четвер на Утрені до зач. 109, не переступаючи",тут читання має бути комбіноване з декількох
"Лк. 108 зач.; 21, 37 – 22, 8.",Лк.,108,b,,П'ятниця 29-го тижня,
"Лк. 109 зач.; 22, 39-42; 45 – 23, 1.",Лк.,109,,,Вівторок сирного тижня,
"Лк. 110 зач.; 23, 1-34; 44-56.",Лк.,110,,,Четвер сирного тижня,
"Лк. 111 зач.; 23, 32-49.",Лк.,111,,,Євангеліє 8-ме страстей. Це ж і на 6-му Часі в велику п'ятниці,
"Лк. 112 зач.; 24, 1-12.",Лк.,112,,,Євангеліє 4-те воскресне,
"Лк. 113 зач.; 24, 12-35.",Лк.,113,,,"Вівторок світлого тижня, це й 5-те воскресне",
"Лк. 114 зач.; 24, 36-53.",Лк.,114,,,Євангеліє 6-те воскресне. Це й на Літургії Вознесіння,
"Мр. 1 зач.; 1, 1-8.",Мр.,1,,,Неділя перед Богоявленням. Це ж і на 3-му Часі в навечір'я Богоявлення,
"Мр. 2 зач.; 1, 9-15.",Мр.,2,,?,Понеділок 12-го тижня. Це ж і на 6-му Часі в навечір'я Богоявлення.,
"Мр. 2 зач.; 1, 9-11.",Мр.,2,,?,На Богоявлення на Утрені,
"Мр. 3 зач.; 1, 16-22.",Мр.,3,,,Вівторок 12-го тижня,
"Мр. 4 зач.; 1, 23-28.",Мр.,4,,,Середа 12-го тидня,
"Мр. 5 зач.; 1, 29-35.",Мр.,5,,,Четвер 12-го тижня,
"Мр. 6 зач.; 1, 35-44.",Мр.,6,,,Субота 2-га посту,
"Мр. 7 зач.; 2, 1-12.",Мр.,7,,,Неділя 2-га посту,
"Мр. 8 зач.; 2, 14-17.",Мр.,8,,,Субота 3-тя посту,
"Мр. 9 зач.; 2, 18-22.",Мр.,9,,,П'ятниця 12-го тижня,Неділя 3-тя посту
"Мр. 10 зач.; 2, 23 – 3, 5.",Мр.,10,,,Субота 1-ша посту,
"Мр. 11 зач.; 3, 6-12.",Мр.,11,,,Понеділок 13-го тижня,
"Мр. 12 зач.; 3, 13-19.",Мр.,12,,,Вівторок 13-го тижня,
"Мр. 13 зач.; 3, 20-27.",Мр.,13,,,Середа 13-го тидня,
"Мр. 14 зач.; 3, 28-35.",Мр.,14,,,Четвер 13-го тижня,
"Мр. 15 зач.; 4, 1-9.",Мр.,15,,,П'ятниця 13-го тижня,
"Мр. 16 зач.; 4, 10-23.",Мр.,16,,,Понеділок 14-го тижня,
"Мр. 17 зач.; 4, 24-34.",Мр.,17,,,Вівторок 14-го тижня,
"Мр. 18 зач.; 4, 35-41.",Мр.,18,,,Середа 14-го тидня,
"Мр. 19 зач.; 5, 1-20.",Мр.,19,,,Четвер 14-го тижня,
"Мр. 20 зач.; 5, 22-24; 35 – 6, 1.",Мр.,20,,,П'ятниця 14-го тижня,
"Мр. 21 зач.; 5, 24-34.",Мр.,21,,,Понеділок 15-го тижня,
"Мр. 22 зач.; 6, 1-7.",Мр.,22,,,Вівторок 15-го тижня,
"Мр. 23 зач.; 6, 7-13.",Мр.,23,,,Середа 15-го тидня,
"Мр. 24 зач.; 6, 14-30.",Мр.,24,,,"29 серпня, на Усікновення Предтечі, на Літургії",
"Мр. 25 зач.; 6, 30-45.",Мр.,25,,,Четвер 15-го тижня,
"Мр. 26 зач.; 6, 45-53.",Мр.,26,,,П'ятниця 15-го тижня,
"Мр. 27 зач.; 6, 54 – 7, 8.",Мр.,27,,,Понеділок 16-го тижня,
"Мр. 28 зач.; 7, 5-16.",Мр.,28,,,Вівторок 16-го тижня,
"Мр. 29 зач.; 7, 14-24.",Мр.,29,,,Середа 16-го тидня,
"Мр. 30 зач.; 7, 24-30.",Мр.,30,,,Четвер 16-го тижня,
"Мр. 31 зач.; 7, 31-37.",Мр.,31,,,Субота 4-та посту,
"Мр. 32 зач.; 8, 1-10.",Мр.,32,,,П'ятниця 16-го тижня,
"Мр. 33 зач.; 8, 11-21.",Мр.,33,,,Понеділок 30-го тижня,
"Мр. 34 зач.; 8, 22-26.",Мр.,34,,,Вівторок 30-го тижня,
"Мр. 35 зач.; 8, 27-31.",Мр.,35,,,Субота 5-та посту,
"Мр. 36 зач.; 8, 30-34.",Мр.,36,,,Середа 30-го тидня,
"Мр. 37 зач.; 8, 34 – 9, 1.",Мр.,37,,,Неділя 3-тя посту. Це ж і в неділю після Воздвиження,
"Мр. 38 зач.; 9, 2-9",Мр.,38,,,Переображення на Утрені,
"Мр. 39 зач.; 9, 10-16.",Мр.,39,,,Четвер 30-го тижня,
"Мр. 40 зач.; 9, 17-31.",Мр.,40,,,Неділя 4-та посту,
"Мр. 41 зач.; 9, 33-41.",Мр.,41,,,П'ятниця 30-го тижня. Це й Ігнатію Богоносцеві,
"Мр. 42 зач.; 9, 42 – 10, 1.",Мр.,42,,,Понеділок 31-го тижня,
"Мр. 43 зач.; 10, 2-12.",Мр.,43,,,Вівторок 31-го тижня,
"Мр. 44 зач.; 10, 11-16.",Мр.,44,,,Середа 31-го тидня,
"Мр. 45 зач.; 10, 17-27.",Мр.,45,,,Четвер 31-го тижня,
"Мр. 46 зач.; 10, 23-32.",Мр.,46,,,П'ятниця 31-го тижня,
"Мр. 47 зач.; 10, 32-45.",Мр.,47,,,Неділя 5-та посту,
"Мр. 48 зач.; 10, 46-52.",Мр.,48,,,Понеділок 17-го і 32-го тижня,
"Мр. 49 зач.; 11, 1-11.",Мр.,49,,,Понеділок м'ясопусного тижня,
"Мр. 50 зач.; 11, 11-23.",Мр.,50,,,Вівторок 17-го і 32-го тижня,
"Мр. 51 зач.; 11, 23-26.",Мр.,51,,,Середа 17-го і 32-го тижня,
"Мр. 52 зач.; 11, 27-33.",Мр.,52,,,Четвер 17-го і 32-го тижня,
"Мр. 53 зач.; 12, 1-12.",Мр.,53,,,П'ятниця 17-го і 32-го тижня,
"Мр. 54 зач.; 12, 13-17.",Мр.,54,,,Понеділок 33-го тижня,
"Мр. 55 зач.; 12, 18-27.",Мр.,55,,,Вівторок 33-го тижня,
"Мр. 56 зач.; 12, 28-37.",Мр.,56,,,Середа 33-го тидня,
"Мр. 57 зач.; 12, 38-44.",Мр.,57,,,Четвер 33-го тижня,
"Мр. 58 зач.; 13, 1-8.",Мр.,58,,,П'ятниця 33-го тижня,
"Мр. 59 зач.; 13, 9-13.",Мр.,59,,,Понеділок 34-го тижня,
"Мр. 60 зач.; 13, 14-23.",Мр.,60,,,Вівторок 34-го тижня,
"Мр. 61 зач.; 13, 24-31.",Мр.,61,,,Середа 34-го тидня,
"Мр. 62 зач.; 13, 31 – 14, 2.",Мр.,62,,,Четвер 34-го тижня,
"Мр. 63 зач.; 14, 3-9.",Мр.,63,,,П'ятниця 34-го тижня,
"Мр. 64 зач.; 14, 10-42.",Мр.,64,,,Вівторок м'ясопусного тижня,
"Мр. 65 зач.; 14, 43 – 15, 1.",Мр.,65,,,Середа м'ясопусного тижня,
"Мр. 66 зач.; 15, 1-15.",Мр.,66,,,Четвер м'ясопусного тижня,
"Мр. 67 зач.; 15, 16-32.",Мр.,67,a,,"Євангеліє 6-те святих страстей, не переступаючи. Це ж і ризі Господній на Літургії",
"Мр. 67 зач.; 15, 16-41.",Мр.,67,b,,"На 3-му Часі, не переступаючи",
"Мр. 68 зач.; 15, 22, 25, 33-41.",Мр.,68,,?,П’ятниця м’ясопусного тижня,
"Мр. 68 зач.; 15, 22; 25; 33-41.",Мр.,68,,?,,
"Мр. 69 зач.; 15, 43-47.",Мр.,69,,?,Євангеліє 6-те святих страстей,
"Мр. 69 зач.; 15, 43 – 16, 8.",Мр.,69,,?,"В неділю 3-тю після Пасхи, мироносицям",
"Мр. 70 зач.; 16, 1-8.",Мр.,70,,,Євангеліє 2-ге воскресне,
"Мр. 71 зач.; 16, 9-20.",Мр.,71,,,Євангеліє 3-тє воскресне. Це і на Утрені Вознесіння Христового.,
"Мт. 1 зач.; 1, 1-25.",Мт.,1,,,"Неділя перед Різдвом Христовим, святих отців",
"Мт. 2 зач.; 1, 18-25.",Мт.,2,,,"Різдво Христове, на Утрені",
"Мт. 3 зач.; 2, 1-12.",Мт.,3,,,"Різдво Христове, на Літургії",
"Мт. 4 зач.; 2, 13-23.",Мт.,4,,,"26 грудня, в неділю після Різдва Христового і святим немовлятам",
"Мт. 5 зач.; 3, 1-11.",Мт.,5,,,Субота перед Богоявленням,
"Мт. 6 зач.; 3, 13-17.",Мт.,6,,,"Богоявлення, на Літургії",
"Мт. 7 зач.; 4, 1-11.",Мт.,7,,,Субота після Богоявлення,
"Мт. 8 зач.; 4, 12-17.",Мт.,8,,,Неділя після Богоявлення,
"Мт. 9 зач.; 4, 18-23.",Мт.,9,,,"Неділя 2-га, після всіх святих",
"Мт. 10 зач.; 4, 25 – 5, 13.",Мт.,10,a,,Вівторок 1-го тижня,
"Мт. 10 зач.; 4, 25 – 5, 12.",Мт.,10,c,,Преподобним загальне,
"Мт. 10 зач.; 5, 1-16.",Мт.,10,b,,Всім святим українського народу,
"Мт. 11 зач.; 5, 14-19.",Мт.,11,,?,Святителям загальне,
"Мт. 11 зач.; 5, 4-19.",Мт.,11,,?,,Нема такого зачало. Може не Мт.?
"Мт. 11 зач.; 15, 4-19.",Мт.,11,,?,,
"Мт. 12 зач.; 5, 20-26.",Мт.,12,,,Середа 1-го тижня,
"Мт. 13 зач.; 5, 27-32.",Мт.,13,,,Четвер 1-го тижня,
"Мт. 14 зач.; 5, 33-41.",Мт.,14,,,П'ятниця 1-го тижня,
"Мт. 15 зач.; 5, 42-48.",Мт.,15,,,Субота 1-го тижня,
"Мт. 16 зач.; 6, 1-13.",Мт.,16,,,Субота сиропусна,
"Мт. 17 зач.; 6, 14-21.",Мт.,17,,,Неділя сиропусна,
"Мт. 18 зач.; 6, 22-33.",Мт.,18,,,Неділя 3-тя,
"Мт. 19 зач.; 6, 31-34; 7, 9-11.",Мт.,19,,,Понеділок 2-го тижня,
"Мт. 20 зач.; 7, 1-8.",Мт.,20,,?,"Субота 2-га, після всіх святих",
"Мт. 20 зач.; 7, 7-11.",Мт.,20,,?,На всяке прохання,
"Мт. 21 зач.; 7, 12-21.",Мт.,21,,,Преподобним отцям,
"Мт. 22 зач.; 7, 15-21.",Мт.,22,,,Вівторок 2-го тижня,
"Мт. 23 зач.; 7, 21-23.",Мт.,23,,,Середа 2-го тижня,
"Мт. 24 зач.; 7, 24 – 8, 4.",Мт.,24,,,Субота 3-го тижня,
"Мт. 25 зач.; 8, 5-13.",Мт.,25,,,Неділя 4-та,
"Мт. 26 зач.; 8, 14-23.",Мт.,26,,,Субота 4-го тижня,
"Мт. 27 зач.; 8, 23-27.",Мт.,27,,,Четвер 2-го тижня,
"Мт. 28 зач.; 8, 28 – 9, 1.",Мт.,28,,,Неділя 5-та,
"Мт. 29 зач.; 9, 1-8.",Мт.,29,,,Неділя 6-та,
"Мт. 30 зач.; 9, 9-13.",Мт.,30,,,"Субота 5-го тижня, св. Ап Матея",
"Мт. 31 зач.; 9, 14-17.",Мт.,31,,,П'ятниця 2-го тижня,
"Мт. 32 зач.; 9, 18-26.",Мт.,32,,,Субота 6-го тижня,
"Мт. 33 зач.; 9, 27-35.",Мт.,33,,,Неділя 7-ма,
"Мт. 34 зач.; 9, 36 – 10, 8.",Мт.,34,a,,Понеділок 3-го тижня,
"Мт. 34 зач.; 10, 1; 5-8.",Мт.,34,b,,"1 листопада і 1 липня, святим лікарям",
"Мт. 35 зач.; 10, 9-15.",Мт.,35,,,Вівторок 3-го тижня,
"Мт. 36 зач.; 10, 16-22.",Мт.,36,,,Середа 3-го тижня і мученикам,
"Мт. 37 зач.; 10, 23-31.",Мт.,37,,,Четвер 3-го тижня,
"Мт. 38 зач.; 10, 32-33; 37-38; 19, 27-30.",Мт.,38,a,,"Неділя 1-ша, всім святим",
"Мт. 38 зач.; 10, 32-36; 11, 1.",Мт.,38,b,,П'ятниця 3-го тижня,
"Мт. 39 зач.; 10, 37 – 11, 1.",Мт.,39,,,"Субота 7-ма, і перед Воздвиженням",
"Мт. 40 зач.; 11, 2-15.",Мт.,40,,,Понеділок 4-го тижня. Це й на Літургії на Знайдення голови Предтечі,
"Мт. 41 зач.; 11, 16-20.",Мт.,41,,,Вівторок 4-го тижня,
"Мт. 42 зач.; 11, 20-26.",Мт.,42,,,Середа 4-го тижня,
"Мт. 43 зач.; 11, 25-30.",Мт.,43,,?,,перевірити. мабуть криві стихи
"Мт. 43 зач.; 11, 27-30.",Мт.,43,,?,Четвер 4-го тижня,
"Мт. 44 зач.; 12, 1-8.",Мт.,44,,,П'ятниця 4-го тижня,
"Мт. 45 зач.; 12, 9-13.",Мт.,45,,,Понеділок 5-го тижня,
"Мт. 46 зач.; 12, 15-21.",Мт.,46,b,,Субота після Різдва Христового,
"Мт. 46 зач. (від половини); 12, 15-21.",Мт.,46,,?,Субота після Різдва Христового,
"Мт. 46 зач.; 12, 14-16; 22-30.",Мт.,46,a,,Вівторок 5-го тижня,
"Мт. 47 зач.; 12, 30-37.",Мт.,47,,,Субота 8-го тижня,
"Мт. 48 зач.; 12, 38-45.",Мт.,48,,,Середа 5-го тижня,
"Мт. 49 зач.; 12, 46 – 13, 3.",Мт.,49,,,Четвер 5-го тижня,
"Мт. 50 зач.; 13, 4-9.",Мт.,50,,,П'ятниця 5-го тижня,
"Мт. 51 зач.; 13, 10-23.",Мт.,51,,,Понеділок 6-го тижня,
"Мт. 52 зач.; 13, 24-30.",Мт.,52,,?,Вівторок 6-го тижня,
"Мт. 52 зач.; 13, 24-30; 36-43.",Мт.,52,,?,Ангелам,
"Мт. 53 зач.; 13, 31-36.",Мт.,53,,,Середа 6-го тижня,
"Мт. 54 зач.; 13, 36-43.",Мт.,54,,,Четвер 6-го тижня,
"Мт. 55 зач.; 13, 44-54.",Мт.,55,,,"П'ятниця 6-го тижня. Це й 3 жовтня, св. Діонисію",
"Мт. 56 зач.; 13, 54-58.",Мт.,56,,,Понеділок 7-го тижня,"Йо. 49, теж пн 7-го т"
"Мт. 57 зач.; 14, 1-13.",Мт.,57,,,"Вівторок 7-го тижня. Це й на Усікновення голови Івана Христителя, на Утрені",Йо. 53
"Мт. 58 зач.; 14, 14-22.",Мт.,58,,,Неділя 8-ма,
"Мт. 59 зач.; 14, 22-34.",Мт.,59,,,Неділя 9-та,
"Мт. 60 зач.; 14, 35 – 15, 11.",Мт.,60,,,Середа 7-го тижня,
"Мт. 61 зач.; 15, 12-21.",Мт.,61,,,Четвер 7-го тижня,
"Мт. 62 зач.; 15, 21-28.",Мт.,62,,,Неділя 17-та,
"Мт. 63 зач.; 15, 29-31.",Мт.,63,,,П'ятниця 7-го тижня,
"Мт. 64 зач.; 15, 32-39.",Мт.,64,,,Субота 9-го тижня,
"Мт. 65 зач.; 16, 1-6.",Мт.,65,,,Понеділок 8-го тижня,
"Мт. 66 зач.; 16, 6-12.",Мт.,66,,,Вівкторок 8-го тижня,
"Мт. 67 зач.; 16, 13-19.",Мт.,67,a,,"29 червня, на Літургії",
"Мт. 67 зач.; 16, 13-18.",Мт.,67,b,,Посвячення церкви,
"Мт. 68 зач.; 16, 20-24.",Мт.,68,,,Середа 8-го тижня,
"Мт. 69 зач.; 16, 24-28.",Мт.,69,,,Четвер 8-го тижня,
"Мт. 70 зач.; 17, 1-9.",Мт.,70,,,"Переображення, 6 серпня, на Літургії",
"Мт. 71 зач.; 17, 10-18.",Мт.,71,,,П'ятниця 8-го тижня,
"Мт. 72 зач.; 17, 14-23.",Мт.,72,,,Неділя 10-та,
"Мт. 73 зач.; 17, 24 – 18, 4.",Мт.,73,,,Субота 10-го тижня,
"Мт. 74 зач.; 18, 1-11.",Мт.,74,,,Понеділок 9-го тижня,
"Мт. 75 зач.; 18, 10-20.",Мт.,75,,,Понеділок Святого Духа,
"Мт. 76 зач.; 18, 18-22; 19, 1-2; 13-15.",Мт.,76,,,Вівторок 9-го тижня,
"Мт. 77 зач.; 18, 23-35.",Мт.,77,,,Неділя 11-та,
"Мт. 78 зач.; 19, 3-12.",Мт.,78,,,Субота 11-го тижня,
"Мт. 79 зач.; 19, 16-26.",Мт.,79,,,Неділя 12-та,
"Мт. 80 зач.; 20, 1-16.",Мт.,80,,,"Середа 9-го тижня. Це й 9 береня, святим 40 мученикам, що в Севастії",
"Мт. 81 зач.; 20, 17-28.",Мт.,81,,,Четвер 9-го тижня,
"Мт. 82 зач.; 20, 29-34.",Мт.,82,,,Субота 12-го тижня,
"Мт. 83 зач.; 21, 1-11; 15-17.",Мт.,83,,?,В квітну неділю на Утрені,
"Мт. 83 зач.; 21, 12-14; 17-20.",Мт.,83,,?,П'ятниця 9-го тижня,
"Мт. 84 зач.; 21, 18-43.",Мт.,84,,?,"Цей же і в святий і великий понеділок на Утрені, до зач 88 не переступаючи",
"Мт. 84 зач.; 21, 18-22.",Мт.,84,,?,Понеділок 10-го тижня,
"Мт. 85 зач.; 21, 23-27.",Мт.,85,,,Вівторок 10-го тижня,
"Мт. 86 зач.; 21, 28-32.",Мт.,86,,,Середа 10-го тижня,
"Мт. 87 зач.; 21, 33-42.",Мт.,87,,,Неділя 13-та. Це ж і первомученику Стефанові,
"Мт. 88 зач.; 21, 43-46.",Мт.,88,,,Четвер 10-го тижня,
"Мт. 89 зач.; 22, 1-14.",Мт.,89,,,Неділя 14-та,
"Мт. 90 зач.; 22, 15 – 23, 39.",Мт.,90,,?,Великий вівторок на Утрені,
"Мт. 90 зач.; 22, 15-22.",Мт.,90,,?,Субота 13-го тижня,
"Мт. 91 зач.; 22, 23-33.",Мт.,91,,,П'ятниця 10-го тижня,
"Мт. 92 зач.; 22, 35-46.",Мт.,92,,,Неділя 15-та,
"Мт. 93 зач.; 23, 1-12.",Мт.,93,,,Субота 14-го тижня,
"Мт. 94 зач.; 23, 13-22.",Мт.,94,,,Понеділок 11-го тижня,
"Мт. 95 зач.; 23, 23-28.",Мт.,95,,,Вівторок 11-го тижня,
"Мт. 96 зач.; 23, 29-39.",Мт.,96,,,Середа 11-го тижня,
"Мт. 97 зач.; 24, 1-13.",Мт.,97,,,Субота 15-го тижня,
"Мт. 98 зач.; 24, 3-35.",Мт.,98,,,У святий і великий понеділок на Літургії,
"Мт. 99 зач.; 24, 13-28.",Мт.,99,,,Четвер 11 тижня,
"Мт. 100 зач.; 24, 27-33; 42-51.",Мт.,100,,,П'ятниця 11 тижня,
"Мт. 101 зач.; 24, 34-44.",Мт.,101,,,Субота 16-го тижня,
"Мт. 102 зач.; 24, 36 – 26, 2.",Мт.,102,,,У святий і великий вівторок на Літургії,
"Мт. 103 зач.; 24, 42-47",Мт.,103,,,"30 вересня, св. Григорія Вірменського",
"Мт. 104 зач.; 25, 1-13.",Мт.,104,,,Субота 17-го тижня. Це і святій первомучениці Теклі й іншим мученицям,
"Мт. 105 зач.; 25, 14-30.",Мт.,105,,,Неділя 16-та,
"Мт. 106 зач.; 25, 31-46.",Мт.,106,,,Неділя м'ясопусна,
"Мт. 107 зач.; 26, 1-20; Йо. 13, 3-17; Мт. 26, 21-39; Лк. 22, 43-45; Мт. 26, 40 – 27, 2.",Мт.,107,,,У святий і великий четвер на Літургії,
"Мт. 108 зач.; 26, 6-16.",Мт.,108,,,У велику середу на Літургії,
"Мт. 109 зач.; 26, 57-75.",Мт.,109,,,Євангеліє 3-тє святих страстей,
"Мт. 110 зач.; 27, 1-56.",Мт.,110,,?,У велику п'ятницю на 1-му Часі,
"Мт. 110 зач.; 27, 1-38; Лк. 23, 39-43; Мт. 27, 39-54; Йо. 19, 31-37; Мт. 27, 55-61.",Мт.,110,,?,У велику п'ятницю ввечері,
"Мт. 111 зач.; 27, 3-32",Мт.,111,,,Євангеліє 5-тє святих страстей,
"Мт. 112 зач.; 27, 27-32",Мт.,112,,,На поклоніння чесному Древу. Це ж і ризі Господній на Утрені,
"Мт. 113 зач.; 27, 33-54",Мт.,113,,,Євангеліє 7-ме святих страстей,
"Мт. 114 зач.; 27, 62-66.",Мт.,114,,,Євангеліє 12-те святих страстей. Це  ж і у велику суботу на Утрені,
"Мт. 115 зач.; 28, 1-20.",Мт.,115,,,У велику суботу на Літургії,
"Мт. 116 зач.; 28, 16-20.",Мт.,116,,,Євангеліє 1-ше воскресне,